Workbook

Sheet Auto -  Printable
C1: Rounds [Min Points] | D1: 1 | F1: 2 | H1: 3 | J1: 4 | L1: 5 | N1: 6 | P1: 7 | R1: 8 | T1: 9 | V1: 10 | X1: 11 | Z1: 12 | AB1: 13 | AD1: 14 | AF1: 15 | AH1: 16 | AJ1: 17 | AL1: 18
B2: WEEK | D2: Apr 29th | F2: May 6th | H2: May 13th | J2: May 20th | L2: May 27th | N2: June 3rd | P2: June 17th | R2: June 24th | T2: July 1st | V2: July 8th | X2: July 15th | Z2: July 22nd | AB2: July 29th | AD2: Aug 5th | AF2: Aug 12th | AH2: Aug 19th | AJ2: Aug 26th | AL2: Sept 2nd | AN2: TOTAL | AO2: AVG
B3: Side Game | D3: Closest to Pin | F3: Most Net Pars | H3: Most Under Par | J3: Skins | L3: Closest to Pin | N3: Most Net Pars | P3: Most Under Par | R3: Skins | T3: Closest to Pin | V3: Most Net Pars | X3: Most Under Par | Z3: Skins | AB3: Closest to Pin | AD3: Most Net Pars | AF3: Most Under Par | AH3: Skins | AJ3: Closest to Pin | AL3: Most Net Pars
B4: Winner | D4: RA,MB,JP,HBH | H4: HBH, MW, Bags | J4: JBx3, CPx2, MBx2, KC, MWx2 | L4: CP | N4: HBH, NC, MJ, KC | P4: JS, MW, MB, SP | R4: KCx2, CK, JS, ABx2, CM, SP | T4: Bagger | V4: BMx2, CM, JB
B5: TEES | D5: Blue | F5: Rain Out | H5: Black | J5: White | L5: Blue | N5: Black | P5: White | R5: Blue | T5: Black | V5: White | X5: Blue | Z5: Black | AB5: White | AD5: Blue | AF5: Black | AH5: White | AJ5: Blue | AL5: Black
A6: 1 | B6: Jeff Madden | C6: 8 | D6: 77 | E6: 36 | H6: 83 | I6: 26.5 | L6: 85 | M6: 31 | N6: 85 | O6: 23 | P6: 80 | Q6: 26.5 | R6: 79 | S6: 25.5 | T6: 80 | U6: 28.5 | V6: 75 | W6: 29.5 | AN6: 226.5 | AO6: 28.3125
A7: 1.13 | B7: Harvey Points | D7: 40 | E7: 18 | H7: 37 | I7: 14 | L7: 33 | M7: 14 | N7: 35 | O7: 13.5 | P7: 34 | Q7: 10.5 | R7: 37 | S7: 17 | T7: 38 | U7: 15 | V7: 37 | W7: 15.5 | AN7: 36.375 | AO7: 14.6875
A8: 1.023 | B8: cash +/- | C8: 23 | D8: 35 | E8: 18 | H8: 4 | I8: 12.5 | L8: 38 | M8: 17 | N8: -0.001 | O8: 9.5 | P8: 16 | Q8: 16 | R8: -2 | S8: 8.5 | T8: 5 | U8: 13.5 | V8: 16 | W8: 14 | AN8: 111.999 | AO8: 13.625
A9: 2 | B9: Ben McGinnis | C9: 8 | D9: 80 | E9: 23 | J9: 81 | K9: 21.5 | L9: 83 | M9: 29 | N9: 84 | O9: 17.5 | P9: 79 | Q9: 21.5 | R9: 79 | S9: 29.5 | T9: 76 | U9: 35 | V9: 81 | W9: 18 | AN9: 195 | AO9: 24.375
A10: 2.15 | B10: Harvey Points | D10: 34 | E10: 16 | J10: 32 | K10: 12.5 | L10: 33 | M10: 14 | N10: 34 | O10: 11.5 | P10: 36 | Q10: 13.5 | R10: 36 | S10: 15.5 | T10: 41 | U10: 18 | V10: 33 | W10: 9.5 | AN10: 34.875 | AO10: 13.8125
A11: 2.025 | B11: cash +/- | C11: 17.5 | D11: -10 | E11: 7 | J11: -15 | K11: 9 | L11: 20 | M11: 15 | N11: -16 | O11: 6 | P11: -4 | Q11: 8 | R11: 12 | S11: 14 | T11: 25 | U11: 17 | V11: -8 | W11: 8.5 | AN11: 4 | AO11: 10.5625
A12: 3 | B12: Matt White | C12: 8 | D12: 84 | E12: 20.5 | H12: 79 | I12: 31 | J12: 82 | K12: 26.5 | L12: 86 | M12: 26.5 | N12: 84 | O12: 23.5 | P12: 80 | Q12: 25.5 | R12: 83 | S12: 25.5 | T12: 96 | U12: 14 | AN12: 193 | AO12: 24.125
A13: 3.11 | B13: Harvey Points | D13: 32 | E13: 12.5 | H13: 39 | I13: 15 | J13: 32 | K13: 12.5 | L13: 30 | M13: 8.5 | N13: 34 | O13: 11.5 | P13: 34 | Q13: 10.5 | R13: 33 | S13: 11.5 | T13: 23 | U13: 3 | AN13: 32.125 | AO13: 10.625
A14: 3.021 | B14: cash +/- | C14: 14 | D14: -9 | E14: 8 | H14: 30 | I14: 16 | J14: 43 | K14: 14 | L14: 40 | M14: 18 | N14: 1 | O14: 12 | P14: 8 | Q14: 15 | R14: 12 | S14: 14 | T14: 3 | U14: 11 | AN14: 128 | AO14: 13.5
A15: 4 | B15: Chris Preston | C15: 9 | D15: 82 | E15: 22 | H15: 81 | I15: 23.5 | J15: 76 | K15: 26 | L15: 80 | M15: 22 | N15: 85 | O15: 11.5 | P15: 76 | Q15: 23.5 | R15: 74 | S15: 28.5 | T15: 80 | U15: 16.5 | V15: 74 | W15: 18.5 | AN15: 192 | AO15: 21.333333
A16: 4.12 | B16: Harvey Points | D16: 29 | E16: 6 | H16: 32 | I16: 11 | J16: 33 | K16: 14 | L16: 33 | M16: 14 | N16: 29 | O16: 7.5 | P16: 34 | Q16: 10.5 | R16: 38 | S16: 18 | T16: 33 | U16: 8.5 | V16: 34 | W16: 11.5 | AN16: 32.777778 | AO16: 11.222222
A17: 4.022 | B17: cash +/- | C17: 11.5 | D17: 12 | E17: 16 | H17: 4 | I17: 12.5 | J17: 13 | K17: 12 | L17: -6 | M17: 8 | N17: -28 | O17: 4 | P17: 4 | Q17: 13 | R17: -0.0001 | S17: 10.5 | T17: -9 | U17: 8 | V17: -18 | W17: 7 | AN17: -28.0001 | AO17: 10.111111
A18: 5 | B18: Nathan Copley | C18: 7 | D18: 85 | E18: 22 | L18: 80 | M18: 34 | N18: 80 | O18: 32.5 | P18: 74 | Q18: 22 | R18: 81 | S18: 21.5 | T18: 83 | U18: 23.5 | V18: 77 | W18: 18 | AN18: 173.5 | AO18: 24.785714
A19: 5.111 | B19: Harvey Points | D19: 32 | E19: 12.5 | L19: 37 | M19: 18 | N19: 37 | O19: 16.5 | P19: 39 | Q19: 15.5 | R19: 34 | S19: 13 | T19: 33 | U19: 8.5 | V19: 33 | W19: 9.5 | AN19: 35 | AO19: 13.357143
A20: 5.0211 | B20: cash +/- | C20: 18 | D20: -8 | E20: 9.5 | L20: 28 | M20: 16 | N20: 17 | O20: 16 | P20: -8 | Q20: 6.5 | R20: -2 | S20: 8.5 | T20: 13 | U20: 15 | V20: -8 | W20: 8.5 | AN20: 32 | AO20: 11.428571
A21: 6 | B21: Kyle Cox | C21: 7 | D21: 83 | E21: 26.5 | J21: 84 | K21: 24 | L21: 87 | M21: 23 | N21: 83 | O21: 29 | R21: 88 | S21: 10.5 | T21: 81 | U21: 33 | V21: 84 | W21: 22 | AN21: 168 | AO21: 24
A22: 6.14 | B22: Harvey Points | D22: 33 | E22: 14.5 | J22: 30 | K22: 11 | L22: 31 | M22: 11 | N22: 36 | O22: 15 | R22: 29 | S22: 6.5 | T22: 38 | U22: 15 | V22: 30 | W22: 8 | AN22: 32.428571 | AO22: 11.571429
A23: 6.024 | B23: cash +/- | C23: 10.5 | D23: 5 | E23: 12 | J23: 41 | K23: 13 | L23: 8 | M23: 12 | N23: 12 | O23: 14 | R23: -32 | S23: 4 | T23: 29 | U23: 18 | V23: 16 | W23: 14 | AN23: 79 | AO23: 12.428571
A24: 7 | B24: Scotty Pierson | C24: 7 | D24: 96 | E24: 27 | H24: 89 | I24: 31 | L24: 100 | M24: 12 | N24: 92 | O24: 34.5 | P24: 89 | Q24: 21.5 | R24: 93 | S24: 22 | V24: 86 | W24: 19.5 | AN24: 167.5 | AO24: 23.928571
A25: 7.16 | B25: Harvey Points | D25: 31 | E25: 10 | H25: 40 | I25: 16 | L25: 27 | M25: 7 | N25: 37 | O25: 16.5 | P25: 34 | Q25: 10.5 | R25: 32 | S25: 10 | V25: 36 | W25: 13.5 | AN25: 33.857143 | AO25: 11.928571
A26: 7.026 | B26: cash +/- | C26: 12 | D26: 27 | E26: 17 | H26: 21 | I26: 15 | L26: -20 | M26: 5 | N26: 28 | O26: 18 | P26: 2 | Q26: 11 | R26: 8 | S26: 12 | V26: -20 | W26: 6 | AN26: 46 | AO26: 12
A27: 8 | B27: Ronnie A. | C27: 7 | D27: 77 | E27: 31.5 | H27: 87 | I27: 15 | L27: 81 | M27: 23.5 | N27: 84 | O27: 23 | P27: 82 | Q27: 16 | T27: 87 | U27: 10 | V27: 76 | W27: 29.5 | AN27: 148.5 | AO27: 21.214286
A28: 8.17 | B28: Harvey Points | D28: 39 | E28: 17 | H28: 31 | I28: 10 | L28: 34 | M28: 16.5 | N28: 33 | O28: 10 | P28: 30 | Q28: 5 | T28: 30 | U28: 7 | V28: 36 | W28: 13.5 | AN28: 33.285714 | AO28: 11.285714
A29: 8.027 | B29: cash +/- | C29: 10 | D29: 10 | E29: 14.5 | H29: -32 | I29: 5 | L29: -8 | M29: 7 | N29: 10 | O29: 13 | P29: 2 | Q29: 11 | T29: -33 | U29: 3 | V29: 28 | W29: 16 | AN29: -23 | AO29: 9.9285714
A30: 9 | B30: Chris McNeely | C30: 7 | D30: 96 | E30: 24.5 | H30: 95 | I30: 27 | L30: 102 | M30: 9 | N30: 98 | O30: 18.5 | R30: 99 | S30: 9.5 | T30: 87 | U30: 30.5 | V30: 89 | W30: 23.5 | AN30: 142.5 | AO30: 20.357143
A31: 9.19 | B31: Harvey Points | D31: 31 | E31: 10 | H31: 35 | I31: 13 | L31: 23 | M31: 6 | N31: 30 | O31: 9 | R31: 25 | S31: 3 | T31: 40 | U31: 17 | V31: 34 | W31: 11.5 | AN31: 31.142857 | AO31: 9.9285714
A32: 9.029 | B32: cash +/- | C32: 9 | D32: 10 | E32: 14.5 | H32: 17 | I32: 14 | L32: -74 | M32: 3 | N32: -0.001 | O32: 9.5 | R32: -10 | S32: 6.5 | T32: 5 | U32: 13.5 | V32: 12 | W32: 12 | AN32: -40.001 | AO32: 10.428571
A33: 10 | B33: Josh Stoll | C33: 8 | D33: 93 | E33: 10.5 | H33: 101 | I33: 14.5 | L33: 92 | M33: 25 | N33: 96 | O33: 24.5 | P33: 87 | Q33: 15.5 | R33: 90 | S33: 18.5 | T33: 89 | U33: 17 | V33: 92 | W33: 10 | AN33: 135.5 | AO33: 16.9375
A34: 10.113 | B34: Harvey Points | D34: 30 | E34: 7.5 | H34: 24 | I34: 6 | L34: 31 | M34: 11 | N34: 29 | O34: 7.5 | P34: 31 | Q34: 6.5 | R34: 30 | S34: 8 | T34: 34 | U34: 11 | V34: 25 | W34: 5 | AN34: 29.25 | AO34: 7.8125
A35: 10.0213 | B35: cash +/- | C35: 10 | D35: -27 | E35: 3 | H35: -9 | I35: 8.5 | L35: 18 | M35: 14 | N35: 21 | O35: 17 | P35: -2 | Q35: 9 | R35: -0.0001 | S35: 10.5 | T35: -13 | U35: 6 | V35: -50 | W35: 5 | AN35: -62.0001 | AO35: 9.125
A36: 11 | B36: Mike Bonner | C36: 6 | D36: 89 | E36: 18.5 | H36: 91 | I36: 19 | J36: 93 | K36: 17 | P36: 80 | Q36: 22 | T36: 89 | U36: 15 | V36: 81 | W36: 29.5 | AN36: 121 | AO36: 20.166667
A37: 11.112 | B37: Harvey Points | D37: 33 | E37: 14.5 | H37: 33 | I37: 12 | J37: 26 | K37: 7 | P37: 39 | Q37: 15.5 | T37: 34 | U37: 11 | V37: 37 | W37: 15.5 | AN37: 33.666667 | AO37: 12.583333
A38: 11.0212 | B38: cash +/- | C38: 15 | D38: -15 | E38: 4 | H38: -12 | I38: 7 | J38: -13 | K38: 10 | P38: -8 | Q38: 6.5 | T38: -21 | U38: 4 | V38: 16 | W38: 14 | AN38: -53 | AO38: 7.5833333
A39: 12 | B39: Jay Patterson | C39: 7 | D39: 87 | E39: 9.5 | J39: 84 | K39: 16.5 | L39: 85 | M39: 17.5 | N39: 91 | O39: 12 | P39: 77 | Q39: 24.5 | R39: 85 | S39: 15.5 | T39: 84 | U39: 20 | AN39: 115.5 | AO39: 16.5
A40: 12.115 | B40: Harvey Points | D40: 28 | E40: 4.5 | J40: 28 | K40: 8.5 | L40: 30 | M40: 8.5 | N40: 26 | O40: 5 | P40: 36 | Q40: 13.5 | R40: 31 | S40: 9 | T40: 34 | U40: 11 | AN40: 30.428571 | AO40: 8.5714286
A41: 12.0215 | B41: cash +/- | C41: 9.5 | D41: -12 | E41: 5 | J41: -17 | K41: 8 | L41: 4 | M41: 9 | N41: -4 | O41: 7 | P41: 2 | Q41: 11 | R41: -10 | S41: 6.5 | T41: -5 | U41: 9 | AN41: -42 | AO41: 7.9285714
A42: 13 | B42: Jeff Biederman | C42: 5 | D42: 90 | E42: 23 | J42: 91 | K42: 19.5 | L42: 94 | M42: 23 | R42: 87 | S42: 29.5 | V42: 93 | W42: 17 | AN42: 112 | AO42: 22.4
A43: 13.18 | B43: Harvey Points | D43: 31 | E43: 10 | J43: 28 | K43: 8.5 | L43: 31 | M43: 11 | R43: 36 | S43: 15.5 | V43: 28 | W43: 7 | AN43: 30.8 | AO43: 10.4
A44: 13.028 | B44: cash +/- | C44: 17 | D44: 6 | E44: 13 | J44: -11 | K44: 11 | L44: 8 | M44: 12 | R44: 12 | S44: 14 | V44: 6 | W44: 10 | AN44: 21 | AO44: 12
A45: 14 | B45: Alan Beasley | C45: 7 | D45: 97 | E45: 9 | H45: 125 | I45: 11 | L45: 107 | M45: 14 | N45: 112 | O45: 8 | R45: 98 | S45: 23.5 | T45: 105 | U45: 15 | V45: 98 | W45: 17 | AN45: 97.5 | AO45: 13.928571
A46: 14.116 | B46: Harvey Points | D46: 26 | E46: 3 | H46: 8 | I46: 5 | L46: 19 | M46: 4 | N46: 18 | O46: 3 | R46: 29 | S46: 6.5 | T46: 26 | U46: 4 | V46: 27 | W46: 6 | AN46: 21.857143 | AO46: 4.5833333
A47: 14.0216 | B47: cash +/- | C47: 8 | D47: -11 | E47: 6 | H47: -15 | I47: 6 | L47: 6 | M47: 10 | N47: -18 | O47: 5 | R47: 24 | S47: 17 | T47: 3 | U47: 11 | V47: 10 | W47: 11 | AN47: -1 | AO47: 9.4285714
A48: 15 | B48: A. Dawson | C48: 4 | D48: 99 | E48: 15.5 | H48: 103 | I48: 18 | N48: 85 | O48: 27.5 | T48: 93 | U48: 29 | AN48: 90 | AO48: 22.5
A49: 15.117 | B49: Harvey Points | D49: 28 | E49: 4.5 | H49: 26 | I49: 8 | N49: 43 | O49: 18 | T49: 35 | U49: 13 | AN49: 33 | AO49: 10.875
A50: 15.0217 | B50: cash +/- | C50: 15.5 | D50: -5 | E50: 11 | H50: -2 | I50: 10 | N50: -0.001 | O50: 9.5 | T50: 21 | U50: 16 | AN50: 13.999 | AO50: 11.625
A51: 16 | B51: Chris Keaton | C51: 6 | D51: 99 | E51: 17 | H51: 103 | I51: 17.5 | L51: 107 | M51: 9 | N51: 108 | O51: 7 | R51: 100 | S51: 22 | T51: 103 | U51: 10 | AN51: 82.5 | AO51: 13.75
A52: 16.114 | B52: Harvey Points | D52: 30 | E52: 7.5 | H52: 27 | I52: 9 | L52: 21 | M52: 5 | N52: 22 | O52: 4 | R52: 27 | S52: 4 | T52: 27 | U52: 5 | AN52: 25.666667 | AO52: 5.75
A53: 16.0214 | B53: cash +/- | C53: 7 | D53: -8 | E53: 9.5 | H53: -9 | I53: 8.5 | L53: -54 | M53: 4 | N53: -39 | O53: 3 | R53: 28 | S53: 18 | T53: -15 | U53: 5 | AN53: -97 | AO53: 8
A54: 17 | B54: Matt Jaquint | C54: 5 | H54: 101 | I54: 18 | L54: 107 | M54: 9 | N54: 100 | O54: 21 | P54: 91 | Q54: 20.5 | T54: 99 | U54: 13 | AN54: 81.5 | AO54: 16.3
A55: 17.118 | B55: Harvey Points | H55: 25 | I55: 7 | L55: 17 | M55: 3 | N55: 27 | O55: 6 | P55: 31 | Q55: 6.5 | T55: 28 | U55: 6 | AN55: 25.6 | AO55: 5.7
A56: 17.0218 | B56: cash +/- | C56: 9 | H56: 3 | I56: 11 | L56: -16 | M56: 6 | N56: 16 | O56: 15 | P56: 6 | Q56: 14 | T56: -11 | U56: 7 | AN56: -2 | AO56: 10.6
A57: 18 | B57: Sean Wilson | C57: 2 | J57: 91 | K57: 17 | T57: 88 | U57: 26 | AN57: 43 | AO57: 21.5
A58: 18.19 | B58: Harvey Points | J58: 29 | K58: 10 | T58: 38 | U58: 15 | AN58: 33.5 | AO58: 12.5
A59: 18.0219 | B59: cash +/- | C59: 17 | J59: -41 | K59: 7 | T59: 3 | U59: 11 | AN59: -38 | AO59: 9
A60: 19 | B60: Moses | C60: 0 | AN60: 0 | AO60: 0
A61: 19.121 | B61: Harvey Points | AN61: 0 | AO61: 0
A62: 19.0221 | B62: cash +/- | C62: 0 | AN62: 0 | AO62: 0
B65: AVERAGE | D65: =AVERAGE(E6,E9,E12,E15,E18,E21,E24,E27,E30,E33,E36,E39,E42,E45,E48,E51,E54,E57,E60) -> 21 | F65: =AVERAGE(G6,G9,G12,G15,G18,G21,G24,G27,G30,G33,G36,G39,G42,G45,G48,G51,G54,G57,G60) -> #DIV/0! | H65: =AVERAGE(I6,I9,I12,I15,I18,I21,I24,I27,I30,I33,I36,I39,I42,I45,I48,I51,I54,I57,I60) -> 21 | J65: =AVERAGE(K6,K9,K12,K15,K18,K21,K24,K27,K30,K33,K36,K39,K42,K45,K48,K51,K54,K57,K60) -> 21 | L65: =AVERAGE(M6,M9,M12,M15,M18,M21,M24,M27,M30,M33,M36,M39,M42,M45,M48,M51,M54,M57,M60) -> 20.5 | N65: =AVERAGE(O6,O9,O12,O15,O18,O21,O24,O27,O30,O33,O36,O39,O42,O45,O48,O51,O54,O57,O60) -> 20.866667 | P65: =AVERAGE(Q6,Q9,Q12,Q15,Q18,Q21,Q24,Q27,Q30,Q33,Q36,Q39,Q42,Q45,Q48,Q51,Q54,Q57,Q60) -> 21.727273 | R65: =AVERAGE(S6,S9,S12,S15,S18,S21,S24,S27,S30,S33,S36,S39,S42,S45,S48,S51,S54,S57,S60) -> 21.653846 | T65: =AVERAGE(U6,U9,U12,U15,U18,U21,U24,U27,U30,U33,U36,U39,U42,U45,U48,U51,U54,U57,U60) -> 21 | V65: =AVERAGE(W6,W9,W12,W15,W18,W21,W24,W27,W30,W33,W36,W39,W42,W45,W48,W51,W54,W57,W60) -> 21 | X65: =AVERAGE(Y6,Y9,Y12,Y15,Y18,Y21,Y24,Y27,Y30,Y33,Y36,Y39,Y42,Y45,Y48,Y51,Y54,Y57,Y60) -> #DIV/0! | Z65: =AVERAGE(AA6,AA9,AA12,AA15,AA18,AA21,AA24,AA27,AA30,AA33,AA36,AA39,AA42,AA45,AA48,AA51,AA54,AA57,AA60) -> #DIV/0! | AB65: =AVERAGE(AC6,AC9,AC12,AC15,AC18,AC21,AC24,AC27,AC30,AC33,AC36,AC39,AC42,AC45,AC48,AC51,AC54,AC57,AC60) -> #DIV/0! | AD65: =AVERAGE(AE6,AE9,AE12,AE15,AE18,AE21,AE24,AE27,AE30,AE33,AE36,AE39,AE42,AE45,AE48,AE51,AE54,AE57,AE60) -> #DIV/0! | AF65: =AVERAGE(AG6,AG9,AG12,AG15,AG18,AG21,AG24,AG27,AG30,AG33,AG36,AG39,AG42,AG45,AG48,AG51,AG54,AG57,AG60) -> #DIV/0! | AH65: =AVERAGE(AI6,AI9,AI12,AI15,AI18,AI21,AI24,AI27,AI30,AI33,AI36,AI39,AI42,AI45,AI48,AI51,AI54,AI57,AI60) -> #DIV/0! | AJ65: =AVERAGE(AK6,AK9,AK12,AK15,AK18,AK21,AK24,AK27,AK30,AK33,AK36,AK39,AK42,AK45,AK48,AK51,AK54,AK57,AK60) -> #DIV/0! | AL65: =AVERAGE(AM6,AM9,AM12,AM15,AM18,AM21,AM24,AM27,AM30,AM33,AM36,AM39,AM42,AM45,AM48,AM51,AM54,AM57,AM60) -> #DIV/0! | AM65: =AVERAGE(AN6,AN9,AN12,AN15,AN18,AN21,AN24,AN27,AN30,AN33,AN39,AN42,AN45,AN48,AN51,AN54,AN57,AN60) -> 131.33333
T67: =U6+U9+U12+U15+U18+U21+U24+U27+U30+U33+U36+U39+U42+U45+U48+U51+U54+U57+U60 -> 336 | V67: =W6+W9+W12+W15+W18+W21+W24+W27+W30+W33+W36+W39+W42+W45+W48+W51+W54+W57+W60 -> 252 | X67: =Y6+Y9+Y12+Y15+Y18+Y21+Y24+Y27+Y30+Y33+Y36+Y39+Y42+Y45+Y48+Y51+Y54+Y57+Y60 -> 0 | Z67: =AA6+AA9+AA12+AA15+AA18+AA21+AA24+AA27+AA30+AA33+AA36+AA39+AA42+AA45+AA48+AA51+AA54+AA57+AA60 -> 0 | AB67: =AC6+AC9+AC12+AC15+AC18+AC21+AC24+AC27+AC30+AC33+AC36+AC39+AC42+AC45+AC48+AC51+AC54+AC57+AC60 -> 0 | AD67: =AE6+AE9+AE12+AE15+AE18+AE21+AE24+AE27+AE30+AE33+AE36+AE39+AE42+AE45+AE48+AE51+AE54+AE57+AE60 -> 0 | AF67: =AG6+AG9+AG12+AG15+AG18+AG21+AG24+AG27+AG30+AG33+AG36+AG39+AG42+AG45+AG48+AG51+AG54+AG57+AG60 -> 0 | AH67: =AI6+AI9+AI12+AI15+AI18+AI21+AI24+AI27+AI30+AI33+AI36+AI39+AI42+AI45+AI48+AI51+AI54+AI57+AI60 -> 0 | AJ67: =AK6+AK9+AK12+AK15+AK18+AK21+AK24+AK27+AK30+AK33+AK36+AK39+AK42+AK45+AK48+AK51+AK54+AK57+AK60 -> 0 | AL67: =AM6+AM9+AM12+AM15+AM18+AM21+AM24+AM27+AM30+AM33+AM36+AM39+AM42+AM45+AM48+AM51+AM54+AM57+AM60 -> 0 | AM67: =AN6+AN9+AN12+AN15+AN18+AN21+AN24+AN27+AN30+AN33+AN36+AN39+AN42+AN45+AN48+AN51+AN54+AN57+AN60 -> 2485
T69: =+Standings!DJ73+Standings!DJ77+Standings!DJ80+Standings!DJ83+Standings!DJ86+Standings!DJ89+Standings!DJ92+Standings!DJ95+Standings!DJ98+Standings!DJ101+Standings!DJ104+T67 -> #VALUE! | V69: =+Standings!DL73+Standings!DL77+Standings!DL80+Standings!DL83+Standings!DL86+Standings!DL89+Standings!DL92+Standings!DL95+Standings!DL98+Standings!DL101+Standings!DL104+V67 -> #VALUE! | X69: =+Standings!DN73+Standings!DN77+Standings!DN80+Standings!DN83+Standings!DN86+Standings!DN89+Standings!DN92+Standings!DN95+Standings!DN98+Standings!DN101+Standings!DN104+X67 -> #VALUE! | Z69: =+Standings!DP73+Standings!DP77+Standings!DP80+Standings!DP83+Standings!DP86+Standings!DP89+Standings!DP92+Standings!DP95+Standings!DP98+Standings!DP101+Standings!DP104+Z67 -> #VALUE! | AB69: =+Standings!DR73+Standings!DR77+Standings!DR80+Standings!DR83+Standings!DR86+Standings!DR89+Standings!DR92+Standings!DR95+Standings!DR98+Standings!DR101+Standings!DR104+AB67 -> #VALUE! | AD69: =+Standings!DT73+Standings!DT77+Standings!DT80+Standings!DT83+Standings!DT86+Standings!DT89+Standings!DT92+Standings!DT95+Standings!DT98+Standings!DT101+Standings!DT104+AD67 -> #VALUE! | AF69: =+Standings!DV73+Standings!DV77+Standings!DV80+Standings!DV83+Standings!DV86+Standings!DV89+Standings!DV92+Standings!DV95+Standings!DV98+Standings!DV101+Standings!DV104+AF67 -> #VALUE! | AH69: =+Standings!DX73+Standings!DX77+Standings!DX80+Standings!DX83+Standings!DX86+Standings!DX89+Standings!DX92+Standings!DX95+Standings!DX98+Standings!DX101+Standings!DX104+AH67 -> #VALUE! | AJ69: =+Standings!DZ73+Standings!DZ77+Standings!DZ80+Standings!DZ83+Standings!DZ86+Standings!DZ89+Standings!DZ92+Standings!DZ95+Standings!DZ98+Standings!DZ101+Standings!DZ104+AJ67 -> #VALUE! | AL69: =+Standings!EB73+Standings!EB77+Standings!EB80+Standings!EB83+Standings!EB86+Standings!EB89+Standings!EB92+Standings!EB95+Standings!EB98+Standings!EB101+Standings!EB104+AL67 -> #VALUE!

Sheet Standings
F1: Rounds [Min Points] | CS1: 1 | CU1: =CS1+1 -> 2 | CW1: =CU1+1 -> 3 | CY1: =CW1+1 -> 4 | DA1: =CY1+1 -> 5 | DC1: =DA1+1 -> 6 | DE1: =DC1+1 -> 7 | DG1: =DE1+1 -> 8 | DI1: =DG1+1 -> 9 | DK1: =DI1+1 -> 10 | DM1: =DK1+1 -> 11 | DO1: =DM1+1 -> 12 | DQ1: =DO1+1 -> 13 | DS1: =DQ1+1 -> 14 | DU1: =DS1+1 -> 15 | DW1: =DU1+1 -> 16 | DY1: =DW1+1 -> 17 | EA1: =DY1+1 -> 18
E2: WEEK | CS2: Apr 29th | CU2: May 6th | CW2: May 13th | CY2: May 20th | DA2: May 27th | DC2: June 3rd | DE2: June 17th | DG2: June 24th | DI2: July 1st | DK2: July 8th | DM2: July 15th | DO2: July 22nd | DQ2: July 29th | DS2: Aug 5th | DU2: Aug 12th | DW2: Aug 19th | DY2: Aug 26th | EA2: Sept 2nd | EC2: TOTAL | ED2: AVG
E3: Side Game | CS3: Closest to Pin | CU3: Most Net Pars | CW3: Most Under Par | CY3: Skins | DA3: Most Net Pars | DC3: Closest to Pin | DE3: Most Under Par | DG3: Skins | DI3: Most Net Pars | DK3: Closest to Pin | DM3: Most Under Par | DO3: Skins | DQ3: Most Net Pars | DS3: Closest to Pin | DU3: Most Under Par | DW3: Skins | DY3: Most Net Pars | EA3: Closest to Pin
E4: Winner | G4: 44680 | L4: 44687 | Q4: 44694 | V4: 44701 | AA4: 44708 | AF4: 44715 | AK4: 44729 | AP4: 44736 | AU4: 44743 | AZ4: 44750 | BE4: 44757 | BJ4: 44764 | BO4: 44771 | BT4: 44778 | BY4: 44785 | CD4: 44792 | CI4: 44799 | CN4: 44806 | CS4: RA,MB,JP,HBH | CW4: HBH, MW, Bags | CY4: JBx3, CPx2, MBx2, KC, MWx2 | DA4: CP | DC4: HBH, NC, MJ, KC | DE4: JS, MW, MB, SP | DG4: KCx2, CK, JS, ABx2, CM, SP | DI4: Bagger | DK4: BMx2, CM, JB
E5: TEES | G5: Score | H5: Harvey | I5: Money | J5: H Rank | K5: M Rank | L5: Score | M5: Harvey | N5: Money | O5: H Rank | P5: M Rank | Q5: Score | R5: Harvey | S5: Money | T5: H Rank | U5: M Rank | V5: Score | W5: Harvey | X5: Money | Y5: H Rank | Z5: M Rank | AA5: Score | AB5: Harvey | AC5: Money | AD5: H Rank | AE5: M Rank | AF5: Score | AG5: Harvey | AH5: Money | AI5: H Rank | AJ5: M Rank | AK5: Score | AL5: Harvey | AM5: Money | AN5: H Rank | AO5: M Rank | AP5: Score | AQ5: Harvey | AR5: Money | AS5: H Rank | AT5: M Rank | AU5: Score | AV5: Harvey | AW5: Money | AX5: H Rank | AY5: M Rank | AZ5: Score | BA5: Harvey | BB5: Money | BC5: H Rank | BD5: M Rank | BE5: Score | BF5: Harvey | BG5: Money | BH5: H Rank | BI5: M Rank | BJ5: Score | BK5: Harvey | BL5: Money | BM5: H Rank | BN5: M Rank | BO5: Score | BP5: Harvey | BQ5: Money | BR5: H Rank | BS5: M Rank | BT5: Score | BU5: Harvey | BV5: Money | BW5: H Rank | BX5: M Rank | BY5: Score | BZ5: Harvey | CA5: Money | CB5: H Rank | CC5: M Rank | CD5: Score | CE5: Harvey | CF5: Money | CG5: H Rank | CH5: M Rank | CI5: Score | CJ5: Harvey | CK5: Money | CL5: H Rank | CM5: M Rank | CN5: Score | CO5: Harvey | CP5: Money | CQ5: H Rank | CR5: M Rank | CS5: Blue | CU5: Rain Out | CW5: Black | CY5: White | DA5: Blue | DC5: Black | DE5: White | DG5: Blue | DI5: Black | DK5: White | DM5: Blue | DO5: Black | DQ5: White | DS5: Blue | DU5: Black | DW5: White | DY5: Blue | EA5: Black
B6: =_xlfn.RANK.EQ(C6,$C$6:$C$63,) -> 1 | C6: =EC6 -> 226.5 | D6: JM | E6: Jeff Madden | F6: =COUNT(CT6,CV6,CX6,CZ6,DB6,DD6,DF6,DH6,DJ6,DL6,DN6,DP6,DR6,DT6,DV6,DX6,DZ6,EB6) -> 8 | G6: =IF(CT6=0,"",CT6) -> 36 | L6: =IF(CV6=0,"",CV6) | Q6: =IF(CX6=0,"",CX6) -> 26.5 | V6: =IF(CZ6=0,"",CZ6) | AA6: =IF(DB6=0,"",DB6) -> 31 | AF6: =IF(DD6=0,"",DD6) -> 23 | AK6: =IF(DF6=0,"",DF6) -> 26.5 | AP6: =IF(DH6=0,"",DH6) -> 25.5 | AU6: =IF(DJ6=0,"",DJ6) -> 28.5 | AZ6: =IF(DL6=0,"",DL6) -> 29.5 | BE6: =IF(DN6=0,"",DN6) | BJ6: =IF(DP6=0,"",DP6) | BO6: =IF(DR6=0,"",DR6) | BT6: =IF(DT6=0,"",DT6) | BY6: =IF(DV6=0,"",DV6) | CD6: =IF(DX6=0,"",DX6) | CI6: =IF(DZ6=0,"",DZ6) | CN6: =IF(EB6=0,"",EB6) | CS6: 77 | CT6: =IFERROR(CT7+CT8,"") -> 36 | CV6: =IFERROR(CV7+CV8,"") | CW6: 83 | CX6: =IFERROR(CX7+CX8,"") -> 26.5 | CZ6: =IFERROR(CZ7+CZ8,"") | DA6: 85 | DB6: =IFERROR(DB7+DB8,"") -> 31 | DC6: 85 | DD6: =IFERROR(DD7+DD8,"") -> 23 | DE6: 80 | DF6: =IFERROR(DF7+DF8,"") -> 26.5 | DG6: 79 | DH6: =IFERROR(DH7+DH8,"") -> 25.5 | DI6: 80 | DJ6: =IFERROR(DJ7+DJ8,"") -> 28.5 | DK6: 75 | DL6: =IFERROR(DL7+DL8,"") -> 29.5 | DN6: =IFERROR(DN7+DN8,"") | DP6: =IFERROR(DP7+DP8,"") | DR6: =IFERROR(DR7+DR8,"") | DT6: =IFERROR(DT7+DT8,"") | DV6: =IFERROR(DV7+DV8,"") | DX6: =IFERROR(DX7+DX8,"") | DZ6: =IFERROR(DZ7+DZ8,"") | EB6: =IFERROR(EB7+EB8,"") | EC6: =IFERROR(LARGE($G6:$CN6,1),0)+IFERROR(LARGE($G6:$CN6,2),0)+IFERROR(LARGE($G6:$CN6,3),0)+IFERROR(LARGE($G6:$CN6,4),0)+IFERROR(LARGE($G6:$CN6,5),0)+IFERROR(LARGE($G6:$CN6,6),0)+IFERROR(LARGE($G6:$CN6,7),0)+IFERROR(LARGE($G6:$CN6,8),0)+IFERROR(LARGE($G6:$CN6,9),0)+IFERROR(LARGE($G6:$CN6,10),0) -> 226.5 | ED6: =AVERAGE(CT6,CV6,CX6,CZ6,DB6,DD6,DF6,DH6,DJ6,DL6,DN6,DP6,DR6,DT6,DV6,DX6,DZ6,EB6) -> 28.3125
B7: =B6+0.13 -> 1.13 | D7: JM1 | E7: Harvey Points | H7: =IF(CS7=0,"",CS7) -> 40 | J7: =IFERROR(RANK(H7,H$6:H$116,0),"") -> 1 | M7: =IF(CU7=0,"",CU7) | O7: =IFERROR(RANK(M7,M$6:M$116,0),"") | R7: =IF(CW7=0,"",CW7) -> 37 | T7: =IFERROR(RANK(R7,R$6:R$116,0),"") -> 3 | W7: =IF(CY7=0,"",CY7) | Y7: =IFERROR(RANK(W7,W$6:W$116,0),"") | AB7: =IF(DA7=0,"",DA7) -> 33 | AD7: =IFERROR(RANK(AB7,AB$6:AB$116,0),"") -> 4 | AG7: =IF(DC7=0,"",DC7) -> 35 | AI7: =IFERROR(RANK(AG7,AG$6:AG$116,0),"") -> 5 | AL7: =IF(DE7=0,"",DE7) -> 34 | AN7: =IFERROR(RANK(AL7,AL$6:AL$116,0),"") -> 5 | AQ7: =IF(DG7=0,"",DG7) -> 37 | AS7: =IFERROR(RANK(AQ7,AQ$6:AQ$116,0),"") -> 2 | AV7: =IF(DI7=0,"",DI7) -> 38 | AX7: =IFERROR(RANK(AV7,AV$6:AV$116,0),"") -> 3 | BA7: =IF(DK7=0,"",DK7) -> 37 | BC7: =IFERROR(RANK(BA7,BA$6:BA$116,0),"") -> 1 | BF7: =IF(DM7=0,"",DM7) | BH7: =IFERROR(RANK(BF7,BF$6:BF$116,0),"") | BK7: =IF(DO7=0,"",DO7) | BM7: =IFERROR(RANK(BK7,BK$6:BK$116,0),"") | BP7: =IF(DQ7=0,"",DQ7) | BR7: =IFERROR(RANK(BP7,BP$6:BP$116,0),"") | BU7: =IF(DS7=0,"",DS7) | BW7: =IFERROR(RANK(BU7,BU$6:BU$116,0),"") | BZ7: =IF(DU7=0,"",DU7) | CB7: =IFERROR(RANK(BZ7,BZ$6:BZ$116,0),"") | CE7: =IF(DW7=0,"",DW7) | CG7: =IFERROR(RANK(CE7,CE$6:CE$116,0),"") | CJ7: =IF(DY7=0,"",DY7) | CL7: =IFERROR(RANK(CJ7,CJ$6:CJ$116,0),"") | CO7: =IF(EA7=0,"",EA7) | CQ7: =IFERROR(RANK(CO7,CO$6:CO$116,0),"") | CS7: 40 | CT7: =IFERROR(AVERAGE(OFFSET('Data - For Rank'!B$2,J7,0,COUNTIF($J$7:J$116,J7)))+IFERROR(VLOOKUP((COUNT($H$6:$H$116)/4),$ER$9:$ES$13,2,FALSE()),0),"") -> 18 | CV7: =IFERROR(AVERAGE(OFFSET('Data - For Rank'!$C$2,O7,0,COUNTIF(O$7:O$116,O7)))+IFERROR(VLOOKUP((COUNT(M$6:M$116)/4),$ER$9:$ES$13,2,FALSE()),0),"") | CW7: 37 | CX7: =IFERROR(AVERAGE(OFFSET('Data - For Rank'!D$2,T7,0,COUNTIF(T$7:T$116,T7)))+IFERROR(VLOOKUP((COUNT(R$6:R$116)/4),$ER$9:$ES$13,2,FALSE()),0),"") -> 14 | CZ7: =IFERROR(AVERAGE(OFFSET('Data - For Rank'!E$2,Y7,0,COUNTIF(Y$7:Y$116,Y7)))+IFERROR(VLOOKUP((COUNT(W$6:W$116)/4),$ER$9:$ES$13,2,FALSE()),0),"") | DA7: 33 | DB7: =IFERROR(AVERAGE(OFFSET('Data - For Rank'!F$2,AD7,0,COUNTIF(AD$7:AD$116,AD7)))+IFERROR(VLOOKUP((COUNT(AB$6:AB$116)/4),$ER$9:$ES$13,2,FALSE()),0),"") -> 14 | DC7: 35 | DD7: =IFERROR(AVERAGE(OFFSET('Data - For Rank'!G$2,AI7,0,COUNTIF(AI$7:AI$116,AI7)))+IFERROR(VLOOKUP((COUNT(AG$6:AG$116)/4),$ER$9:$ES$13,2,FALSE()),0),"") -> 13.5 | DE7: 34 | DF7: =IFERROR(AVERAGE(OFFSET('Data - For Rank'!$H$2,AN7,0,COUNTIF(AN$7:AN$116,AN7)))+IFERROR(VLOOKUP((COUNT(AL$6:AL$116)/4),$ER$9:$ES$13,2,FALSE()),0),"") -> 10.5 | DG7: 37 | DH7: =IFERROR(AVERAGE(OFFSET('Data - For Rank'!$I$2,AS7,0,COUNTIF(AS$7:AS$116,AS7)))+IFERROR(VLOOKUP((COUNT(AQ$6:AQ$116)/4),$ER$9:$ES$13,2,FALSE()),0),"") -> 17 | DI7: 38 | DJ7: =IFERROR(AVERAGE(OFFSET('Data - For Rank'!$J$2,AX7,0,COUNTIF(AX$7:AX$116,AX7)))+IFERROR(VLOOKUP((COUNT(AV$6:AV$116)/4),$ER$9:$ES$13,2,FALSE()),0),"") -> 15 | DK7: 37 | DL7: =IFERROR(AVERAGE(OFFSET('Data - For Rank'!$K$2,BC7,0,COUNTIF(BC$7:BC$116,BC7)))+IFERROR(VLOOKUP((COUNT(BA$6:BA$116)/4),$ER$9:$ES$13,2,FALSE()),0),"") -> 15.5 | DN7: =IFERROR(AVERAGE(OFFSET('Data - For Rank'!$L$2,BH7,0,COUNTIF(BH$7:BH$116,BH7)))+IFERROR(VLOOKUP((COUNT(BF$6:BF$116)/4),$ER$9:$ES$13,2,FALSE()),0),"") | DP7: =IFERROR(AVERAGE(OFFSET('Data - For Rank'!$M$2,BM7,0,COUNTIF(BM$7:BM$116,BM7)))+IFERROR(VLOOKUP((COUNT(BK$6:BK$116)/4),$ER$9:$ES$13,2,FALSE()),0),"") | DR7: =IFERROR(AVERAGE(OFFSET('Data - For Rank'!$N$2,BR7,0,COUNTIF(BR$7:BR$116,BR7)))+IFERROR(VLOOKUP((COUNT(BP$6:BP$116)/4),$ER$9:$ES$13,2,FALSE()),0),"") | DT7: =IFERROR(AVERAGE(OFFSET('Data - For Rank'!$O$2,BW7,0,COUNTIF(BW$7:BW$116,BW7)))+IFERROR(VLOOKUP((COUNT(BU$6:BU$116)/4),$ER$9:$ES$13,2,FALSE()),0),"") | DV7: =IFERROR(AVERAGE(OFFSET('Data - For Rank'!$P$2,CB7,0,COUNTIF(CB$7:CB$116,CB7)))+IFERROR(VLOOKUP((COUNT(BZ$6:BZ$116)/4),$ER$9:$ES$13,2,FALSE()),0),"") | DX7: =IFERROR(AVERAGE(OFFSET('Data - For Rank'!$Q$2,CG7,0,COUNTIF(CG$7:CG$116,CG7)))+IFERROR(VLOOKUP((COUNT(CE$6:CE$116)/4),$ER$9:$ES$13,2,FALSE()),0),"") | DZ7: =IFERROR(AVERAGE(OFFSET('Data - For Rank'!$R$2,CL7,0,COUNTIF(CL$7:CL$116,CL7)))+IFERROR(VLOOKUP((COUNT(CJ$6:CJ$116)/4),$ER$9:$ES$13,2,FALSE()),0),"") | EB7: =IFERROR(AVERAGE(OFFSET('Data - For Rank'!$S$2,CQ7,0,COUNTIF(CQ$7:CQ$116,CQ7)))+IFERROR(VLOOKUP((COUNT(CO$6:CO$116)/4),$ER$9:$ES$13,2,FALSE()),0),"") | EC7: =AVERAGE(CS7,CU7,CW7,CY7,DA7,DC7,DE7,DG7,DI7,DK7,DM7,DO7,DQ7,DS7,DU7,DW7,DY7,EA7) -> 36.375 | ED7: =AVERAGE(CX7,CT7,CV7,CZ7,DB7,DD7,DF7,DH7,DJ7,DL7,DN7,DP7,DR7,DT7,DV7,DX7,DZ7,EB7) -> 14.6875
B8: =B6+0.023 -> 1.023 | D8: JM2 | E8: cash +/- | F8: =IF(COUNT(G6:CN6)>10,SMALL(G6:CN6,COUNT(G6:CN6)-10),MIN(G6:CN6)) -> 23 | I8: =IF(CS8=0,"",CS8) -> 35 | K8: =IFERROR(_xlfn.RANK.EQ(I8,I$6:I$116,0),"") -> 1 | N8: =IF(CU8=0,"",CU8) | P8: =IFERROR(_xlfn.RANK.EQ(N8,N$6:N$116,0),"") | S8: =IF(CW8=0,"",CW8) -> 4 | U8: =IFERROR(_xlfn.RANK.EQ(S8,S$6:S$116,0),"") -> 4 | X8: =IF(CY8=0,"",CY8) | Z8: =IFERROR(_xlfn.RANK.EQ(X8,X$6:X$116,0),"") | AC8: =IF(DA8=0,"",DA8) -> 38 | AE8: =IFERROR(_xlfn.RANK.EQ(AC8,AC$6:AC$116,0),"") -> 2 | AH8: =IF(DC8=0,"",DC8) -> -0.001 | AJ8: =IFERROR(_xlfn.RANK.EQ(AH8,AH$6:AH$116,0),"") -> 8 | AM8: =IF(DE8=0,"",DE8) -> 16 | AO8: =IFERROR(_xlfn.RANK.EQ(AM8,AM$6:AM$116,0),"") -> 1 | AR8: =IF(DG8=0,"",DG8) -> -2 | AT8: =IFERROR(_xlfn.RANK.EQ(AR8,AR$6:AR$116,0),"") -> 10 | AW8: =IF(DI8=0,"",DI8) -> 5 | AY8: =IFERROR(_xlfn.RANK.EQ(AW8,AW$6:AW$116,0),"") -> 5 | BB8: =IF(DK8=0,"",DK8) -> 16 | BD8: =IFERROR(_xlfn.RANK.EQ(BB8,BB$6:BB$116,0),"") -> 2 | BG8: =IF(DM8=0,"",DM8) | BI8: =IFERROR(_xlfn.RANK.EQ(BG8,BG$6:BG$116,0),"") | BL8: =IF(DO8=0,"",DO8) | BN8: =IFERROR(_xlfn.RANK.EQ(BL8,BL$6:BL$116,0),"") | BQ8: =IF(DQ8=0,"",DQ8) | BS8: =IFERROR(_xlfn.RANK.EQ(BQ8,BQ$6:BQ$116,0),"") | BV8: =IF(DS8=0,"",DS8) | BX8: =IFERROR(_xlfn.RANK.EQ(BV8,BV$6:BV$116,0),"") | CA8: =IF(DU8=0,"",DU8) | CC8: =IFERROR(_xlfn.RANK.EQ(CA8,CA$6:CA$116,0),"") | CF8: =IF(DW8=0,"",DW8) | CH8: =IFERROR(_xlfn.RANK.EQ(CF8,CF$6:CF$116,0),"") | CK8: =IF(DY8=0,"",DY8) | CM8: =IFERROR(_xlfn.RANK.EQ(CK8,CK$6:CK$116,0),"") | CP8: =IF(EA8=0,"",EA8) | CR8: =IFERROR(_xlfn.RANK.EQ(CP8,CP$6:CP$116,0),"") | CS8: 35 | CT8: =IFERROR(AVERAGE(OFFSET('Data - For Rank'!B$2,K8,0,COUNTIF(K$6:K$116,K8)))+IFERROR(VLOOKUP((COUNT($I$6:$I$116)/4),$ER$9:$ES$13,2,FALSE()),0),"") -> 18 | CV8: =IFERROR(AVERAGE(OFFSET('Data - For Rank'!$C$2,P8,0,COUNTIF(P$6:P$116,P8)))+IFERROR(VLOOKUP((COUNT(N$6:N$116)/4),$ER$9:$ES$13,2,FALSE()),0),"") | CW8: 4 | CX8: =IFERROR(AVERAGE(OFFSET('Data - For Rank'!D$2,U8,0,COUNTIF(U$6:$U116,U8)))+IFERROR(VLOOKUP((COUNT(S$6:S$116)/4),$ER$9:$ES$13,2,FALSE()),0),"") -> 12.5 | CZ8: =IFERROR(AVERAGE(OFFSET('Data - For Rank'!E$2,Z8,0,COUNTIF(Z$6:Z$116,Z8)))+IFERROR(VLOOKUP((COUNT(W$6:W$116)/4),$ER$9:$ES$13,2,FALSE()),0),"") | DA8: 38 | DB8: =IFERROR(AVERAGE(OFFSET('Data - For Rank'!F$2,AE8,0,COUNTIF(AE$6:AE$116,AE8)))+IFERROR(VLOOKUP((COUNT(AC$6:AC$116)/4),$ER$9:$ES$13,2,FALSE()),0),"") -> 17 | DC8: -0.001 | DD8: =IFERROR(AVERAGE(OFFSET('Data - For Rank'!G$2,AJ8,0,COUNTIF(AJ$6:AJ$116,AJ8)))+IFERROR(VLOOKUP((COUNT(AH$6:AH$116)/4),$ER$9:$ES$13,2,FALSE()),0),"") -> 9.5 | DE8: 16 | DF8: =IFERROR(AVERAGE(OFFSET('Data - For Rank'!$H$2,AO8,0,COUNTIF(AO$6:AO$116,AO8)))+IFERROR(VLOOKUP((COUNT(AM$6:AM$116)/4),$ER$9:$ES$13,2,FALSE()),0),"") -> 16 | DG8: -2 | DH8: =IFERROR(AVERAGE(OFFSET('Data - For Rank'!$I$2,AT8,0,COUNTIF(AT$6:AT$116,AT8)))+IFERROR(VLOOKUP((COUNT(AR$6:AR$116)/4),$ER$9:$ES$13,2,FALSE()),0),"") -> 8.5 | DI8: 5 | DJ8: =IFERROR(AVERAGE(OFFSET('Data - For Rank'!$J$2,AY8,0,COUNTIF(AY$6:AY$116,AY8)))+IFERROR(VLOOKUP((COUNT(AW$6:AW$116)/4),$ER$9:$ES$13,2,FALSE()),0),"") -> 13.5 | DK8: 16 | DL8: =IFERROR(AVERAGE(OFFSET('Data - For Rank'!$K$2,BD8,0,COUNTIF(BD$6:BD$116,BD8)))+IFERROR(VLOOKUP((COUNT(BB$6:BB$116)/4),$ER$9:$ES$13,2,FALSE()),0),"") -> 14 | DN8: =IFERROR(AVERAGE(OFFSET('Data - For Rank'!$L$2,BI8,0,COUNTIF(BI$6:BI$116,BI8)))+IFERROR(VLOOKUP((COUNT(BG$6:BG$116)/4),$ER$9:$ES$13,2,FALSE()),0),"") | DP8: =IFERROR(AVERAGE(OFFSET('Data - For Rank'!$M$2,BN8,0,COUNTIF(BN$6:BN$116,BN8)))+IFERROR(VLOOKUP((COUNT(BL$6:BL$116)/4),$ER$9:$ES$13,2,FALSE()),0),"") | DR8: =IFERROR(AVERAGE(OFFSET('Data - For Rank'!$N$2,BS8,0,COUNTIF(BS$6:BS$116,BS8)))+IFERROR(VLOOKUP((COUNT(BQ$6:BQ$116)/4),$ER$9:$ES$13,2,FALSE()),0),"") | DT8: =IFERROR(AVERAGE(OFFSET('Data - For Rank'!$O$2,BX8,0,COUNTIF(BX$6:BX$116,BX8)))+IFERROR(VLOOKUP((COUNT(BV$6:BV$116)/4),$ER$9:$ES$13,2,FALSE()),0),"") | DV8: =IFERROR(AVERAGE(OFFSET('Data - For Rank'!$P$2,CC8,0,COUNTIF(CC$6:CC$116,CC8)))+IFERROR(VLOOKUP((COUNT(CA$6:CA$116)/4),$ER$9:$ES$13,2,FALSE()),0),"") | DX8: =IFERROR(AVERAGE(OFFSET('Data - For Rank'!$Q$2,CH8,0,COUNTIF(CH$6:CH$116,CH8)))+IFERROR(VLOOKUP((COUNT(CF$6:CF$116)/4),$ER$9:$ES$13,2,FALSE()),0),"") | DZ8: =IFERROR(AVERAGE(OFFSET('Data - For Rank'!$R$2,CM8,0,COUNTIF(CM$6:CM$116,CM8)))+IFERROR(VLOOKUP((COUNT(CK$6:CK$116)/4),$ER$9:$ES$13,2,FALSE()),0),"") | EB8: =IFERROR(AVERAGE(OFFSET('Data - For Rank'!$S$2,CR8,0,COUNTIF(CR$6:CR$116,CR8)))+IFERROR(VLOOKUP((COUNT(CP$6:CP$116)/4),$ER$9:$ES$13,2,FALSE()),0),"") | EC8: =CS8+CU8+CW8+CY8+DA8+DC8+DE8+DG8+DI8+DK8+DM8+DO8+DQ8+DS8+DU8+DW8+DY8+EA8 -> 111.999 | ED8: =AVERAGE(CT8,CV8,CX8,CZ8,DB8,DD8,DF8,DH8,DJ8,DL8,DN8,DP8,DR8,DT8,DV8,DX8,DZ8,EB8) -> 13.625 | EM8: Points | EQ8: Players | ER8: Groups | ES8: Extra Points | EU8: Total Points Out
B9: =_xlfn.RANK.EQ(C9,$C$6:$C$63,) -> 2 | C9: =EC9 -> 195 | D9: BM | E9: Ben McGinnis | F9: =COUNT(CT9,CV9,CX9,CZ9,DB9,DD9,DF9,DH9,DJ9,DL9,DN9,DP9,DR9,DT9,DV9,DX9,DZ9,EB9) -> 8 | G9: =IF(CT9=0,"",CT9) -> 23 | L9: =IF(CV9=0,"",CV9) | Q9: =IF(CX9=0,"",CX9) | V9: =IF(CZ9=0,"",CZ9) -> 21.5 | AA9: =IF(DB9=0,"",DB9) -> 29 | AF9: =IF(DD9=0,"",DD9) -> 17.5 | AK9: =IF(DF9=0,"",DF9) -> 21.5 | AP9: =IF(DH9=0,"",DH9) -> 29.5 | AU9: =IF(DJ9=0,"",DJ9) -> 35 | AZ9: =IF(DL9=0,"",DL9) -> 18 | BE9: =IF(DN9=0,"",DN9) | BJ9: =IF(DP9=0,"",DP9) | BO9: =IF(DR9=0,"",DR9) | BT9: =IF(DT9=0,"",DT9) | BY9: =IF(DV9=0,"",DV9) | CD9: =IF(DX9=0,"",DX9) | CI9: =IF(DZ9=0,"",DZ9) | CN9: =IF(EB9=0,"",EB9) | CS9: 80 | CT9: =IFERROR(CT10+CT11,"") -> 23 | CV9: =IFERROR(CV10+CV11,"") | CX9: =IFERROR(CX10+CX11,"") | CY9: 81 | CZ9: =IFERROR(CZ10+CZ11,"") -> 21.5 | DA9: 83 | DB9: =IFERROR(DB10+DB11,"") -> 29 | DC9: 84 | DD9: =IFERROR(DD10+DD11,"") -> 17.5 | DE9: 79 | DF9: =IFERROR(DF10+DF11,"") -> 21.5 | DG9: 79 | DH9: =IFERROR(DH10+DH11,"") -> 29.5 | DI9: 76 | DJ9: =IFERROR(DJ10+DJ11,"") -> 35 | DK9: 81 | DL9: =IFERROR(DL10+DL11,"") -> 18 | DN9: =IFERROR(DN10+DN11,"") | DP9: =IFERROR(DP10+DP11,"") | DR9: =IFERROR(DR10+DR11,"") | DT9: =IFERROR(DT10+DT11,"") | DV9: =IFERROR(DV10+DV11,"") | DX9: =IFERROR(DX10+DX11,"") | DZ9: =IFERROR(DZ10+DZ11,"") | EB9: =IFERROR(EB10+EB11,"") | EC9: =IFERROR(LARGE($G9:$CN9,1),0)+IFERROR(LARGE($G9:$CN9,2),0)+IFERROR(LARGE($G9:$CN9,3),0)+IFERROR(LARGE($G9:$CN9,4),0)+IFERROR(LARGE($G9:$CN9,5),0)+IFERROR(LARGE($G9:$CN9,6),0)+IFERROR(LARGE($G9:$CN9,7),0)+IFERROR(LARGE($G9:$CN9,8),0)+IFERROR(LARGE($G9:$CN9,9),0)+IFERROR(LARGE($G9:$CN9,10),0) -> 195 | ED9: =AVERAGE(CT9,CV9,CX9,CZ9,DB9,DD9,DF9,DH9,DJ9,DL9,DN9,DP9,DR9,DT9,DV9,DX9,DZ9,EB9) -> 24.375 | EM9: 5 foursomes – first gets 20, last gets 1 | EQ9: 20 | ER9: 5 | ES9: 0 | EU9: =40+38+36+34+32+30+28+26+24+22+20+18+16+14+12+10+8+6+4+2 -> 420
B10: =B9+0.15 -> 2.15 | D10: BM1 | E10: Harvey Points | H10: =IF(CS10=0,"",CS10) -> 34 | J10: =IFERROR(RANK(H10,H$6:H$116,0),"") -> 3 | M10: =IF(CU10=0,"",CU10) | O10: =IFERROR(RANK(M10,M$6:M$116,0),"") | R10: =IF(CW10=0,"",CW10) | T10: =IFERROR(RANK(R10,R$6:R$116,0),"") | W10: =IF(CY10=0,"",CY10) -> 32 | Y10: =IFERROR(RANK(W10,W$6:W$116,0),"") -> 2 | AB10: =IF(DA10=0,"",DA10) -> 33 | AD10: =IFERROR(RANK(AB10,AB$6:AB$116,0),"") -> 4 | AG10: =IF(DC10=0,"",DC10) -> 34 | AI10: =IFERROR(RANK(AG10,AG$6:AG$116,0),"") -> 7 | AL10: =IF(DE10=0,"",DE10) -> 36 | AN10: =IFERROR(RANK(AL10,AL$6:AL$116,0),"") -> 3 | AQ10: =IF(DG10=0,"",DG10) -> 36 | AS10: =IFERROR(RANK(AQ10,AQ$6:AQ$116,0),"") -> 3 | AV10: =IF(DI10=0,"",DI10) -> 41 | AX10: =IFERROR(RANK(AV10,AV$6:AV$116,0),"") -> 1 | BA10: =IF(DK10=0,"",DK10) -> 33 | BC10: =IFERROR(RANK(BA10,BA$6:BA$116,0),"") -> 7 | BF10: =IF(DM10=0,"",DM10) | BH10: =IFERROR(RANK(BF10,BF$6:BF$116,0),"") | BK10: =IF(DO10=0,"",DO10) | BM10: =IFERROR(RANK(BK10,BK$6:BK$116,0),"") | BP10: =IF(DQ10=0,"",DQ10) | BR10: =IFERROR(RANK(BP10,BP$6:BP$116,0),"") | BU10: =IF(DS10=0,"",DS10) | BW10: =IFERROR(RANK(BU10,BU$6:BU$116,0),"") | BZ10: =IF(DU10=0,"",DU10) | CB10: =IFERROR(RANK(BZ10,BZ$6:BZ$116,0),"") | CE10: =IF(DW10=0,"",DW10) | CG10: =IFERROR(RANK(CE10,CE$6:CE$116,0),"") | CJ10: =IF(DY10=0,"",DY10) | CL10: =IFERROR(RANK(CJ10,CJ$6:CJ$116,0),"") | CO10: =IF(EA10=0,"",EA10) | CQ10: =IFERROR(RANK(CO10,CO$6:CO$116,0),"") | CS10: 34 | CT10: =IFERROR(AVERAGE(OFFSET('Data - For Rank'!B$2,J10,0,COUNTIF($J$7:J$116,J10)))+IFERROR(VLOOKUP((COUNT($H$6:$H$116)/4),$ER$9:$ES$13,2,FALSE()),0),"") -> 16 | CV10: =IFERROR(AVERAGE(OFFSET('Data - For Rank'!$C$2,O10,0,COUNTIF(O$7:O$116,O10)))+IFERROR(VLOOKUP((COUNT(M$6:M$116)/4),$ER$9:$ES$13,2,FALSE()),0),"") | CX10: =IFERROR(AVERAGE(OFFSET('Data - For Rank'!D$2,T10,0,COUNTIF(T$7:T$116,T10)))+IFERROR(VLOOKUP((COUNT(R$6:R$116)/4),$ER$9:$ES$13,2,FALSE()),0),"") | CY10: 32 | CZ10: =IFERROR(AVERAGE(OFFSET('Data - For Rank'!E$2,Y10,0,COUNTIF(Y$7:Y$116,Y10)))+IFERROR(VLOOKUP((COUNT(W$6:W$116)/4),$ER$9:$ES$13,2,FALSE()),0),"") -> 12.5 | DA10: 33 | DB10: =IFERROR(AVERAGE(OFFSET('Data - For Rank'!F$2,AD10,0,COUNTIF(AD$7:AD$116,AD10)))+IFERROR(VLOOKUP((COUNT(AB$6:AB$116)/4),$ER$9:$ES$13,2,FALSE()),0),"") -> 14 | DC10: 34 | DD10: =IFERROR(AVERAGE(OFFSET('Data - For Rank'!G$2,AI10,0,COUNTIF(AI$7:AI$116,AI10)))+IFERROR(VLOOKUP((COUNT(AG$6:AG$116)/4),$ER$9:$ES$13,2,FALSE()),0),"") -> 11.5 | DE10: 36 | DF10: =IFERROR(AVERAGE(OFFSET('Data - For Rank'!$H$2,AN10,0,COUNTIF(AN$7:AN$116,AN10)))+IFERROR(VLOOKUP((COUNT(AL$6:AL$116)/4),$ER$9:$ES$13,2,FALSE()),0),"") -> 13.5 | DG10: 36 | DH10: =IFERROR(AVERAGE(OFFSET('Data - For Rank'!$I$2,AS10,0,COUNTIF(AS$7:AS$116,AS10)))+IFERROR(VLOOKUP((COUNT(AQ$6:AQ$116)/4),$ER$9:$ES$13,2,FALSE()),0),"") -> 15.5 | DI10: 41 | DJ10: =IFERROR(AVERAGE(OFFSET('Data - For Rank'!$J$2,AX10,0,COUNTIF(AX$7:AX$116,AX10)))+IFERROR(VLOOKUP((COUNT(AV$6:AV$116)/4),$ER$9:$ES$13,2,FALSE()),0),"") -> 18 | DK10: 33 | DL10: =IFERROR(AVERAGE(OFFSET('Data - For Rank'!$K$2,BC10,0,COUNTIF(BC$7:BC$116,BC10)))+IFERROR(VLOOKUP((COUNT(BA$6:BA$116)/4),$ER$9:$ES$13,2,FALSE()),0),"") -> 9.5 | DN10: =IFERROR(AVERAGE(OFFSET('Data - For Rank'!$L$2,BH10,0,COUNTIF(BH$7:BH$116,BH10)))+IFERROR(VLOOKUP((COUNT(BF$6:BF$116)/4),$ER$9:$ES$13,2,FALSE()),0),"") | DP10: =IFERROR(AVERAGE(OFFSET('Data - For Rank'!$M$2,BM10,0,COUNTIF(BM$7:BM$116,BM10)))+IFERROR(VLOOKUP((COUNT(BK$6:BK$116)/4),$ER$9:$ES$13,2,FALSE()),0),"") | DR10: =IFERROR(AVERAGE(OFFSET('Data - For Rank'!$N$2,BR10,0,COUNTIF(BR$7:BR$116,BR10)))+IFERROR(VLOOKUP((COUNT(BP$6:BP$116)/4),$ER$9:$ES$13,2,FALSE()),0),"") | DT10: =IFERROR(AVERAGE(OFFSET('Data - For Rank'!$O$2,BW10,0,COUNTIF(BW$7:BW$116,BW10)))+IFERROR(VLOOKUP((COUNT(BU$6:BU$116)/4),$ER$9:$ES$13,2,FALSE()),0),"") | DV10: =IFERROR(AVERAGE(OFFSET('Data - For Rank'!$P$2,CB10,0,COUNTIF(CB$7:CB$116,CB10)))+IFERROR(VLOOKUP((COUNT(BZ$6:BZ$116)/4),$ER$9:$ES$13,2,FALSE()),0),"") | DX10: =IFERROR(AVERAGE(OFFSET('Data - For Rank'!$Q$2,CG10,0,COUNTIF(CG$7:CG$116,CG10)))+IFERROR(VLOOKUP((COUNT(CE$6:CE$116)/4),$ER$9:$ES$13,2,FALSE()),0),"") | DZ10: =IFERROR(AVERAGE(OFFSET('Data - For Rank'!$R$2,CL10,0,COUNTIF(CL$7:CL$116,CL10)))+IFERROR(VLOOKUP((COUNT(CJ$6:CJ$116)/4),$ER$9:$ES$13,2,FALSE()),0),"") | EB10: =IFERROR(AVERAGE(OFFSET('Data - For Rank'!$S$2,CQ10,0,COUNTIF(CQ$7:CQ$116,CQ10)))+IFERROR(VLOOKUP((COUNT(CO$6:CO$116)/4),$ER$9:$ES$13,2,FALSE()),0),"") | EC10: =AVERAGE(CS10,CU10,CW10,CY10,DA10,DC10,DE10,DG10,DI10,DK10,DM10,DO10,DQ10,DS10,DU10,DW10,DY10,EA10) -> 34.875 | ED10: =AVERAGE(CT10,CV10,CX10,CZ10,DB10,DD10,DF10,DH10,DJ10,DL10,DN10,DP10,DR10,DT10,DV10,DX10,DZ10,EB10) -> 13.8125 | EM10: 4 foursomes – first gets 18, last gets 3 | EQ10: 16 | ER10: 4 | ES10: 2 | EU10: =36+34+32+30+28+26+24+22+20+18+16+14+12+10+8+6 -> 336
B11: =B9+0.025 -> 2.025 | D11: BM2 | E11: cash +/- | F11: =IF(COUNT(G9:CN9)>10,SMALL(G9:CN9,COUNT(G9:CN9)-10),MIN(G9:CN9)) -> 17.5 | I11: =IF(CS11=0,"",CS11) -> -10 | K11: =IFERROR(_xlfn.RANK.EQ(I11,I$6:I$116,0),"") -> 12 | N11: =IF(CU11=0,"",CU11) | P11: =IFERROR(_xlfn.RANK.EQ(N11,N$6:N$116,0),"") | S11: =IF(CW11=0,"",CW11) | U11: =IFERROR(_xlfn.RANK.EQ(S11,S$6:S$116,0),"") | X11: =IF(CY11=0,"",CY11) -> -15 | Z11: =IFERROR(_xlfn.RANK.EQ(X11,X$6:X$116,0),"") -> 6 | AC11: =IF(DA11=0,"",DA11) -> 20 | AE11: =IFERROR(_xlfn.RANK.EQ(AC11,AC$6:AC$116,0),"") -> 4 | AH11: =IF(DC11=0,"",DC11) -> -16 | AJ11: =IFERROR(_xlfn.RANK.EQ(AH11,AH$6:AH$116,0),"") -> 13 | AM11: =IF(DE11=0,"",DE11) -> -4 | AO11: =IFERROR(_xlfn.RANK.EQ(AM11,AM$6:AM$116,0),"") -> 9 | AR11: =IF(DG11=0,"",DG11) -> 12 | AT11: =IFERROR(_xlfn.RANK.EQ(AR11,AR$6:AR$116,0),"") -> 4 | AW11: =IF(DI11=0,"",DI11) -> 25 | AY11: =IFERROR(_xlfn.RANK.EQ(AW11,AW$6:AW$116,0),"") -> 2 | BB11: =IF(DK11=0,"",DK11) -> -8 | BD11: =IFERROR(_xlfn.RANK.EQ(BB11,BB$6:BB$116,0),"") -> 8 | BG11: =IF(DM11=0,"",DM11) | BI11: =IFERROR(_xlfn.RANK.EQ(BG11,BG$6:BG$116,0),"") | BL11: =IF(DO11=0,"",DO11) | BN11: =IFERROR(_xlfn.RANK.EQ(BL11,BL$6:BL$116,0),"") | BQ11: =IF(DQ11=0,"",DQ11) | BS11: =IFERROR(_xlfn.RANK.EQ(BQ11,BQ$6:BQ$116,0),"") | BV11: =IF(DS11=0,"",DS11) | BX11: =IFERROR(_xlfn.RANK.EQ(BV11,BV$6:BV$116,0),"") | CA11: =IF(DU11=0,"",DU11) | CC11: =IFERROR(_xlfn.RANK.EQ(CA11,CA$6:CA$116,0),"") | CF11: =IF(DW11=0,"",DW11) | CH11: =IFERROR(_xlfn.RANK.EQ(CF11,CF$6:CF$116,0),"") | CK11: =IF(DY11=0,"",DY11) | CM11: =IFERROR(_xlfn.RANK.EQ(CK11,CK$6:CK$116,0),"") | CP11: =IF(EA11=0,"",EA11) | CR11: =IFERROR(_xlfn.RANK.EQ(CP11,CP$6:CP$116,0),"") | CS11: -10 | CT11: =IFERROR(AVERAGE(OFFSET('Data - For Rank'!B$2,K11,0,COUNTIF(K$6:K$116,K11)))+IFERROR(VLOOKUP((COUNT($I$6:$I$116)/4),$ER$9:$ES$13,2,FALSE()),0),"") -> 7 | CV11: =IFERROR(AVERAGE(OFFSET('Data - For Rank'!$C$2,P11,0,COUNTIF(P$6:P$116,P11)))+IFERROR(VLOOKUP((COUNT(N$6:N$116)/4),$ER$9:$ES$13,2,FALSE()),0),"") | CX11: =IFERROR(AVERAGE(OFFSET('Data - For Rank'!D$2,U11,0,COUNTIF(U$6:$U119,U11)))+IFERROR(VLOOKUP((COUNT(S$6:S$116)/4),$ER$9:$ES$13,2,FALSE()),0),"") | CY11: -15 | CZ11: =IFERROR(AVERAGE(OFFSET('Data - For Rank'!E$2,Z11,0,COUNTIF(Z$6:Z$116,Z11)))+IFERROR(VLOOKUP((COUNT(W$6:W$116)/4),$ER$9:$ES$13,2,FALSE()),0),"") -> 9 | DA11: 20 | DB11: =IFERROR(AVERAGE(OFFSET('Data - For Rank'!F$2,AE11,0,COUNTIF(AE$6:AE$116,AE11)))+IFERROR(VLOOKUP((COUNT(AC$6:AC$116)/4),$ER$9:$ES$13,2,FALSE()),0),"") -> 15 | DC11: -16 | DD11: =IFERROR(AVERAGE(OFFSET('Data - For Rank'!G$2,AJ11,0,COUNTIF(AJ$6:AJ$116,AJ11)))+IFERROR(VLOOKUP((COUNT(AH$6:AH$116)/4),$ER$9:$ES$13,2,FALSE()),0),"") -> 6 | DE11: -4 | DF11: =IFERROR(AVERAGE(OFFSET('Data - For Rank'!$H$2,AO11,0,COUNTIF(AO$6:AO$116,AO11)))+IFERROR(VLOOKUP((COUNT(AM$6:AM$116)/4),$ER$9:$ES$13,2,FALSE()),0),"") -> 8 | DG11: 12 | DH11: =IFERROR(AVERAGE(OFFSET('Data - For Rank'!$I$2,AT11,0,COUNTIF(AT$6:AT$116,AT11)))+IFERROR(VLOOKUP((COUNT(AR$6:AR$116)/4),$ER$9:$ES$13,2,FALSE()),0),"") -> 14 | DI11: 25 | DJ11: =IFERROR(AVERAGE(OFFSET('Data - For Rank'!$J$2,AY11,0,COUNTIF(AY$6:AY$116,AY11)))+IFERROR(VLOOKUP((COUNT(AW$6:AW$116)/4),$ER$9:$ES$13,2,FALSE()),0),"") -> 17 | DK11: -8 | DL11: =IFERROR(AVERAGE(OFFSET('Data - For Rank'!$K$2,BD11,0,COUNTIF(BD$6:BD$116,BD11)))+IFERROR(VLOOKUP((COUNT(BB$6:BB$116)/4),$ER$9:$ES$13,2,FALSE()),0),"") -> 8.5 | DN11: =IFERROR(AVERAGE(OFFSET('Data - For Rank'!$L$2,BI11,0,COUNTIF(BI$6:BI$116,BI11)))+IFERROR(VLOOKUP((COUNT(BG$6:BG$116)/4),$ER$9:$ES$13,2,FALSE()),0),"") | DP11: =IFERROR(AVERAGE(OFFSET('Data - For Rank'!$M$2,BN11,0,COUNTIF(BN$6:BN$116,BN11)))+IFERROR(VLOOKUP((COUNT(BL$6:BL$116)/4),$ER$9:$ES$13,2,FALSE()),0),"") | DR11: =IFERROR(AVERAGE(OFFSET('Data - For Rank'!$N$2,BS11,0,COUNTIF(BS$6:BS$116,BS11)))+IFERROR(VLOOKUP((COUNT(BQ$6:BQ$116)/4),$ER$9:$ES$13,2,FALSE()),0),"") | DT11: =IFERROR(AVERAGE(OFFSET('Data - For Rank'!$O$2,BX11,0,COUNTIF(BX$6:BX$116,BX11)))+IFERROR(VLOOKUP((COUNT(BV$6:BV$116)/4),$ER$9:$ES$13,2,FALSE()),0),"") | DV11: =IFERROR(AVERAGE(OFFSET('Data - For Rank'!$P$2,CC11,0,COUNTIF(CC$6:CC$116,CC11)))+IFERROR(VLOOKUP((COUNT(CA$6:CA$116)/4),$ER$9:$ES$13,2,FALSE()),0),"") | DX11: =IFERROR(AVERAGE(OFFSET('Data - For Rank'!$Q$2,CH11,0,COUNTIF(CH$6:CH$116,CH11)))+IFERROR(VLOOKUP((COUNT(CF$6:CF$116)/4),$ER$9:$ES$13,2,FALSE()),0),"") | DZ11: =IFERROR(AVERAGE(OFFSET('Data - For Rank'!$R$2,CM11,0,COUNTIF(CM$6:CM$116,CM11)))+IFERROR(VLOOKUP((COUNT(CK$6:CK$116)/4),$ER$9:$ES$13,2,FALSE()),0),"") | EB11: =IFERROR(AVERAGE(OFFSET('Data - For Rank'!$S$2,CR11,0,COUNTIF(CR$6:CR$116,CR11)))+IFERROR(VLOOKUP((COUNT(CP$6:CP$116)/4),$ER$9:$ES$13,2,FALSE()),0),"") | EC11: =CS11+CU11+CW11+CY11+DA11+DC11+DE11+DG11+DI11+DK11+DM11+DO11+DQ11+DS11+DU11+DW11+DY11+EA11 -> 4 | ED11: =AVERAGE(CT11,CV11,CX11,CZ11,DB11,DD11,DF11,DH11,DJ11,DL11,DN11,DP11,DR11,DT11,DV11,DX11,DZ11,EB11) -> 10.5625 | EM11: 3 foursomes – first gets 16, last gets 5 | EQ11: 12 | ER11: 3 | ES11: 4 | EU11: =32+30+28+26+24+22+20+18+16+14+12+10 -> 252
B12: =_xlfn.RANK.EQ(C12,$C$6:$C$63,) -> 3 | C12: =EC12 -> 193 | D12: MW | E12: Matt White | F12: =COUNT(CT12,CV12,CX12,CZ12,DB12,DD12,DF12,DH12,DJ12,DL12,DN12,DP12,DR12,DT12,DV12,DX12,DZ12,EB12) -> 8 | G12: =IF(CT12=0,"",CT12) -> 20.5 | L12: =IF(CV12=0,"",CV12) | Q12: =IF(CX12=0,"",CX12) -> 31 | V12: =IF(CZ12=0,"",CZ12) -> 26.5 | AA12: =IF(DB12=0,"",DB12) -> 26.5 | AF12: =IF(DD12=0,"",DD12) -> 23.5 | AK12: =IF(DF12=0,"",DF12) -> 25.5 | AP12: =IF(DH12=0,"",DH12) -> 25.5 | AU12: =IF(DJ12=0,"",DJ12) -> 14 | AZ12: =IF(DL12=0,"",DL12) | BE12: =IF(DN12=0,"",DN12) | BJ12: =IF(DP12=0,"",DP12) | BO12: =IF(DR12=0,"",DR12) | BT12: =IF(DT12=0,"",DT12) | BY12: =IF(DV12=0,"",DV12) | CD12: =IF(DX12=0,"",DX12) | CI12: =IF(DZ12=0,"",DZ12) | CN12: =IF(EB12=0,"",EB12) | CS12: 84 | CT12: =IFERROR(CT13+CT14,"") -> 20.5 | CV12: =IFERROR(CV13+CV14,"") | CW12: 79 | CX12: =IFERROR(CX13+CX14,"") -> 31 | CY12: 82 | CZ12: =IFERROR(CZ13+CZ14,"") -> 26.5 | DA12: 86 | DB12: =IFERROR(DB13+DB14,"") -> 26.5 | DC12: 84 | DD12: =IFERROR(DD13+DD14,"") -> 23.5 | DE12: 80 | DF12: =IFERROR(DF13+DF14,"") -> 25.5 | DG12: 83 | DH12: =IFERROR(DH13+DH14,"") -> 25.5 | DI12: 96 | DJ12: =IFERROR(DJ13+DJ14,"") -> 14 | DL12: =IFERROR(DL13+DL14,"") | DN12: =IFERROR(DN13+DN14,"") | DP12: =IFERROR(DP13+DP14,"") | DR12: =IFERROR(DR13+DR14,"") | DT12: =IFERROR(DT13+DT14,"") | DV12: =IFERROR(DV13+DV14,"") | DX12: =IFERROR(DX13+DX14,"") | DZ12: =IFERROR(DZ13+DZ14,"") | EB12: =IFERROR(EB13+EB14,"") | EC12: =IFERROR(LARGE($G12:$CN12,1),0)+IFERROR(LARGE($G12:$CN12,2),0)+IFERROR(LARGE($G12:$CN12,3),0)+IFERROR(LARGE($G12:$CN12,4),0)+IFERROR(LARGE($G12:$CN12,5),0)+IFERROR(LARGE($G12:$CN12,6),0)+IFERROR(LARGE($G12:$CN12,7),0)+IFERROR(LARGE($G12:$CN12,8),0)+IFERROR(LARGE($G12:$CN12,9),0)+IFERROR(LARGE($G12:$CN12,10),0) -> 193 | ED12: =AVERAGE(CT12,CV12,CX12,CZ12,DB12,DD12,DF12,DH12,DJ12,DL12,DN12,DP12,DR12,DT12,DV12,DX12,DZ12,EB12) -> 24.125 | EM12: 2 foursomes – first gets 14, last gets 7 | EQ12: 8 | ER12: 2 | ES12: 6 | EU12: =28+26+24+22+20+18+16+14 -> 168
B13: =B12+0.11 -> 3.11 | D13: MW1 | E13: Harvey Points | H13: =IF(CS13=0,"",CS13) -> 32 | J13: =IFERROR(RANK(H13,H$6:H$116,0),"") -> 6 | M13: =IF(CU13=0,"",CU13) | O13: =IFERROR(RANK(M13,M$6:M$116,0),"") | R13: =IF(CW13=0,"",CW13) -> 39 | T13: =IFERROR(RANK(R13,R$6:R$116,0),"") -> 2 | W13: =IF(CY13=0,"",CY13) -> 32 | Y13: =IFERROR(RANK(W13,W$6:W$116,0),"") -> 2 | AB13: =IF(DA13=0,"",DA13) -> 30 | AD13: =IFERROR(RANK(AB13,AB$6:AB$116,0),"") -> 10 | AG13: =IF(DC13=0,"",DC13) -> 34 | AI13: =IFERROR(RANK(AG13,AG$6:AG$116,0),"") -> 7 | AL13: =IF(DE13=0,"",DE13) -> 34 | AN13: =IFERROR(RANK(AL13,AL$6:AL$116,0),"") -> 5 | AQ13: =IF(DG13=0,"",DG13) -> 33 | AS13: =IFERROR(RANK(AQ13,AQ$6:AQ$116,0),"") -> 7 | AV13: =IF(DI13=0,"",DI13) -> 23 | AX13: =IFERROR(RANK(AV13,AV$6:AV$116,0),"") -> 16 | BA13: =IF(DK13=0,"",DK13) | BC13: =IFERROR(RANK(BA13,BA$6:BA$116,0),"") | BF13: =IF(DM13=0,"",DM13) | BH13: =IFERROR(RANK(BF13,BF$6:BF$116,0),"") | BK13: =IF(DO13=0,"",DO13) | BM13: =IFERROR(RANK(BK13,BK$6:BK$116,0),"") | BP13: =IF(DQ13=0,"",DQ13) | BR13: =IFERROR(RANK(BP13,BP$6:BP$116,0),"") | BU13: =IF(DS13=0,"",DS13) | BW13: =IFERROR(RANK(BU13,BU$6:BU$116,0),"") | BZ13: =IF(DU13=0,"",DU13) | CB13: =IFERROR(RANK(BZ13,BZ$6:BZ$116,0),"") | CE13: =IF(DW13=0,"",DW13) | CG13: =IFERROR(RANK(CE13,CE$6:CE$116,0),"") | CJ13: =IF(DY13=0,"",DY13) | CL13: =IFERROR(RANK(CJ13,CJ$6:CJ$116,0),"") | CO13: =IF(EA13=0,"",EA13) | CQ13: =IFERROR(RANK(CO13,CO$6:CO$116,0),"") | CS13: 32 | CT13: =IFERROR(AVERAGE(OFFSET('Data - For Rank'!B$2,J13,0,COUNTIF($J$7:J$116,J13)))+IFERROR(VLOOKUP((COUNT($H$6:$H$116)/4),$ER$9:$ES$13,2,FALSE()),0),"") -> 12.5 | CV13: =IFERROR(AVERAGE(OFFSET('Data - For Rank'!$C$2,O13,0,COUNTIF(O$7:O$116,O13)))+IFERROR(VLOOKUP((COUNT(M$6:M$116)/4),$ER$9:$ES$13,2,FALSE()),0),"") | CW13: 39 | CX13: =IFERROR(AVERAGE(OFFSET('Data - For Rank'!D$2,T13,0,COUNTIF(T$7:T$116,T13)))+IFERROR(VLOOKUP((COUNT(R$6:R$116)/4),$ER$9:$ES$13,2,FALSE()),0),"") -> 15 | CY13: 32 | CZ13: =IFERROR(AVERAGE(OFFSET('Data - For Rank'!E$2,Y13,0,COUNTIF(Y$7:Y$116,Y13)))+IFERROR(VLOOKUP((COUNT(W$6:W$116)/4),$ER$9:$ES$13,2,FALSE()),0),"") -> 12.5 | DA13: 30 | DB13: =IFERROR(AVERAGE(OFFSET('Data - For Rank'!F$2,AD13,0,COUNTIF(AD$7:AD$116,AD13)))+IFERROR(VLOOKUP((COUNT(AB$6:AB$116)/4),$ER$9:$ES$13,2,FALSE()),0),"") -> 8.5 | DC13: 34 | DD13: =IFERROR(AVERAGE(OFFSET('Data - For Rank'!G$2,AI13,0,COUNTIF(AI$7:AI$116,AI13)))+IFERROR(VLOOKUP((COUNT(AG$6:AG$116)/4),$ER$9:$ES$13,2,FALSE()),0),"") -> 11.5 | DE13: 34 | DF13: =IFERROR(AVERAGE(OFFSET('Data - For Rank'!$H$2,AN13,0,COUNTIF(AN$7:AN$116,AN13)))+IFERROR(VLOOKUP((COUNT(AL$6:AL$116)/4),$ER$9:$ES$13,2,FALSE()),0),"") -> 10.5 | DG13: 33 | DH13: =IFERROR(AVERAGE(OFFSET('Data - For Rank'!$I$2,AS13,0,COUNTIF(AS$7:AS$116,AS13)))+IFERROR(VLOOKUP((COUNT(AQ$6:AQ$116)/4),$ER$9:$ES$13,2,FALSE()),0),"") -> 11.5 | DI13: 23 | DJ13: =IFERROR(AVERAGE(OFFSET('Data - For Rank'!$J$2,AX13,0,COUNTIF(AX$7:AX$116,AX13)))+IFERROR(VLOOKUP((COUNT(AV$6:AV$116)/4),$ER$9:$ES$13,2,FALSE()),0),"") -> 3 | DL13: =IFERROR(AVERAGE(OFFSET('Data - For Rank'!$K$2,BC13,0,COUNTIF(BC$7:BC$116,BC13)))+IFERROR(VLOOKUP((COUNT(BA$6:BA$116)/4),$ER$9:$ES$13,2,FALSE()),0),"") | DN13: =IFERROR(AVERAGE(OFFSET('Data - For Rank'!$L$2,BH13,0,COUNTIF(BH$7:BH$116,BH13)))+IFERROR(VLOOKUP((COUNT(BF$6:BF$116)/4),$ER$9:$ES$13,2,FALSE()),0),"") | DP13: =IFERROR(AVERAGE(OFFSET('Data - For Rank'!$M$2,BM13,0,COUNTIF(BM$7:BM$116,BM13)))+IFERROR(VLOOKUP((COUNT(BK$6:BK$116)/4),$ER$9:$ES$13,2,FALSE()),0),"") | DR13: =IFERROR(AVERAGE(OFFSET('Data - For Rank'!$N$2,BR13,0,COUNTIF(BR$7:BR$116,BR13)))+IFERROR(VLOOKUP((COUNT(BP$6:BP$116)/4),$ER$9:$ES$13,2,FALSE()),0),"") | DT13: =IFERROR(AVERAGE(OFFSET('Data - For Rank'!$O$2,BW13,0,COUNTIF(BW$7:BW$116,BW13)))+IFERROR(VLOOKUP((COUNT(BU$6:BU$116)/4),$ER$9:$ES$13,2,FALSE()),0),"") | DV13: =IFERROR(AVERAGE(OFFSET('Data - For Rank'!$P$2,CB13,0,COUNTIF(CB$7:CB$116,CB13)))+IFERROR(VLOOKUP((COUNT(BZ$6:BZ$116)/4),$ER$9:$ES$13,2,FALSE()),0),"") | DX13: =IFERROR(AVERAGE(OFFSET('Data - For Rank'!$Q$2,CG13,0,COUNTIF(CG$7:CG$116,CG13)))+IFERROR(VLOOKUP((COUNT(CE$6:CE$116)/4),$ER$9:$ES$13,2,FALSE()),0),"") | DZ13: =IFERROR(AVERAGE(OFFSET('Data - For Rank'!$R$2,CL13,0,COUNTIF(CL$7:CL$116,CL13)))+IFERROR(VLOOKUP((COUNT(CJ$6:CJ$116)/4),$ER$9:$ES$13,2,FALSE()),0),"") | EB13: =IFERROR(AVERAGE(OFFSET('Data - For Rank'!$S$2,CQ13,0,COUNTIF(CQ$7:CQ$116,CQ13)))+IFERROR(VLOOKUP((COUNT(CO$6:CO$116)/4),$ER$9:$ES$13,2,FALSE()),0),"") | EC13: =AVERAGE(CS13,CU13,CW13,CY13,DA13,DC13,DE13,DG13,DI13,DK13,DM13,DO13,DQ13,DS13,DU13,DW13,DY13,EA13) -> 32.125 | ED13: =AVERAGE(CT13,CV13,CX13,CZ13,DB13,DD13,DF13,DH13,DJ13,DL13,DN13,DP13,DR13,DT13,DV13,DX13,DZ13,EB13) -> 10.625 | EM13: 1 foursome – first gets 12, last gets 9 | EQ13: 4 | ER13: 1 | ES13: 8 | EU13: =24+22+20+18 -> 84
B14: =B12+0.021 -> 3.021 | D14: MW2 | E14: cash +/- | F14: =IF(COUNT(G12:CN12)>10,SMALL(G12:CN12,COUNT(G12:CN12)-10),MIN(G12:CN12)) -> 14 | I14: =IF(CS14=0,"",CS14) -> -9 | K14: =IFERROR(_xlfn.RANK.EQ(I14,I$6:I$116,0),"") -> 11 | N14: =IF(CU14=0,"",CU14) | P14: =IFERROR(_xlfn.RANK.EQ(N14,N$6:N$116,0),"") | S14: =IF(CW14=0,"",CW14) -> 30 | U14: =IFERROR(_xlfn.RANK.EQ(S14,S$6:S$116,0),"") -> 1 | X14: =IF(CY14=0,"",CY14) -> 43 | Z14: =IFERROR(_xlfn.RANK.EQ(X14,X$6:X$116,0),"") -> 1 | AC14: =IF(DA14=0,"",DA14) -> 40 | AE14: =IFERROR(_xlfn.RANK.EQ(AC14,AC$6:AC$116,0),"") -> 1 | AH14: =IF(DC14=0,"",DC14) -> 1 | AJ14: =IFERROR(_xlfn.RANK.EQ(AH14,AH$6:AH$116,0),"") -> 7 | AM14: =IF(DE14=0,"",DE14) -> 8 | AO14: =IFERROR(_xlfn.RANK.EQ(AM14,AM$6:AM$116,0),"") -> 2 | AR14: =IF(DG14=0,"",DG14) -> 12 | AT14: =IFERROR(_xlfn.RANK.EQ(AR14,AR$6:AR$116,0),"") -> 4 | AW14: =IF(DI14=0,"",DI14) -> 3 | AY14: =IFERROR(_xlfn.RANK.EQ(AW14,AW$6:AW$116,0),"") -> 7 | BB14: =IF(DK14=0,"",DK14) | BD14: =IFERROR(_xlfn.RANK.EQ(BB14,BB$6:BB$116,0),"") | BG14: =IF(DM14=0,"",DM14) | BI14: =IFERROR(_xlfn.RANK.EQ(BG14,BG$6:BG$116,0),"") | BL14: =IF(DO14=0,"",DO14) | BN14: =IFERROR(_xlfn.RANK.EQ(BL14,BL$6:BL$116,0),"") | BQ14: =IF(DQ14=0,"",DQ14) | BS14: =IFERROR(_xlfn.RANK.EQ(BQ14,BQ$6:BQ$116,0),"") | BV14: =IF(DS14=0,"",DS14) | BX14: =IFERROR(_xlfn.RANK.EQ(BV14,BV$6:BV$116,0),"") | CA14: =IF(DU14=0,"",DU14) | CC14: =IFERROR(_xlfn.RANK.EQ(CA14,CA$6:CA$116,0),"") | CF14: =IF(DW14=0,"",DW14) | CH14: =IFERROR(_xlfn.RANK.EQ(CF14,CF$6:CF$116,0),"") | CK14: =IF(DY14=0,"",DY14) | CM14: =IFERROR(_xlfn.RANK.EQ(CK14,CK$6:CK$116,0),"") | CP14: =IF(EA14=0,"",EA14) | CR14: =IFERROR(_xlfn.RANK.EQ(CP14,CP$6:CP$116,0),"") | CS14: -9 | CT14: =IFERROR(AVERAGE(OFFSET('Data - For Rank'!B$2,K14,0,COUNTIF(K$6:K$116,K14)))+IFERROR(VLOOKUP((COUNT($I$6:$I$116)/4),$ER$9:$ES$13,2,FALSE()),0),"") -> 8 | CV14: =IFERROR(AVERAGE(OFFSET('Data - For Rank'!$C$2,P14,0,COUNTIF(P$6:P$116,P14)))+IFERROR(VLOOKUP((COUNT(N$6:N$116)/4),$ER$9:$ES$13,2,FALSE()),0),"") | CW14: 30 | CX14: =IFERROR(AVERAGE(OFFSET('Data - For Rank'!D$2,U14,0,COUNTIF(U$6:$U122,U14)))+IFERROR(VLOOKUP((COUNT(S$6:S$116)/4),$ER$9:$ES$13,2,FALSE()),0),"") -> 16 | CY14: 43 | CZ14: =IFERROR(AVERAGE(OFFSET('Data - For Rank'!E$2,Z14,0,COUNTIF(Z$6:Z$116,Z14)))+IFERROR(VLOOKUP((COUNT(W$6:W$116)/4),$ER$9:$ES$13,2,FALSE()),0),"") -> 14 | DA14: 40 | DB14: =IFERROR(AVERAGE(OFFSET('Data - For Rank'!F$2,AE14,0,COUNTIF(AE$6:AE$116,AE14)))+IFERROR(VLOOKUP((COUNT(AC$6:AC$116)/4),$ER$9:$ES$13,2,FALSE()),0),"") -> 18 | DC14: 1 | DD14: =IFERROR(AVERAGE(OFFSET('Data - For Rank'!G$2,AJ14,0,COUNTIF(AJ$6:AJ$116,AJ14)))+IFERROR(VLOOKUP((COUNT(AH$6:AH$116)/4),$ER$9:$ES$13,2,FALSE()),0),"") -> 12 | DE14: 8 | DF14: =IFERROR(AVERAGE(OFFSET('Data - For Rank'!$H$2,AO14,0,COUNTIF(AO$6:AO$116,AO14)))+IFERROR(VLOOKUP((COUNT(AM$6:AM$116)/4),$ER$9:$ES$13,2,FALSE()),0),"") -> 15 | DG14: 12 | DH14: =IFERROR(AVERAGE(OFFSET('Data - For Rank'!$I$2,AT14,0,COUNTIF(AT$6:AT$116,AT14)))+IFERROR(VLOOKUP((COUNT(AR$6:AR$116)/4),$ER$9:$ES$13,2,FALSE()),0),"") -> 14 | DI14: 3 | DJ14: =IFERROR(AVERAGE(OFFSET('Data - For Rank'!$J$2,AY14,0,COUNTIF(AY$6:AY$116,AY14)))+IFERROR(VLOOKUP((COUNT(AW$6:AW$116)/4),$ER$9:$ES$13,2,FALSE()),0),"") -> 11 | DL14: =IFERROR(AVERAGE(OFFSET('Data - For Rank'!$K$2,BD14,0,COUNTIF(BD$6:BD$116,BD14)))+IFERROR(VLOOKUP((COUNT(BB$6:BB$116)/4),$ER$9:$ES$13,2,FALSE()),0),"") | DN14: =IFERROR(AVERAGE(OFFSET('Data - For Rank'!$L$2,BI14,0,COUNTIF(BI$6:BI$116,BI14)))+IFERROR(VLOOKUP((COUNT(BG$6:BG$116)/4),$ER$9:$ES$13,2,FALSE()),0),"") | DP14: =IFERROR(AVERAGE(OFFSET('Data - For Rank'!$M$2,BN14,0,COUNTIF(BN$6:BN$116,BN14)))+IFERROR(VLOOKUP((COUNT(BL$6:BL$116)/4),$ER$9:$ES$13,2,FALSE()),0),"") | DR14: =IFERROR(AVERAGE(OFFSET('Data - For Rank'!$N$2,BS14,0,COUNTIF(BS$6:BS$116,BS14)))+IFERROR(VLOOKUP((COUNT(BQ$6:BQ$116)/4),$ER$9:$ES$13,2,FALSE()),0),"") | DT14: =IFERROR(AVERAGE(OFFSET('Data - For Rank'!$O$2,BX14,0,COUNTIF(BX$6:BX$116,BX14)))+IFERROR(VLOOKUP((COUNT(BV$6:BV$116)/4),$ER$9:$ES$13,2,FALSE()),0),"") | DV14: =IFERROR(AVERAGE(OFFSET('Data - For Rank'!$P$2,CC14,0,COUNTIF(CC$6:CC$116,CC14)))+IFERROR(VLOOKUP((COUNT(CA$6:CA$116)/4),$ER$9:$ES$13,2,FALSE()),0),"") | DX14: =IFERROR(AVERAGE(OFFSET('Data - For Rank'!$Q$2,CH14,0,COUNTIF(CH$6:CH$116,CH14)))+IFERROR(VLOOKUP((COUNT(CF$6:CF$116)/4),$ER$9:$ES$13,2,FALSE()),0),"") | DZ14: =IFERROR(AVERAGE(OFFSET('Data - For Rank'!$R$2,CM14,0,COUNTIF(CM$6:CM$116,CM14)))+IFERROR(VLOOKUP((COUNT(CK$6:CK$116)/4),$ER$9:$ES$13,2,FALSE()),0),"") | EB14: =IFERROR(AVERAGE(OFFSET('Data - For Rank'!$S$2,CR14,0,COUNTIF(CR$6:CR$116,CR14)))+IFERROR(VLOOKUP((COUNT(CP$6:CP$116)/4),$ER$9:$ES$13,2,FALSE()),0),"") | EC14: =CS14+CU14+CW14+CY14+DA14+DC14+DE14+DG14+DI14+DK14+DM14+DO14+DQ14+DS14+DU14+DW14+DY14+EA14 -> 128 | ED14: =AVERAGE(CT14,CV14,CX14,CZ14,DB14,DD14,DF14,DH14,DJ14,DL14,DN14,DP14,DR14,DT14,DV14,DX14,DZ14,EB14) -> 13.5
B15: =_xlfn.RANK.EQ(C15,$C$6:$C$63,) -> 4 | C15: =EC15 -> 192 | D15: CP | E15: Chris Preston | F15: =COUNT(CT15,CV15,CX15,CZ15,DB15,DD15,DF15,DH15,DJ15,DL15,DN15,DP15,DR15,DT15,DV15,DX15,DZ15,EB15) -> 9 | G15: =IF(CT15=0,"",CT15) -> 22 | L15: =IF(CV15=0,"",CV15) | Q15: =IF(CX15=0,"",CX15) -> 23.5 | V15: =IF(CZ15=0,"",CZ15) -> 26 | AA15: =IF(DB15=0,"",DB15) -> 22 | AF15: =IF(DD15=0,"",DD15) -> 11.5 | AK15: =IF(DF15=0,"",DF15) -> 23.5 | AP15: =IF(DH15=0,"",DH15) -> 28.5 | AU15: =IF(DJ15=0,"",DJ15) -> 16.5 | AZ15: =IF(DL15=0,"",DL15) -> 18.5 | BE15: =IF(DN15=0,"",DN15) | BJ15: =IF(DP15=0,"",DP15) | BO15: =IF(DR15=0,"",DR15) | BT15: =IF(DT15=0,"",DT15) | BY15: =IF(DV15=0,"",DV15) | CD15: =IF(DX15=0,"",DX15) | CI15: =IF(DZ15=0,"",DZ15) | CN15: =IF(EB15=0,"",EB15) | CS15: 82 | CT15: =IFERROR(CT16+CT17,"") -> 22 | CV15: =IFERROR(CV16+CV17,"") | CW15: 81 | CX15: =IFERROR(CX16+CX17,"") -> 23.5 | CY15: 76 | CZ15: =IFERROR(CZ16+CZ17,"") -> 26 | DA15: 80 | DB15: =IFERROR(DB16+DB17,"") -> 22 | DC15: 85 | DD15: =IFERROR(DD16+DD17,"") -> 11.5 | DE15: 76 | DF15: =IFERROR(DF16+DF17,"") -> 23.5 | DG15: 74 | DH15: =IFERROR(DH16+DH17,"") -> 28.5 | DI15: 80 | DJ15: =IFERROR(DJ16+DJ17,"") -> 16.5 | DK15: 74 | DL15: =IFERROR(DL16+DL17,"") -> 18.5 | DN15: =IFERROR(DN16+DN17,"") | DP15: =IFERROR(DP16+DP17,"") | DR15: =IFERROR(DR16+DR17,"") | DT15: =IFERROR(DT16+DT17,"") | DV15: =IFERROR(DV16+DV17,"") | DX15: =IFERROR(DX16+DX17,"") | DZ15: =IFERROR(DZ16+DZ17,"") | EB15: =IFERROR(EB16+EB17,"") | EC15: =IFERROR(LARGE($G15:$CN15,1),0)+IFERROR(LARGE($G15:$CN15,2),0)+IFERROR(LARGE($G15:$CN15,3),0)+IFERROR(LARGE($G15:$CN15,4),0)+IFERROR(LARGE($G15:$CN15,5),0)+IFERROR(LARGE($G15:$CN15,6),0)+IFERROR(LARGE($G15:$CN15,7),0)+IFERROR(LARGE($G15:$CN15,8),0)+IFERROR(LARGE($G15:$CN15,9),0)+IFERROR(LARGE($G15:$CN15,10),0) -> 192 | ED15: =AVERAGE(CT15,CV15,CX15,CZ15,DB15,DD15,DF15,DH15,DJ15,DL15,DN15,DP15,DR15,DT15,DV15,DX15,DZ15,EB15) -> 21.333333
B16: =B15+0.12 -> 4.12 | D16: CP1 | E16: Harvey Points | H16: =IF(CS16=0,"",CS16) -> 29 | J16: =IFERROR(RANK(H16,H$6:H$116,0),"") -> 13 | M16: =IF(CU16=0,"",CU16) | O16: =IFERROR(RANK(M16,M$6:M$116,0),"") | R16: =IF(CW16=0,"",CW16) -> 32 | T16: =IFERROR(RANK(R16,R$6:R$116,0),"") -> 6 | W16: =IF(CY16=0,"",CY16) -> 33 | Y16: =IFERROR(RANK(W16,W$6:W$116,0),"") -> 1 | AB16: =IF(DA16=0,"",DA16) -> 33 | AD16: =IFERROR(RANK(AB16,AB$6:AB$116,0),"") -> 4 | AG16: =IF(DC16=0,"",DC16) -> 29 | AI16: =IFERROR(RANK(AG16,AG$6:AG$116,0),"") -> 11 | AL16: =IF(DE16=0,"",DE16) -> 34 | AN16: =IFERROR(RANK(AL16,AL$6:AL$116,0),"") -> 5 | AQ16: =IF(DG16=0,"",DG16) -> 38 | AS16: =IFERROR(RANK(AQ16,AQ$6:AQ$116,0),"") -> 1 | AV16: =IF(DI16=0,"",DI16) -> 33 | AX16: =IFERROR(RANK(AV16,AV$6:AV$116,0),"") -> 10 | BA16: =IF(DK16=0,"",DK16) -> 34 | BC16: =IFERROR(RANK(BA16,BA$6:BA$116,0),"") -> 5 | BF16: =IF(DM16=0,"",DM16) | BH16: =IFERROR(RANK(BF16,BF$6:BF$116,0),"") | BK16: =IF(DO16=0,"",DO16) | BM16: =IFERROR(RANK(BK16,BK$6:BK$116,0),"") | BP16: =IF(DQ16=0,"",DQ16) | BR16: =IFERROR(RANK(BP16,BP$6:BP$116,0),"") | BU16: =IF(DS16=0,"",DS16) | BW16: =IFERROR(RANK(BU16,BU$6:BU$116,0),"") | BZ16: =IF(DU16=0,"",DU16) | CB16: =IFERROR(RANK(BZ16,BZ$6:BZ$116,0),"") | CE16: =IF(DW16=0,"",DW16) | CG16: =IFERROR(RANK(CE16,CE$6:CE$116,0),"") | CJ16: =IF(DY16=0,"",DY16) | CL16: =IFERROR(RANK(CJ16,CJ$6:CJ$116,0),"") | CO16: =IF(EA16=0,"",EA16) | CQ16: =IFERROR(RANK(CO16,CO$6:CO$116,0),"") | CS16: 29 | CT16: =IFERROR(AVERAGE(OFFSET('Data - For Rank'!B$2,J16,0,COUNTIF($J$7:J$116,J16)))+IFERROR(VLOOKUP((COUNT($H$6:$H$116)/4),$ER$9:$ES$13,2,FALSE()),0),"") -> 6 | CV16: =IFERROR(AVERAGE(OFFSET('Data - For Rank'!$C$2,O16,0,COUNTIF(O$7:O$116,O16)))+IFERROR(VLOOKUP((COUNT(M$6:M$116)/4),$ER$9:$ES$13,2,FALSE()),0),"") | CW16: 32 | CX16: =IFERROR(AVERAGE(OFFSET('Data - For Rank'!D$2,T16,0,COUNTIF(T$7:T$116,T16)))+IFERROR(VLOOKUP((COUNT(R$6:R$116)/4),$ER$9:$ES$13,2,FALSE()),0),"") -> 11 | CY16: 33 | CZ16: =IFERROR(AVERAGE(OFFSET('Data - For Rank'!E$2,Y16,0,COUNTIF(Y$7:Y$116,Y16)))+IFERROR(VLOOKUP((COUNT(W$6:W$116)/4),$ER$9:$ES$13,2,FALSE()),0),"") -> 14 | DA16: 33 | DB16: =IFERROR(AVERAGE(OFFSET('Data - For Rank'!F$2,AD16,0,COUNTIF(AD$7:AD$116,AD16)))+IFERROR(VLOOKUP((COUNT(AB$6:AB$116)/4),$ER$9:$ES$13,2,FALSE()),0),"") -> 14 | DC16: 29 | DD16: =IFERROR(AVERAGE(OFFSET('Data - For Rank'!G$2,AI16,0,COUNTIF(AI$7:AI$116,AI16)))+IFERROR(VLOOKUP((COUNT(AG$6:AG$116)/4),$ER$9:$ES$13,2,FALSE()),0),"") -> 7.5 | DE16: 34 | DF16: =IFERROR(AVERAGE(OFFSET('Data - For Rank'!$H$2,AN16,0,COUNTIF(AN$7:AN$116,AN16)))+IFERROR(VLOOKUP((COUNT(AL$6:AL$116)/4),$ER$9:$ES$13,2,FALSE()),0),"") -> 10.5 | DG16: 38 | DH16: =IFERROR(AVERAGE(OFFSET('Data - For Rank'!$I$2,AS16,0,COUNTIF(AS$7:AS$116,AS16)))+IFERROR(VLOOKUP((COUNT(AQ$6:AQ$116)/4),$ER$9:$ES$13,2,FALSE()),0),"") -> 18 | DI16: 33 | DJ16: =IFERROR(AVERAGE(OFFSET('Data - For Rank'!$J$2,AX16,0,COUNTIF(AX$7:AX$116,AX16)))+IFERROR(VLOOKUP((COUNT(AV$6:AV$116)/4),$ER$9:$ES$13,2,FALSE()),0),"") -> 8.5 | DK16: 34 | DL16: =IFERROR(AVERAGE(OFFSET('Data - For Rank'!$K$2,BC16,0,COUNTIF(BC$7:BC$116,BC16)))+IFERROR(VLOOKUP((COUNT(BA$6:BA$116)/4),$ER$9:$ES$13,2,FALSE()),0),"") -> 11.5 | DN16: =IFERROR(AVERAGE(OFFSET('Data - For Rank'!$L$2,BH16,0,COUNTIF(BH$7:BH$116,BH16)))+IFERROR(VLOOKUP((COUNT(BF$6:BF$116)/4),$ER$9:$ES$13,2,FALSE()),0),"") | DP16: =IFERROR(AVERAGE(OFFSET('Data - For Rank'!$M$2,BM16,0,COUNTIF(BM$7:BM$116,BM16)))+IFERROR(VLOOKUP((COUNT(BK$6:BK$116)/4),$ER$9:$ES$13,2,FALSE()),0),"") | DR16: =IFERROR(AVERAGE(OFFSET('Data - For Rank'!$N$2,BR16,0,COUNTIF(BR$7:BR$116,BR16)))+IFERROR(VLOOKUP((COUNT(BP$6:BP$116)/4),$ER$9:$ES$13,2,FALSE()),0),"") | DT16: =IFERROR(AVERAGE(OFFSET('Data - For Rank'!$O$2,BW16,0,COUNTIF(BW$7:BW$116,BW16)))+IFERROR(VLOOKUP((COUNT(BU$6:BU$116)/4),$ER$9:$ES$13,2,FALSE()),0),"") | DV16: =IFERROR(AVERAGE(OFFSET('Data - For Rank'!$P$2,CB16,0,COUNTIF(CB$7:CB$116,CB16)))+IFERROR(VLOOKUP((COUNT(BZ$6:BZ$116)/4),$ER$9:$ES$13,2,FALSE()),0),"") | DX16: =IFERROR(AVERAGE(OFFSET('Data - For Rank'!$Q$2,CG16,0,COUNTIF(CG$7:CG$116,CG16)))+IFERROR(VLOOKUP((COUNT(CE$6:CE$116)/4),$ER$9:$ES$13,2,FALSE()),0),"") | DZ16: =IFERROR(AVERAGE(OFFSET('Data - For Rank'!$R$2,CL16,0,COUNTIF(CL$7:CL$116,CL16)))+IFERROR(VLOOKUP((COUNT(CJ$6:CJ$116)/4),$ER$9:$ES$13,2,FALSE()),0),"") | EB16: =IFERROR(AVERAGE(OFFSET('Data - For Rank'!$S$2,CQ16,0,COUNTIF(CQ$7:CQ$116,CQ16)))+IFERROR(VLOOKUP((COUNT(CO$6:CO$116)/4),$ER$9:$ES$13,2,FALSE()),0),"") | EC16: =AVERAGE(CS16,CU16,CW16,CY16,DA16,DC16,DE16,DG16,DI16,DK16,DM16,DO16,DQ16,DS16,DU16,DW16,DY16,EA16) -> 32.777778 | ED16: =AVERAGE(CT16,CV16,CX16,CZ16,DB16,DD16,DF16,DH16,DJ16,DL16,DN16,DP16,DR16,DT16,DV16,DX16,DZ16,EB16) -> 11.222222 | EM16: Basically, one point for every player and you take two from the top and the bottom
B17: =B15+0.022 -> 4.022 | D17: CP2 | E17: cash +/- | F17: =IF(COUNT(G15:CN15)>10,SMALL(G15:CN15,COUNT(G15:CN15)-10),MIN(G15:CN15)) -> 11.5 | I17: =IF(CS17=0,"",CS17) -> 12 | K17: =IFERROR(_xlfn.RANK.EQ(I17,I$6:I$116,0),"") -> 3 | N17: =IF(CU17=0,"",CU17) | P17: =IFERROR(_xlfn.RANK.EQ(N17,N$6:N$116,0),"") | S17: =IF(CW17=0,"",CW17) -> 4 | U17: =IFERROR(_xlfn.RANK.EQ(S17,S$6:S$116,0),"") -> 4 | X17: =IF(CY17=0,"",CY17) -> 13 | Z17: =IFERROR(_xlfn.RANK.EQ(X17,X$6:X$116,0),"") -> 3 | AC17: =IF(DA17=0,"",DA17) -> -6 | AE17: =IFERROR(_xlfn.RANK.EQ(AC17,AC$6:AC$116,0),"") -> 11 | AH17: =IF(DC17=0,"",DC17) -> -28 | AJ17: =IFERROR(_xlfn.RANK.EQ(AH17,AH$6:AH$116,0),"") -> 15 | AM17: =IF(DE17=0,"",DE17) -> 4 | AO17: =IFERROR(_xlfn.RANK.EQ(AM17,AM$6:AM$116,0),"") -> 4 | AR17: =IF(DG17=0,"",DG17) -> -0.0001 | AT17: =IFERROR(_xlfn.RANK.EQ(AR17,AR$6:AR$116,0),"") -> 8 | AW17: =IF(DI17=0,"",DI17) -> -9 | AY17: =IFERROR(_xlfn.RANK.EQ(AW17,AW$6:AW$116,0),"") -> 11 | BB17: =IF(DK17=0,"",DK17) -> -18 | BD17: =IFERROR(_xlfn.RANK.EQ(BB17,BB$6:BB$116,0),"") -> 10 | BG17: =IF(DM17=0,"",DM17) | BI17: =IFERROR(_xlfn.RANK.EQ(BG17,BG$6:BG$116,0),"") | BL17: =IF(DO17=0,"",DO17) | BN17: =IFERROR(_xlfn.RANK.EQ(BL17,BL$6:BL$116,0),"") | BQ17: =IF(DQ17=0,"",DQ17) | BS17: =IFERROR(_xlfn.RANK.EQ(BQ17,BQ$6:BQ$116,0),"") | BV17: =IF(DS17=0,"",DS17) | BX17: =IFERROR(_xlfn.RANK.EQ(BV17,BV$6:BV$116,0),"") | CA17: =IF(DU17=0,"",DU17) | CC17: =IFERROR(_xlfn.RANK.EQ(CA17,CA$6:CA$116,0),"") | CF17: =IF(DW17=0,"",DW17) | CH17: =IFERROR(_xlfn.RANK.EQ(CF17,CF$6:CF$116,0),"") | CK17: =IF(DY17=0,"",DY17) | CM17: =IFERROR(_xlfn.RANK.EQ(CK17,CK$6:CK$116,0),"") | CP17: =IF(EA17=0,"",EA17) | CR17: =IFERROR(_xlfn.RANK.EQ(CP17,CP$6:CP$116,0),"") | CS17: 12 | CT17: =IFERROR(AVERAGE(OFFSET('Data - For Rank'!B$2,K17,0,COUNTIF(K$6:K$116,K17)))+IFERROR(VLOOKUP((COUNT($I$6:$I$116)/4),$ER$9:$ES$13,2,FALSE()),0),"") -> 16 | CV17: =IFERROR(AVERAGE(OFFSET('Data - For Rank'!$C$2,P17,0,COUNTIF(P$6:P$116,P17)))+IFERROR(VLOOKUP((COUNT(N$6:N$116)/4),$ER$9:$ES$13,2,FALSE()),0),"") | CW17: 4 | CX17: =IFERROR(AVERAGE(OFFSET('Data - For Rank'!D$2,U17,0,COUNTIF(U$6:$U125,U17)))+IFERROR(VLOOKUP((COUNT(S$6:S$116)/4),$ER$9:$ES$13,2,FALSE()),0),"") -> 12.5 | CY17: 13 | CZ17: =IFERROR(AVERAGE(OFFSET('Data - For Rank'!E$2,Z17,0,COUNTIF(Z$6:Z$116,Z17)))+IFERROR(VLOOKUP((COUNT(W$6:W$116)/4),$ER$9:$ES$13,2,FALSE()),0),"") -> 12 | DA17: -6 | DB17: =IFERROR(AVERAGE(OFFSET('Data - For Rank'!F$2,AE17,0,COUNTIF(AE$6:AE$116,AE17)))+IFERROR(VLOOKUP((COUNT(AC$6:AC$116)/4),$ER$9:$ES$13,2,FALSE()),0),"") -> 8 | DC17: -28 | DD17: =IFERROR(AVERAGE(OFFSET('Data - For Rank'!G$2,AJ17,0,COUNTIF(AJ$6:AJ$116,AJ17)))+IFERROR(VLOOKUP((COUNT(AH$6:AH$116)/4),$ER$9:$ES$13,2,FALSE()),0),"") -> 4 | DE17: 4 | DF17: =IFERROR(AVERAGE(OFFSET('Data - For Rank'!$H$2,AO17,0,COUNTIF(AO$6:AO$116,AO17)))+IFERROR(VLOOKUP((COUNT(AM$6:AM$116)/4),$ER$9:$ES$13,2,FALSE()),0),"") -> 13 | DG17: -0.0001 | DH17: =IFERROR(AVERAGE(OFFSET('Data - For Rank'!$I$2,AT17,0,COUNTIF(AT$6:AT$116,AT17)))+IFERROR(VLOOKUP((COUNT(AR$6:AR$116)/4),$ER$9:$ES$13,2,FALSE()),0),"") -> 10.5 | DI17: -9 | DJ17: =IFERROR(AVERAGE(OFFSET('Data - For Rank'!$J$2,AY17,0,COUNTIF(AY$6:AY$116,AY17)))+IFERROR(VLOOKUP((COUNT(AW$6:AW$116)/4),$ER$9:$ES$13,2,FALSE()),0),"") -> 8 | DK17: -18 | DL17: =IFERROR(AVERAGE(OFFSET('Data - For Rank'!$K$2,BD17,0,COUNTIF(BD$6:BD$116,BD17)))+IFERROR(VLOOKUP((COUNT(BB$6:BB$116)/4),$ER$9:$ES$13,2,FALSE()),0),"") -> 7 | DN17: =IFERROR(AVERAGE(OFFSET('Data - For Rank'!$L$2,BI17,0,COUNTIF(BI$6:BI$116,BI17)))+IFERROR(VLOOKUP((COUNT(BG$6:BG$116)/4),$ER$9:$ES$13,2,FALSE()),0),"") | DP17: =IFERROR(AVERAGE(OFFSET('Data - For Rank'!$M$2,BN17,0,COUNTIF(BN$6:BN$116,BN17)))+IFERROR(VLOOKUP((COUNT(BL$6:BL$116)/4),$ER$9:$ES$13,2,FALSE()),0),"") | DR17: =IFERROR(AVERAGE(OFFSET('Data - For Rank'!$N$2,BS17,0,COUNTIF(BS$6:BS$116,BS17)))+IFERROR(VLOOKUP((COUNT(BQ$6:BQ$116)/4),$ER$9:$ES$13,2,FALSE()),0),"") | DT17: =IFERROR(AVERAGE(OFFSET('Data - For Rank'!$O$2,BX17,0,COUNTIF(BX$6:BX$116,BX17)))+IFERROR(VLOOKUP((COUNT(BV$6:BV$116)/4),$ER$9:$ES$13,2,FALSE()),0),"") | DV17: =IFERROR(AVERAGE(OFFSET('Data - For Rank'!$P$2,CC17,0,COUNTIF(CC$6:CC$116,CC17)))+IFERROR(VLOOKUP((COUNT(CA$6:CA$116)/4),$ER$9:$ES$13,2,FALSE()),0),"") | DX17: =IFERROR(AVERAGE(OFFSET('Data - For Rank'!$Q$2,CH17,0,COUNTIF(CH$6:CH$116,CH17)))+IFERROR(VLOOKUP((COUNT(CF$6:CF$116)/4),$ER$9:$ES$13,2,FALSE()),0),"") | DZ17: =IFERROR(AVERAGE(OFFSET('Data - For Rank'!$R$2,CM17,0,COUNTIF(CM$6:CM$116,CM17)))+IFERROR(VLOOKUP((COUNT(CK$6:CK$116)/4),$ER$9:$ES$13,2,FALSE()),0),"") | EB17: =IFERROR(AVERAGE(OFFSET('Data - For Rank'!$S$2,CR17,0,COUNTIF(CR$6:CR$116,CR17)))+IFERROR(VLOOKUP((COUNT(CP$6:CP$116)/4),$ER$9:$ES$13,2,FALSE()),0),"") | EC17: =CS17+CU17+CW17+CY17+DA17+DC17+DE17+DG17+DI17+DK17+DM17+DO17+DQ17+DS17+DU17+DW17+DY17+EA17 -> -28.0001 | ED17: =AVERAGE(CT17,CV17,CX17,CZ17,DB17,DD17,DF17,DH17,DJ17,DL17,DN17,DP17,DR17,DT17,DV17,DX17,DZ17,EB17) -> 10.111111
B18: =_xlfn.RANK.EQ(C18,$C$6:$C$63,) -> 5 | C18: =EC18 -> 173.5 | D18: NC | E18: Nathan Copley | F18: =COUNT(CT18,CV18,CX18,CZ18,DB18,DD18,DF18,DH18,DJ18,DL18,DN18,DP18,DR18,DT18,DV18,DX18,DZ18,EB18) -> 7 | G18: =IF(CT18=0,"",CT18) -> 22 | L18: =IF(CV18=0,"",CV18) | Q18: =IF(CX18=0,"",CX18) | V18: =IF(CZ18=0,"",CZ18) | AA18: =IF(DB18=0,"",DB18) -> 34 | AF18: =IF(DD18=0,"",DD18) -> 32.5 | AK18: =IF(DF18=0,"",DF18) -> 22 | AP18: =IF(DH18=0,"",DH18) -> 21.5 | AU18: =IF(DJ18=0,"",DJ18) -> 23.5 | AZ18: =IF(DL18=0,"",DL18) -> 18 | BE18: =IF(DN18=0,"",DN18) | BJ18: =IF(DP18=0,"",DP18) | BO18: =IF(DR18=0,"",DR18) | BT18: =IF(DT18=0,"",DT18) | BY18: =IF(DV18=0,"",DV18) | CD18: =IF(DX18=0,"",DX18) | CI18: =IF(DZ18=0,"",DZ18) | CN18: =IF(EB18=0,"",EB18) | CS18: 85 | CT18: =IFERROR(CT19+CT20,"") -> 22 | CV18: =IFERROR(CV19+CV20,"") | CX18: =IFERROR(CX19+CX20,"") | CZ18: =IFERROR(CZ19+CZ20,"") | DA18: 80 | DB18: =IFERROR(DB19+DB20,"") -> 34 | DC18: 80 | DD18: =IFERROR(DD19+DD20,"") -> 32.5 | DE18: 74 | DF18: =IFERROR(DF19+DF20,"") -> 22 | DG18: 81 | DH18: =IFERROR(DH19+DH20,"") -> 21.5 | DI18: 83 | DJ18: =IFERROR(DJ19+DJ20,"") -> 23.5 | DK18: 77 | DL18: =IFERROR(DL19+DL20,"") -> 18 | DN18: =IFERROR(DN19+DN20,"") | DP18: =IFERROR(DP19+DP20,"") | DR18: =IFERROR(DR19+DR20,"") | DT18: =IFERROR(DT19+DT20,"") | DV18: =IFERROR(DV19+DV20,"") | DX18: =IFERROR(DX19+DX20,"") | DZ18: =IFERROR(DZ19+DZ20,"") | EB18: =IFERROR(EB19+EB20,"") | EC18: =IFERROR(LARGE($G18:$CN18,1),0)+IFERROR(LARGE($G18:$CN18,2),0)+IFERROR(LARGE($G18:$CN18,3),0)+IFERROR(LARGE($G18:$CN18,4),0)+IFERROR(LARGE($G18:$CN18,5),0)+IFERROR(LARGE($G18:$CN18,6),0)+IFERROR(LARGE($G18:$CN18,7),0)+IFERROR(LARGE($G18:$CN18,8),0)+IFERROR(LARGE($G18:$CN18,9),0)+IFERROR(LARGE($G18:$CN18,10),0) -> 173.5 | ED18: =AVERAGE(CT18,CV18,CX18,CZ18,DB18,DD18,DF18,DH18,DJ18,DL18,DN18,DP18,DR18,DT18,DV18,DX18,DZ18,EB18) -> 24.785714
B19: =B18+0.111 -> 5.111 | D19: NC1 | E19: Harvey Points | H19: =IF(CS19=0,"",CS19) -> 32 | J19: =IFERROR(RANK(H19,H$6:H$116,0),"") -> 6 | M19: =IF(CU19=0,"",CU19) | O19: =IFERROR(RANK(M19,M$6:M$116,0),"") | R19: =IF(CW19=0,"",CW19) | T19: =IFERROR(RANK(R19,R$6:R$116,0),"") | W19: =IF(CY19=0,"",CY19) | Y19: =IFERROR(RANK(W19,W$6:W$116,0),"") | AB19: =IF(DA19=0,"",DA19) -> 37 | AD19: =IFERROR(RANK(AB19,AB$6:AB$116,0),"") -> 1 | AG19: =IF(DC19=0,"",DC19) -> 37 | AI19: =IFERROR(RANK(AG19,AG$6:AG$116,0),"") -> 2 | AL19: =IF(DE19=0,"",DE19) -> 39 | AN19: =IFERROR(RANK(AL19,AL$6:AL$116,0),"") -> 1 | AQ19: =IF(DG19=0,"",DG19) -> 34 | AS19: =IFERROR(RANK(AQ19,AQ$6:AQ$116,0),"") -> 6 | AV19: =IF(DI19=0,"",DI19) -> 33 | AX19: =IFERROR(RANK(AV19,AV$6:AV$116,0),"") -> 10 | BA19: =IF(DK19=0,"",DK19) -> 33 | BC19: =IFERROR(RANK(BA19,BA$6:BA$116,0),"") -> 7 | BF19: =IF(DM19=0,"",DM19) | BH19: =IFERROR(RANK(BF19,BF$6:BF$116,0),"") | BK19: =IF(DO19=0,"",DO19) | BM19: =IFERROR(RANK(BK19,BK$6:BK$116,0),"") | BP19: =IF(DQ19=0,"",DQ19) | BR19: =IFERROR(RANK(BP19,BP$6:BP$116,0),"") | BU19: =IF(DS19=0,"",DS19) | BW19: =IFERROR(RANK(BU19,BU$6:BU$116,0),"") | BZ19: =IF(DU19=0,"",DU19) | CB19: =IFERROR(RANK(BZ19,BZ$6:BZ$116,0),"") | CE19: =IF(DW19=0,"",DW19) | CG19: =IFERROR(RANK(CE19,CE$6:CE$116,0),"") | CJ19: =IF(DY19=0,"",DY19) | CL19: =IFERROR(RANK(CJ19,CJ$6:CJ$116,0),"") | CO19: =IF(EA19=0,"",EA19) | CQ19: =IFERROR(RANK(CO19,CO$6:CO$116,0),"") | CS19: 32 | CT19: =IFERROR(AVERAGE(OFFSET('Data - For Rank'!B$2,J19,0,COUNTIF($J$7:J$116,J19)))+IFERROR(VLOOKUP((COUNT($H$6:$H$116)/4),$ER$9:$ES$13,2,FALSE()),0),"") -> 12.5 | CV19: =IFERROR(AVERAGE(OFFSET('Data - For Rank'!$C$2,O19,0,COUNTIF(O$7:O$116,O19)))+IFERROR(VLOOKUP((COUNT(M$6:M$116)/4),$ER$9:$ES$13,2,FALSE()),0),"") | CX19: =IFERROR(AVERAGE(OFFSET('Data - For Rank'!D$2,T19,0,COUNTIF(T$7:T$116,T19)))+IFERROR(VLOOKUP((COUNT(R$6:R$116)/4),$ER$9:$ES$13,2,FALSE()),0),"") | CZ19: =IFERROR(AVERAGE(OFFSET('Data - For Rank'!E$2,Y19,0,COUNTIF(Y$7:Y$116,Y19)))+IFERROR(VLOOKUP((COUNT(W$6:W$116)/4),$ER$9:$ES$13,2,FALSE()),0),"") | DA19: 37 | DB19: =IFERROR(AVERAGE(OFFSET('Data - For Rank'!F$2,AD19,0,COUNTIF(AD$7:AD$116,AD19)))+IFERROR(VLOOKUP((COUNT(AB$6:AB$116)/4),$ER$9:$ES$13,2,FALSE()),0),"") -> 18 | DC19: 37 | DD19: =IFERROR(AVERAGE(OFFSET('Data - For Rank'!G$2,AI19,0,COUNTIF(AI$7:AI$116,AI19)))+IFERROR(VLOOKUP((COUNT(AG$6:AG$116)/4),$ER$9:$ES$13,2,FALSE()),0),"") -> 16.5 | DE19: 39 | DF19: =IFERROR(AVERAGE(OFFSET('Data - For Rank'!$H$2,AN19,0,COUNTIF(AN$7:AN$116,AN19)))+IFERROR(VLOOKUP((COUNT(AL$6:AL$116)/4),$ER$9:$ES$13,2,FALSE()),0),"") -> 15.5 | DG19: 34 | DH19: =IFERROR(AVERAGE(OFFSET('Data - For Rank'!$I$2,AS19,0,COUNTIF(AS$7:AS$116,AS19)))+IFERROR(VLOOKUP((COUNT(AQ$6:AQ$116)/4),$ER$9:$ES$13,2,FALSE()),0),"") -> 13 | DI19: 33 | DJ19: =IFERROR(AVERAGE(OFFSET('Data - For Rank'!$J$2,AX19,0,COUNTIF(AX$7:AX$116,AX19)))+IFERROR(VLOOKUP((COUNT(AV$6:AV$116)/4),$ER$9:$ES$13,2,FALSE()),0),"") -> 8.5 | DK19: 33 | DL19: =IFERROR(AVERAGE(OFFSET('Data - For Rank'!$K$2,BC19,0,COUNTIF(BC$7:BC$116,BC19)))+IFERROR(VLOOKUP((COUNT(BA$6:BA$116)/4),$ER$9:$ES$13,2,FALSE()),0),"") -> 9.5 | DN19: =IFERROR(AVERAGE(OFFSET('Data - For Rank'!$L$2,BH19,0,COUNTIF(BH$7:BH$116,BH19)))+IFERROR(VLOOKUP((COUNT(BF$6:BF$116)/4),$ER$9:$ES$13,2,FALSE()),0),"") | DP19: =IFERROR(AVERAGE(OFFSET('Data - For Rank'!$M$2,BM19,0,COUNTIF(BM$7:BM$116,BM19)))+IFERROR(VLOOKUP((COUNT(BK$6:BK$116)/4),$ER$9:$ES$13,2,FALSE()),0),"") | DR19: =IFERROR(AVERAGE(OFFSET('Data - For Rank'!$N$2,BR19,0,COUNTIF(BR$7:BR$116,BR19)))+IFERROR(VLOOKUP((COUNT(BP$6:BP$116)/4),$ER$9:$ES$13,2,FALSE()),0),"") | DT19: =IFERROR(AVERAGE(OFFSET('Data - For Rank'!$O$2,BW19,0,COUNTIF(BW$7:BW$116,BW19)))+IFERROR(VLOOKUP((COUNT(BU$6:BU$116)/4),$ER$9:$ES$13,2,FALSE()),0),"") | DV19: =IFERROR(AVERAGE(OFFSET('Data - For Rank'!$P$2,CB19,0,COUNTIF(CB$7:CB$116,CB19)))+IFERROR(VLOOKUP((COUNT(BZ$6:BZ$116)/4),$ER$9:$ES$13,2,FALSE()),0),"") | DX19: =IFERROR(AVERAGE(OFFSET('Data - For Rank'!$Q$2,CG19,0,COUNTIF(CG$7:CG$116,CG19)))+IFERROR(VLOOKUP((COUNT(CE$6:CE$116)/4),$ER$9:$ES$13,2,FALSE()),0),"") | DZ19: =IFERROR(AVERAGE(OFFSET('Data - For Rank'!$R$2,CL19,0,COUNTIF(CL$7:CL$116,CL19)))+IFERROR(VLOOKUP((COUNT(CJ$6:CJ$116)/4),$ER$9:$ES$13,2,FALSE()),0),"") | EB19: =IFERROR(AVERAGE(OFFSET('Data - For Rank'!$S$2,CQ19,0,COUNTIF(CQ$7:CQ$116,CQ19)))+IFERROR(VLOOKUP((COUNT(CO$6:CO$116)/4),$ER$9:$ES$13,2,FALSE()),0),"") | EC19: =AVERAGE(CS19,CU19,CW19,CY19,DA19,DC19,DE19,DG19,DI19,DK19,DM19,DO19,DQ19,DS19,DU19,DW19,DY19,EA19) -> 35 | ED19: =AVERAGE(CT19,CV19,CX19,CZ19,DB19,DD19,DF19,DH19,DJ19,DL19,DN19,DP19,DR19,DT19,DV19,DX19,DZ19,EB19) -> 13.357143
B20: =B18+0.0211 -> 5.0211 | D20: NC2 | E20: cash +/- | F20: =IF(COUNT(G18:CN18)>10,SMALL(G18:CN18,COUNT(G18:CN18)-10),MIN(G18:CN18)) -> 18 | I20: =IF(CS20=0,"",CS20) -> -8 | K20: =IFERROR(_xlfn.RANK.EQ(I20,I$6:I$116,0),"") -> 9 | N20: =IF(CU20=0,"",CU20) | P20: =IFERROR(_xlfn.RANK.EQ(N20,N$6:N$116,0),"") | S20: =IF(CW20=0,"",CW20) | U20: =IFERROR(_xlfn.RANK.EQ(S20,S$6:S$116,0),"") | X20: =IF(CY20=0,"",CY20) | Z20: =IFERROR(_xlfn.RANK.EQ(X20,X$6:X$116,0),"") | AC20: =IF(DA20=0,"",DA20) -> 28 | AE20: =IFERROR(_xlfn.RANK.EQ(AC20,AC$6:AC$116,0),"") -> 3 | AH20: =IF(DC20=0,"",DC20) -> 17 | AJ20: =IFERROR(_xlfn.RANK.EQ(AH20,AH$6:AH$116,0),"") -> 3 | AM20: =IF(DE20=0,"",DE20) -> -8 | AO20: =IFERROR(_xlfn.RANK.EQ(AM20,AM$6:AM$116,0),"") -> 10 | AR20: =IF(DG20=0,"",DG20) -> -2 | AT20: =IFERROR(_xlfn.RANK.EQ(AR20,AR$6:AR$116,0),"") -> 10 | AW20: =IF(DI20=0,"",DI20) -> 13 | AY20: =IFERROR(_xlfn.RANK.EQ(AW20,AW$6:AW$116,0),"") -> 4 | BB20: =IF(DK20=0,"",DK20) -> -8 | BD20: =IFERROR(_xlfn.RANK.EQ(BB20,BB$6:BB$116,0),"") -> 8 | BG20: =IF(DM20=0,"",DM20) | BI20: =IFERROR(_xlfn.RANK.EQ(BG20,BG$6:BG$116,0),"") | BL20: =IF(DO20=0,"",DO20) | BN20: =IFERROR(_xlfn.RANK.EQ(BL20,BL$6:BL$116,0),"") | BQ20: =IF(DQ20=0,"",DQ20) | BS20: =IFERROR(_xlfn.RANK.EQ(BQ20,BQ$6:BQ$116,0),"") | BV20: =IF(DS20=0,"",DS20) | BX20: =IFERROR(_xlfn.RANK.EQ(BV20,BV$6:BV$116,0),"") | CA20: =IF(DU20=0,"",DU20) | CC20: =IFERROR(_xlfn.RANK.EQ(CA20,CA$6:CA$116,0),"") | CF20: =IF(DW20=0,"",DW20) | CH20: =IFERROR(_xlfn.RANK.EQ(CF20,CF$6:CF$116,0),"") | CK20: =IF(DY20=0,"",DY20) | CM20: =IFERROR(_xlfn.RANK.EQ(CK20,CK$6:CK$116,0),"") | CP20: =IF(EA20=0,"",EA20) | CR20: =IFERROR(_xlfn.RANK.EQ(CP20,CP$6:CP$116,0),"") | CS20: -8 | CT20: =IFERROR(AVERAGE(OFFSET('Data - For Rank'!B$2,K20,0,COUNTIF(K$6:K$116,K20)))+IFERROR(VLOOKUP((COUNT($I$6:$I$116)/4),$ER$9:$ES$13,2,FALSE()),0),"") -> 9.5 | CV20: =IFERROR(AVERAGE(OFFSET('Data - For Rank'!$C$2,P20,0,COUNTIF(P$6:P$116,P20)))+IFERROR(VLOOKUP((COUNT(N$6:N$116)/4),$ER$9:$ES$13,2,FALSE()),0),"") | CX20: =IFERROR(AVERAGE(OFFSET('Data - For Rank'!D$2,U20,0,COUNTIF(U$6:$U128,U20)))+IFERROR(VLOOKUP((COUNT(S$6:S$116)/4),$ER$9:$ES$13,2,FALSE()),0),"") | CZ20: =IFERROR(AVERAGE(OFFSET('Data - For Rank'!E$2,Z20,0,COUNTIF(Z$6:Z$116,Z20)))+IFERROR(VLOOKUP((COUNT(W$6:W$116)/4),$ER$9:$ES$13,2,FALSE()),0),"") | DA20: 28 | DB20: =IFERROR(AVERAGE(OFFSET('Data - For Rank'!F$2,AE20,0,COUNTIF(AE$6:AE$116,AE20)))+IFERROR(VLOOKUP((COUNT(AC$6:AC$116)/4),$ER$9:$ES$13,2,FALSE()),0),"") -> 16 | DC20: 17 | DD20: =IFERROR(AVERAGE(OFFSET('Data - For Rank'!G$2,AJ20,0,COUNTIF(AJ$6:AJ$116,AJ20)))+IFERROR(VLOOKUP((COUNT(AH$6:AH$116)/4),$ER$9:$ES$13,2,FALSE()),0),"") -> 16 | DE20: -8 | DF20: =IFERROR(AVERAGE(OFFSET('Data - For Rank'!$H$2,AO20,0,COUNTIF(AO$6:AO$116,AO20)))+IFERROR(VLOOKUP((COUNT(AM$6:AM$116)/4),$ER$9:$ES$13,2,FALSE()),0),"") -> 6.5 | DG20: -2 | DH20: =IFERROR(AVERAGE(OFFSET('Data - For Rank'!$I$2,AT20,0,COUNTIF(AT$6:AT$116,AT20)))+IFERROR(VLOOKUP((COUNT(AR$6:AR$116)/4),$ER$9:$ES$13,2,FALSE()),0),"") -> 8.5 | DI20: 13 | DJ20: =IFERROR(AVERAGE(OFFSET('Data - For Rank'!$J$2,AY20,0,COUNTIF(AY$6:AY$116,AY20)))+IFERROR(VLOOKUP((COUNT(AW$6:AW$116)/4),$ER$9:$ES$13,2,FALSE()),0),"") -> 15 | DK20: -8 | DL20: =IFERROR(AVERAGE(OFFSET('Data - For Rank'!$K$2,BD20,0,COUNTIF(BD$6:BD$116,BD20)))+IFERROR(VLOOKUP((COUNT(BB$6:BB$116)/4),$ER$9:$ES$13,2,FALSE()),0),"") -> 8.5 | DN20: =IFERROR(AVERAGE(OFFSET('Data - For Rank'!$L$2,BI20,0,COUNTIF(BI$6:BI$116,BI20)))+IFERROR(VLOOKUP((COUNT(BG$6:BG$116)/4),$ER$9:$ES$13,2,FALSE()),0),"") | DP20: =IFERROR(AVERAGE(OFFSET('Data - For Rank'!$M$2,BN20,0,COUNTIF(BN$6:BN$116,BN20)))+IFERROR(VLOOKUP((COUNT(BL$6:BL$116)/4),$ER$9:$ES$13,2,FALSE()),0),"") | DR20: =IFERROR(AVERAGE(OFFSET('Data - For Rank'!$N$2,BS20,0,COUNTIF(BS$6:BS$116,BS20)))+IFERROR(VLOOKUP((COUNT(BQ$6:BQ$116)/4),$ER$9:$ES$13,2,FALSE()),0),"") | DT20: =IFERROR(AVERAGE(OFFSET('Data - For Rank'!$O$2,BX20,0,COUNTIF(BX$6:BX$116,BX20)))+IFERROR(VLOOKUP((COUNT(BV$6:BV$116)/4),$ER$9:$ES$13,2,FALSE()),0),"") | DV20: =IFERROR(AVERAGE(OFFSET('Data - For Rank'!$P$2,CC20,0,COUNTIF(CC$6:CC$116,CC20)))+IFERROR(VLOOKUP((COUNT(CA$6:CA$116)/4),$ER$9:$ES$13,2,FALSE()),0),"") | DX20: =IFERROR(AVERAGE(OFFSET('Data - For Rank'!$Q$2,CH20,0,COUNTIF(CH$6:CH$116,CH20)))+IFERROR(VLOOKUP((COUNT(CF$6:CF$116)/4),$ER$9:$ES$13,2,FALSE()),0),"") | DZ20: =IFERROR(AVERAGE(OFFSET('Data - For Rank'!$R$2,CM20,0,COUNTIF(CM$6:CM$116,CM20)))+IFERROR(VLOOKUP((COUNT(CK$6:CK$116)/4),$ER$9:$ES$13,2,FALSE()),0),"") | EB20: =IFERROR(AVERAGE(OFFSET('Data - For Rank'!$S$2,CR20,0,COUNTIF(CR$6:CR$116,CR20)))+IFERROR(VLOOKUP((COUNT(CP$6:CP$116)/4),$ER$9:$ES$13,2,FALSE()),0),"") | EC20: =CS20+CU20+CW20+CY20+DA20+DC20+DE20+DG20+DI20+DK20+DM20+DO20+DQ20+DS20+DU20+DW20+DY20+EA20 -> 32 | ED20: =AVERAGE(CT20,CV20,CX20,CZ20,DB20,DD20,DF20,DH20,DJ20,DL20,DN20,DP20,DR20,DT20,DV20,DX20,DZ20,EB20) -> 11.428571 | EM20: Count the rounds and divide by 4 to determine the points
B21: =_xlfn.RANK.EQ(C21,$C$6:$C$63,) -> 6 | C21: =EC21 -> 168 | D21: KC | E21: Kyle Cox | F21: =COUNT(CT21,CV21,CX21,CZ21,DB21,DD21,DF21,DH21,DJ21,DL21,DN21,DP21,DR21,DT21,DV21,DX21,DZ21,EB21) -> 7 | G21: =IF(CT21=0,"",CT21) -> 26.5 | L21: =IF(CV21=0,"",CV21) | Q21: =IF(CX21=0,"",CX21) | V21: =IF(CZ21=0,"",CZ21) -> 24 | AA21: =IF(DB21=0,"",DB21) -> 23 | AF21: =IF(DD21=0,"",DD21) -> 29 | AK21: =IF(DF21=0,"",DF21) | AP21: =IF(DH21=0,"",DH21) -> 10.5 | AU21: =IF(DJ21=0,"",DJ21) -> 33 | AZ21: =IF(DL21=0,"",DL21) -> 22 | BE21: =IF(DN21=0,"",DN21) | BJ21: =IF(DP21=0,"",DP21) | BO21: =IF(DR21=0,"",DR21) | BT21: =IF(DT21=0,"",DT21) | BY21: =IF(DV21=0,"",DV21) | CD21: =IF(DX21=0,"",DX21) | CI21: =IF(DZ21=0,"",DZ21) | CN21: =IF(EB21=0,"",EB21) | CS21: 83 | CT21: =IFERROR(CT22+CT23,"") -> 26.5 | CV21: =IFERROR(CV22+CV23,"") | CX21: =IFERROR(CX22+CX23,"") | CY21: 84 | CZ21: =IFERROR(CZ22+CZ23,"") -> 24 | DA21: 87 | DB21: =IFERROR(DB22+DB23,"") -> 23 | DC21: 83 | DD21: =IFERROR(DD22+DD23,"") -> 29 | DF21: =IFERROR(DF22+DF23,"") | DG21: 88 | DH21: =IFERROR(DH22+DH23,"") -> 10.5 | DI21: 81 | DJ21: =IFERROR(DJ22+DJ23,"") -> 33 | DK21: 84 | DL21: =IFERROR(DL22+DL23,"") -> 22 | DN21: =IFERROR(DN22+DN23,"") | DP21: =IFERROR(DP22+DP23,"") | DR21: =IFERROR(DR22+DR23,"") | DT21: =IFERROR(DT22+DT23,"") | DV21: =IFERROR(DV22+DV23,"") | DX21: =IFERROR(DX22+DX23,"") | DZ21: =IFERROR(DZ22+DZ23,"") | EB21: =IFERROR(EB22+EB23,"") | EC21: =IFERROR(LARGE($G21:$CN21,1),0)+IFERROR(LARGE($G21:$CN21,2),0)+IFERROR(LARGE($G21:$CN21,3),0)+IFERROR(LARGE($G21:$CN21,4),0)+IFERROR(LARGE($G21:$CN21,5),0)+IFERROR(LARGE($G21:$CN21,6),0)+IFERROR(LARGE($G21:$CN21,7),0)+IFERROR(LARGE($G21:$CN21,8),0)+IFERROR(LARGE($G21:$CN21,9),0)+IFERROR(LARGE($G21:$CN21,10),0) -> 168 | ED21: =AVERAGE(CT21,CV21,CX21,CZ21,DB21,DD21,DF21,DH21,DJ21,DL21,DN21,DP21,DR21,DT21,DV21,DX21,DZ21,EB21) -> 24 | EM21: Rank the scores and add the points based on count above.
B22: =B21+0.14 -> 6.14 | D22: KC1 | E22: Harvey Points | H22: =IF(CS22=0,"",CS22) -> 33 | J22: =IFERROR(RANK(H22,H$6:H$116,0),"") -> 4 | M22: =IF(CU22=0,"",CU22) | O22: =IFERROR(RANK(M22,M$6:M$116,0),"") | R22: =IF(CW22=0,"",CW22) | T22: =IFERROR(RANK(R22,R$6:R$116,0),"") | W22: =IF(CY22=0,"",CY22) -> 30 | Y22: =IFERROR(RANK(W22,W$6:W$116,0),"") -> 4 | AB22: =IF(DA22=0,"",DA22) -> 31 | AD22: =IFERROR(RANK(AB22,AB$6:AB$116,0),"") -> 7 | AG22: =IF(DC22=0,"",DC22) -> 36 | AI22: =IFERROR(RANK(AG22,AG$6:AG$116,0),"") -> 4 | AL22: =IF(DE22=0,"",DE22) | AN22: =IFERROR(RANK(AL22,AL$6:AL$116,0),"") | AQ22: =IF(DG22=0,"",DG22) -> 29 | AS22: =IFERROR(RANK(AQ22,AQ$6:AQ$116,0),"") -> 12 | AV22: =IF(DI22=0,"",DI22) -> 38 | AX22: =IFERROR(RANK(AV22,AV$6:AV$116,0),"") -> 3 | BA22: =IF(DK22=0,"",DK22) -> 30 | BC22: =IFERROR(RANK(BA22,BA$6:BA$116,0),"") -> 9 | BF22: =IF(DM22=0,"",DM22) | BH22: =IFERROR(RANK(BF22,BF$6:BF$116,0),"") | BK22: =IF(DO22=0,"",DO22) | BM22: =IFERROR(RANK(BK22,BK$6:BK$116,0),"") | BP22: =IF(DQ22=0,"",DQ22) | BR22: =IFERROR(RANK(BP22,BP$6:BP$116,0),"") | BU22: =IF(DS22=0,"",DS22) | BW22: =IFERROR(RANK(BU22,BU$6:BU$116,0),"") | BZ22: =IF(DU22=0,"",DU22) | CB22: =IFERROR(RANK(BZ22,BZ$6:BZ$116,0),"") | CE22: =IF(DW22=0,"",DW22) | CG22: =IFERROR(RANK(CE22,CE$6:CE$116,0),"") | CJ22: =IF(DY22=0,"",DY22) | CL22: =IFERROR(RANK(CJ22,CJ$6:CJ$116,0),"") | CO22: =IF(EA22=0,"",EA22) | CQ22: =IFERROR(RANK(CO22,CO$6:CO$116,0),"") | CS22: 33 | CT22: =IFERROR(AVERAGE(OFFSET('Data - For Rank'!B$2,J22,0,COUNTIF($J$7:J$116,J22)))+IFERROR(VLOOKUP((COUNT($H$6:$H$116)/4),$ER$9:$ES$13,2,FALSE()),0),"") -> 14.5 | CV22: =IFERROR(AVERAGE(OFFSET('Data - For Rank'!$C$2,O22,0,COUNTIF(O$7:O$116,O22)))+IFERROR(VLOOKUP((COUNT(M$6:M$116)/4),$ER$9:$ES$13,2,FALSE()),0),"") | CX22: =IFERROR(AVERAGE(OFFSET('Data - For Rank'!D$2,T22,0,COUNTIF(T$7:T$116,T22)))+IFERROR(VLOOKUP((COUNT(R$6:R$116)/4),$ER$9:$ES$13,2,FALSE()),0),"") | CY22: 30 | CZ22: =IFERROR(AVERAGE(OFFSET('Data - For Rank'!E$2,Y22,0,COUNTIF(Y$7:Y$116,Y22)))+IFERROR(VLOOKUP((COUNT(W$6:W$116)/4),$ER$9:$ES$13,2,FALSE()),0),"") -> 11 | DA22: 31 | DB22: =IFERROR(AVERAGE(OFFSET('Data - For Rank'!F$2,AD22,0,COUNTIF(AD$7:AD$116,AD22)))+IFERROR(VLOOKUP((COUNT(AB$6:AB$116)/4),$ER$9:$ES$13,2,FALSE()),0),"") -> 11 | DC22: 36 | DD22: =IFERROR(AVERAGE(OFFSET('Data - For Rank'!G$2,AI22,0,COUNTIF(AI$7:AI$116,AI22)))+IFERROR(VLOOKUP((COUNT(AG$6:AG$116)/4),$ER$9:$ES$13,2,FALSE()),0),"") -> 15 | DF22: =IFERROR(AVERAGE(OFFSET('Data - For Rank'!$H$2,AN22,0,COUNTIF(AN$7:AN$116,AN22)))+IFERROR(VLOOKUP((COUNT(AL$6:AL$116)/4),$ER$9:$ES$13,2,FALSE()),0),"") | DG22: 29 | DH22: =IFERROR(AVERAGE(OFFSET('Data - For Rank'!$I$2,AS22,0,COUNTIF(AS$7:AS$116,AS22)))+IFERROR(VLOOKUP((COUNT(AQ$6:AQ$116)/4),$ER$9:$ES$13,2,FALSE()),0),"") -> 6.5 | DI22: 38 | DJ22: =IFERROR(AVERAGE(OFFSET('Data - For Rank'!$J$2,AX22,0,COUNTIF(AX$7:AX$116,AX22)))+IFERROR(VLOOKUP((COUNT(AV$6:AV$116)/4),$ER$9:$ES$13,2,FALSE()),0),"") -> 15 | DK22: 30 | DL22: =IFERROR(AVERAGE(OFFSET('Data - For Rank'!$K$2,BC22,0,COUNTIF(BC$7:BC$116,BC22)))+IFERROR(VLOOKUP((COUNT(BA$6:BA$116)/4),$ER$9:$ES$13,2,FALSE()),0),"") -> 8 | DN22: =IFERROR(AVERAGE(OFFSET('Data - For Rank'!$L$2,BH22,0,COUNTIF(BH$7:BH$116,BH22)))+IFERROR(VLOOKUP((COUNT(BF$6:BF$116)/4),$ER$9:$ES$13,2,FALSE()),0),"") | DP22: =IFERROR(AVERAGE(OFFSET('Data - For Rank'!$M$2,BM22,0,COUNTIF(BM$7:BM$116,BM22)))+IFERROR(VLOOKUP((COUNT(BK$6:BK$116)/4),$ER$9:$ES$13,2,FALSE()),0),"") | DR22: =IFERROR(AVERAGE(OFFSET('Data - For Rank'!$N$2,BR22,0,COUNTIF(BR$7:BR$116,BR22)))+IFERROR(VLOOKUP((COUNT(BP$6:BP$116)/4),$ER$9:$ES$13,2,FALSE()),0),"") | DT22: =IFERROR(AVERAGE(OFFSET('Data - For Rank'!$O$2,BW22,0,COUNTIF(BW$7:BW$116,BW22)))+IFERROR(VLOOKUP((COUNT(BU$6:BU$116)/4),$ER$9:$ES$13,2,FALSE()),0),"") | DV22: =IFERROR(AVERAGE(OFFSET('Data - For Rank'!$P$2,CB22,0,COUNTIF(CB$7:CB$116,CB22)))+IFERROR(VLOOKUP((COUNT(BZ$6:BZ$116)/4),$ER$9:$ES$13,2,FALSE()),0),"") | DX22: =IFERROR(AVERAGE(OFFSET('Data - For Rank'!$Q$2,CG22,0,COUNTIF(CG$7:CG$116,CG22)))+IFERROR(VLOOKUP((COUNT(CE$6:CE$116)/4),$ER$9:$ES$13,2,FALSE()),0),"") | DZ22: =IFERROR(AVERAGE(OFFSET('Data - For Rank'!$R$2,CL22,0,COUNTIF(CL$7:CL$116,CL22)))+IFERROR(VLOOKUP((COUNT(CJ$6:CJ$116)/4),$ER$9:$ES$13,2,FALSE()),0),"") | EB22: =IFERROR(AVERAGE(OFFSET('Data - For Rank'!$S$2,CQ22,0,COUNTIF(CQ$7:CQ$116,CQ22)))+IFERROR(VLOOKUP((COUNT(CO$6:CO$116)/4),$ER$9:$ES$13,2,FALSE()),0),"") | EC22: =AVERAGE(CS22,CU22,CW22,CY22,DA22,DC22,DE22,DG22,DI22,DK22,DM22,DO22,DQ22,DS22,DU22,DW22,DY22,EA22) -> 32.428571 | ED22: =AVERAGE(CT22,CV22,CX22,CZ22,DB22,DD22,DF22,DH22,DJ22,DL22,DN22,DP22,DR22,DT22,DV22,DX22,DZ22,EB22) -> 11.571429
B23: =B21+0.024 -> 6.024 | D23: KC2 | E23: cash +/- | F23: =IF(COUNT(G21:CN21)>10,SMALL(G21:CN21,COUNT(G21:CN21)-10),MIN(G21:CN21)) -> 10.5 | I23: =IF(CS23=0,"",CS23) -> 5 | K23: =IFERROR(_xlfn.RANK.EQ(I23,I$6:I$116,0),"") -> 7 | N23: =IF(CU23=0,"",CU23) | P23: =IFERROR(_xlfn.RANK.EQ(N23,N$6:N$116,0),"") | S23: =IF(CW23=0,"",CW23) | U23: =IFERROR(_xlfn.RANK.EQ(S23,S$6:S$116,0),"") | X23: =IF(CY23=0,"",CY23) -> 41 | Z23: =IFERROR(_xlfn.RANK.EQ(X23,X$6:X$116,0),"") -> 2 | AC23: =IF(DA23=0,"",DA23) -> 8 | AE23: =IFERROR(_xlfn.RANK.EQ(AC23,AC$6:AC$116,0),"") -> 6 | AH23: =IF(DC23=0,"",DC23) -> 12 | AJ23: =IFERROR(_xlfn.RANK.EQ(AH23,AH$6:AH$116,0),"") -> 5 | AM23: =IF(DE23=0,"",DE23) | AO23: =IFERROR(_xlfn.RANK.EQ(AM23,AM$6:AM$116,0),"") | AR23: =IF(DG23=0,"",DG23) -> -32 | AT23: =IFERROR(_xlfn.RANK.EQ(AR23,AR$6:AR$116,0),"") -> 15 | AW23: =IF(DI23=0,"",DI23) -> 29 | AY23: =IFERROR(_xlfn.RANK.EQ(AW23,AW$6:AW$116,0),"") -> 1 | BB23: =IF(DK23=0,"",DK23) -> 16 | BD23: =IFERROR(_xlfn.RANK.EQ(BB23,BB$6:BB$116,0),"") -> 2 | BG23: =IF(DM23=0,"",DM23) | BI23: =IFERROR(_xlfn.RANK.EQ(BG23,BG$6:BG$116,0),"") | BL23: =IF(DO23=0,"",DO23) | BN23: =IFERROR(_xlfn.RANK.EQ(BL23,BL$6:BL$116,0),"") | BQ23: =IF(DQ23=0,"",DQ23) | BS23: =IFERROR(_xlfn.RANK.EQ(BQ23,BQ$6:BQ$116,0),"") | BV23: =IF(DS23=0,"",DS23) | BX23: =IFERROR(_xlfn.RANK.EQ(BV23,BV$6:BV$116,0),"") | CA23: =IF(DU23=0,"",DU23) | CC23: =IFERROR(_xlfn.RANK.EQ(CA23,CA$6:CA$116,0),"") | CF23: =IF(DW23=0,"",DW23) | CH23: =IFERROR(_xlfn.RANK.EQ(CF23,CF$6:CF$116,0),"") | CK23: =IF(DY23=0,"",DY23) | CM23: =IFERROR(_xlfn.RANK.EQ(CK23,CK$6:CK$116,0),"") | CP23: =IF(EA23=0,"",EA23) | CR23: =IFERROR(_xlfn.RANK.EQ(CP23,CP$6:CP$116,0),"") | CS23: 5 | CT23: =IFERROR(AVERAGE(OFFSET('Data - For Rank'!B$2,K23,0,COUNTIF(K$6:K$116,K23)))+IFERROR(VLOOKUP((COUNT($I$6:$I$116)/4),$ER$9:$ES$13,2,FALSE()),0),"") -> 12 | CV23: =IFERROR(AVERAGE(OFFSET('Data - For Rank'!$C$2,P23,0,COUNTIF(P$6:P$116,P23)))+IFERROR(VLOOKUP((COUNT(N$6:N$116)/4),$ER$9:$ES$13,2,FALSE()),0),"") | CX23: =IFERROR(AVERAGE(OFFSET('Data - For Rank'!D$2,U23,0,COUNTIF(U$6:$U131,U23)))+IFERROR(VLOOKUP((COUNT(S$6:S$116)/4),$ER$9:$ES$13,2,FALSE()),0),"") | CY23: 41 | CZ23: =IFERROR(AVERAGE(OFFSET('Data - For Rank'!E$2,Z23,0,COUNTIF(Z$6:Z$116,Z23)))+IFERROR(VLOOKUP((COUNT(W$6:W$116)/4),$ER$9:$ES$13,2,FALSE()),0),"") -> 13 | DA23: 8 | DB23: =IFERROR(AVERAGE(OFFSET('Data - For Rank'!F$2,AE23,0,COUNTIF(AE$6:AE$116,AE23)))+IFERROR(VLOOKUP((COUNT(AC$6:AC$116)/4),$ER$9:$ES$13,2,FALSE()),0),"") -> 12 | DC23: 12 | DD23: =IFERROR(AVERAGE(OFFSET('Data - For Rank'!G$2,AJ23,0,COUNTIF(AJ$6:AJ$116,AJ23)))+IFERROR(VLOOKUP((COUNT(AH$6:AH$116)/4),$ER$9:$ES$13,2,FALSE()),0),"") -> 14 | DF23: =IFERROR(AVERAGE(OFFSET('Data - For Rank'!$H$2,AO23,0,COUNTIF(AO$6:AO$116,AO23)))+IFERROR(VLOOKUP((COUNT(AM$6:AM$116)/4),$ER$9:$ES$13,2,FALSE()),0),"") | DG23: -32 | DH23: =IFERROR(AVERAGE(OFFSET('Data - For Rank'!$I$2,AT23,0,COUNTIF(AT$6:AT$116,AT23)))+IFERROR(VLOOKUP((COUNT(AR$6:AR$116)/4),$ER$9:$ES$13,2,FALSE()),0),"") -> 4 | DI23: 29 | DJ23: =IFERROR(AVERAGE(OFFSET('Data - For Rank'!$J$2,AY23,0,COUNTIF(AY$6:AY$116,AY23)))+IFERROR(VLOOKUP((COUNT(AW$6:AW$116)/4),$ER$9:$ES$13,2,FALSE()),0),"") -> 18 | DK23: 16 | DL23: =IFERROR(AVERAGE(OFFSET('Data - For Rank'!$K$2,BD23,0,COUNTIF(BD$6:BD$116,BD23)))+IFERROR(VLOOKUP((COUNT(BB$6:BB$116)/4),$ER$9:$ES$13,2,FALSE()),0),"") -> 14 | DN23: =IFERROR(AVERAGE(OFFSET('Data - For Rank'!$L$2,BI23,0,COUNTIF(BI$6:BI$116,BI23)))+IFERROR(VLOOKUP((COUNT(BG$6:BG$116)/4),$ER$9:$ES$13,2,FALSE()),0),"") | DP23: =IFERROR(AVERAGE(OFFSET('Data - For Rank'!$M$2,BN23,0,COUNTIF(BN$6:BN$116,BN23)))+IFERROR(VLOOKUP((COUNT(BL$6:BL$116)/4),$ER$9:$ES$13,2,FALSE()),0),"") | DR23: =IFERROR(AVERAGE(OFFSET('Data - For Rank'!$N$2,BS23,0,COUNTIF(BS$6:BS$116,BS23)))+IFERROR(VLOOKUP((COUNT(BQ$6:BQ$116)/4),$ER$9:$ES$13,2,FALSE()),0),"") | DT23: =IFERROR(AVERAGE(OFFSET('Data - For Rank'!$O$2,BX23,0,COUNTIF(BX$6:BX$116,BX23)))+IFERROR(VLOOKUP((COUNT(BV$6:BV$116)/4),$ER$9:$ES$13,2,FALSE()),0),"") | DV23: =IFERROR(AVERAGE(OFFSET('Data - For Rank'!$P$2,CC23,0,COUNTIF(CC$6:CC$116,CC23)))+IFERROR(VLOOKUP((COUNT(CA$6:CA$116)/4),$ER$9:$ES$13,2,FALSE()),0),"") | DX23: =IFERROR(AVERAGE(OFFSET('Data - For Rank'!$Q$2,CH23,0,COUNTIF(CH$6:CH$116,CH23)))+IFERROR(VLOOKUP((COUNT(CF$6:CF$116)/4),$ER$9:$ES$13,2,FALSE()),0),"") | DZ23: =IFERROR(AVERAGE(OFFSET('Data - For Rank'!$R$2,CM23,0,COUNTIF(CM$6:CM$116,CM23)))+IFERROR(VLOOKUP((COUNT(CK$6:CK$116)/4),$ER$9:$ES$13,2,FALSE()),0),"") | EB23: =IFERROR(AVERAGE(OFFSET('Data - For Rank'!$S$2,CR23,0,COUNTIF(CR$6:CR$116,CR23)))+IFERROR(VLOOKUP((COUNT(CP$6:CP$116)/4),$ER$9:$ES$13,2,FALSE()),0),"") | EC23: =CS23+CU23+CW23+CY23+DA23+DC23+DE23+DG23+DI23+DK23+DM23+DO23+DQ23+DS23+DU23+DW23+DY23+EA23 -> 79 | ED23: =AVERAGE(CT23,CV23,CX23,CZ23,DB23,DD23,DF23,DH23,DJ23,DL23,DN23,DP23,DR23,DT23,DV23,DX23,DZ23,EB23) -> 12.428571
B24: =_xlfn.RANK.EQ(C24,$C$6:$C$63,) -> 7 | C24: =EC24 -> 167.5 | D24: SP | E24: Scotty Pierson | F24: =COUNT(CT24,CV24,CX24,CZ24,DB24,DD24,DF24,DH24,DJ24,DL24,DN24,DP24,DR24,DT24,DV24,DX24,DZ24,EB24) -> 7 | G24: =IF(CT24=0,"",CT24) -> 27 | L24: =IF(CV24=0,"",CV24) | Q24: =IF(CX24=0,"",CX24) -> 31 | V24: =IF(CZ24=0,"",CZ24) | AA24: =IF(DB24=0,"",DB24) -> 12 | AF24: =IF(DD24=0,"",DD24) -> 34.5 | AK24: =IF(DF24=0,"",DF24) -> 21.5 | AP24: =IF(DH24=0,"",DH24) -> 22 | AU24: =IF(DJ24=0,"",DJ24) | AZ24: =IF(DL24=0,"",DL24) -> 19.5 | BE24: =IF(DN24=0,"",DN24) | BJ24: =IF(DP24=0,"",DP24) | BO24: =IF(DR24=0,"",DR24) | BT24: =IF(DT24=0,"",DT24) | BY24: =IF(DV24=0,"",DV24) | CD24: =IF(DX24=0,"",DX24) | CI24: =IF(DZ24=0,"",DZ24) | CN24: =IF(EB24=0,"",EB24) | CS24: 96 | CT24: =IFERROR(CT25+CT26,"") -> 27 | CV24: =IFERROR(CV25+CV26,"") | CW24: 89 | CX24: =IFERROR(CX25+CX26,"") -> 31 | CZ24: =IFERROR(CZ25+CZ26,"") | DA24: 100 | DB24: =IFERROR(DB25+DB26,"") -> 12 | DC24: 92 | DD24: =IFERROR(DD25+DD26,"") -> 34.5 | DE24: 89 | DF24: =IFERROR(DF25+DF26,"") -> 21.5 | DG24: 93 | DH24: =IFERROR(DH25+DH26,"") -> 22 | DJ24: =IFERROR(DJ25+DJ26,"") | DK24: 86 | DL24: =IFERROR(DL25+DL26,"") -> 19.5 | DN24: =IFERROR(DN25+DN26,"") | DP24: =IFERROR(DP25+DP26,"") | DR24: =IFERROR(DR25+DR26,"") | DT24: =IFERROR(DT25+DT26,"") | DV24: =IFERROR(DV25+DV26,"") | DX24: =IFERROR(DX25+DX26,"") | DZ24: =IFERROR(DZ25+DZ26,"") | EB24: =IFERROR(EB25+EB26,"") | EC24: =IFERROR(LARGE($G24:$CN24,1),0)+IFERROR(LARGE($G24:$CN24,2),0)+IFERROR(LARGE($G24:$CN24,3),0)+IFERROR(LARGE($G24:$CN24,4),0)+IFERROR(LARGE($G24:$CN24,5),0)+IFERROR(LARGE($G24:$CN24,6),0)+IFERROR(LARGE($G24:$CN24,7),0)+IFERROR(LARGE($G24:$CN24,8),0)+IFERROR(LARGE($G24:$CN24,9),0)+IFERROR(LARGE($G24:$CN24,10),0) -> 167.5 | ED24: =AVERAGE(CT24,CV24,CX24,CZ24,DB24,DD24,DF24,DH24,DJ24,DL24,DN24,DP24,DR24,DT24,DV24,DX24,DZ24,EB24) -> 23.928571 | EM24: FERROR(AVERAGE(OFFSET('Data - For Rank'!B$2,Standings!I6,0,COUNTIF(Standings!$I$6:I$62,Standings!I6)))+IFERROR(VLOOKUP((COUNT($G$6:$G$62)/4),$EQ$8:$ER$12,2,FALSE),0),"")
B25: =B24+0.16 -> 7.16 | D25: SP1 | E25: Harvey Points | H25: =IF(CS25=0,"",CS25) -> 31 | J25: =IFERROR(RANK(H25,H$6:H$116,0),"") -> 8 | M25: =IF(CU25=0,"",CU25) | O25: =IFERROR(RANK(M25,M$6:M$116,0),"") | R25: =IF(CW25=0,"",CW25) -> 40 | T25: =IFERROR(RANK(R25,R$6:R$116,0),"") -> 1 | W25: =IF(CY25=0,"",CY25) | Y25: =IFERROR(RANK(W25,W$6:W$116,0),"") | AB25: =IF(DA25=0,"",DA25) -> 27 | AD25: =IFERROR(RANK(AB25,AB$6:AB$116,0),"") -> 12 | AG25: =IF(DC25=0,"",DC25) -> 37 | AI25: =IFERROR(RANK(AG25,AG$6:AG$116,0),"") -> 2 | AL25: =IF(DE25=0,"",DE25) -> 34 | AN25: =IFERROR(RANK(AL25,AL$6:AL$116,0),"") -> 5 | AQ25: =IF(DG25=0,"",DG25) -> 32 | AS25: =IFERROR(RANK(AQ25,AQ$6:AQ$116,0),"") -> 9 | AV25: =IF(DI25=0,"",DI25) | AX25: =IFERROR(RANK(AV25,AV$6:AV$116,0),"") | BA25: =IF(DK25=0,"",DK25) -> 36 | BC25: =IFERROR(RANK(BA25,BA$6:BA$116,0),"") -> 3 | BF25: =IF(DM25=0,"",DM25) | BH25: =IFERROR(RANK(BF25,BF$6:BF$116,0),"") | BK25: =IF(DO25=0,"",DO25) | BM25: =IFERROR(RANK(BK25,BK$6:BK$116,0),"") | BP25: =IF(DQ25=0,"",DQ25) | BR25: =IFERROR(RANK(BP25,BP$6:BP$116,0),"") | BU25: =IF(DS25=0,"",DS25) | BW25: =IFERROR(RANK(BU25,BU$6:BU$116,0),"") | BZ25: =IF(DU25=0,"",DU25) | CB25: =IFERROR(RANK(BZ25,BZ$6:BZ$116,0),"") | CE25: =IF(DW25=0,"",DW25) | CG25: =IFERROR(RANK(CE25,CE$6:CE$116,0),"") | CJ25: =IF(DY25=0,"",DY25) | CL25: =IFERROR(RANK(CJ25,CJ$6:CJ$116,0),"") | CO25: =IF(EA25=0,"",EA25) | CQ25: =IFERROR(RANK(CO25,CO$6:CO$116,0),"") | CS25: 31 | CT25: =IFERROR(AVERAGE(OFFSET('Data - For Rank'!B$2,J25,0,COUNTIF($J$7:J$116,J25)))+IFERROR(VLOOKUP((COUNT($H$6:$H$116)/4),$ER$9:$ES$13,2,FALSE()),0),"") -> 10 | CV25: =IFERROR(AVERAGE(OFFSET('Data - For Rank'!$C$2,O25,0,COUNTIF(O$7:O$116,O25)))+IFERROR(VLOOKUP((COUNT(M$6:M$116)/4),$ER$9:$ES$13,2,FALSE()),0),"") | CW25: 40 | CX25: =IFERROR(AVERAGE(OFFSET('Data - For Rank'!D$2,T25,0,COUNTIF(T$7:T$116,T25)))+IFERROR(VLOOKUP((COUNT(R$6:R$116)/4),$ER$9:$ES$13,2,FALSE()),0),"") -> 16 | CZ25: =IFERROR(AVERAGE(OFFSET('Data - For Rank'!E$2,Y25,0,COUNTIF(Y$7:Y$116,Y25)))+IFERROR(VLOOKUP((COUNT(W$6:W$116)/4),$ER$9:$ES$13,2,FALSE()),0),"") | DA25: 27 | DB25: =IFERROR(AVERAGE(OFFSET('Data - For Rank'!F$2,AD25,0,COUNTIF(AD$7:AD$116,AD25)))+IFERROR(VLOOKUP((COUNT(AB$6:AB$116)/4),$ER$9:$ES$13,2,FALSE()),0),"") -> 7 | DC25: 37 | DD25: =IFERROR(AVERAGE(OFFSET('Data - For Rank'!G$2,AI25,0,COUNTIF(AI$7:AI$116,AI25)))+IFERROR(VLOOKUP((COUNT(AG$6:AG$116)/4),$ER$9:$ES$13,2,FALSE()),0),"") -> 16.5 | DE25: 34 | DF25: =IFERROR(AVERAGE(OFFSET('Data - For Rank'!$H$2,AN25,0,COUNTIF(AN$7:AN$116,AN25)))+IFERROR(VLOOKUP((COUNT(AL$6:AL$116)/4),$ER$9:$ES$13,2,FALSE()),0),"") -> 10.5 | DG25: 32 | DH25: =IFERROR(AVERAGE(OFFSET('Data - For Rank'!$I$2,AS25,0,COUNTIF(AS$7:AS$116,AS25)))+IFERROR(VLOOKUP((COUNT(AQ$6:AQ$116)/4),$ER$9:$ES$13,2,FALSE()),0),"") -> 10 | DJ25: =IFERROR(AVERAGE(OFFSET('Data - For Rank'!$J$2,AX25,0,COUNTIF(AX$7:AX$116,AX25)))+IFERROR(VLOOKUP((COUNT(AV$6:AV$116)/4),$ER$9:$ES$13,2,FALSE()),0),"") | DK25: 36 | DL25: =IFERROR(AVERAGE(OFFSET('Data - For Rank'!$K$2,BC25,0,COUNTIF(BC$7:BC$116,BC25)))+IFERROR(VLOOKUP((COUNT(BA$6:BA$116)/4),$ER$9:$ES$13,2,FALSE()),0),"") -> 13.5 | DN25: =IFERROR(AVERAGE(OFFSET('Data - For Rank'!$L$2,BH25,0,COUNTIF(BH$7:BH$116,BH25)))+IFERROR(VLOOKUP((COUNT(BF$6:BF$116)/4),$ER$9:$ES$13,2,FALSE()),0),"") | DP25: =IFERROR(AVERAGE(OFFSET('Data - For Rank'!$M$2,BM25,0,COUNTIF(BM$7:BM$116,BM25)))+IFERROR(VLOOKUP((COUNT(BK$6:BK$116)/4),$ER$9:$ES$13,2,FALSE()),0),"") | DR25: =IFERROR(AVERAGE(OFFSET('Data - For Rank'!$N$2,BR25,0,COUNTIF(BR$7:BR$116,BR25)))+IFERROR(VLOOKUP((COUNT(BP$6:BP$116)/4),$ER$9:$ES$13,2,FALSE()),0),"") | DT25: =IFERROR(AVERAGE(OFFSET('Data - For Rank'!$O$2,BW25,0,COUNTIF(BW$7:BW$116,BW25)))+IFERROR(VLOOKUP((COUNT(BU$6:BU$116)/4),$ER$9:$ES$13,2,FALSE()),0),"") | DV25: =IFERROR(AVERAGE(OFFSET('Data - For Rank'!$P$2,CB25,0,COUNTIF(CB$7:CB$116,CB25)))+IFERROR(VLOOKUP((COUNT(BZ$6:BZ$116)/4),$ER$9:$ES$13,2,FALSE()),0),"") | DX25: =IFERROR(AVERAGE(OFFSET('Data - For Rank'!$Q$2,CG25,0,COUNTIF(CG$7:CG$116,CG25)))+IFERROR(VLOOKUP((COUNT(CE$6:CE$116)/4),$ER$9:$ES$13,2,FALSE()),0),"") | DZ25: =IFERROR(AVERAGE(OFFSET('Data - For Rank'!$R$2,CL25,0,COUNTIF(CL$7:CL$116,CL25)))+IFERROR(VLOOKUP((COUNT(CJ$6:CJ$116)/4),$ER$9:$ES$13,2,FALSE()),0),"") | EB25: =IFERROR(AVERAGE(OFFSET('Data - For Rank'!$S$2,CQ25,0,COUNTIF(CQ$7:CQ$116,CQ25)))+IFERROR(VLOOKUP((COUNT(CO$6:CO$116)/4),$ER$9:$ES$13,2,FALSE()),0),"") | EC25: =AVERAGE(CS25,CU25,CW25,CY25,DA25,DC25,DE25,DG25,DI25,DK25,DM25,DO25,DQ25,DS25,DU25,DW25,DY25,EA25) -> 33.857143 | ED25: =AVERAGE(CT25,CV25,CX25,CZ25,DB25,DD25,DF25,DH25,DJ25,DL25,DN25,DP25,DR25,DT25,DV25,DX25,DZ25,EB25) -> 11.928571
B26: =B24+0.026 -> 7.026 | D26: SP2 | E26: cash +/- | F26: =IF(COUNT(G24:CN24)>10,SMALL(G24:CN24,COUNT(G24:CN24)-10),MIN(G24:CN24)) -> 12 | I26: =IF(CS26=0,"",CS26) -> 27 | K26: =IFERROR(_xlfn.RANK.EQ(I26,I$6:I$116,0),"") -> 2 | N26: =IF(CU26=0,"",CU26) | P26: =IFERROR(_xlfn.RANK.EQ(N26,N$6:N$116,0),"") | S26: =IF(CW26=0,"",CW26) -> 21 | U26: =IFERROR(_xlfn.RANK.EQ(S26,S$6:S$116,0),"") -> 2 | X26: =IF(CY26=0,"",CY26) | Z26: =IFERROR(_xlfn.RANK.EQ(X26,X$6:X$116,0),"") | AC26: =IF(DA26=0,"",DA26) -> -20 | AE26: =IFERROR(_xlfn.RANK.EQ(AC26,AC$6:AC$116,0),"") -> 14 | AH26: =IF(DC26=0,"",DC26) -> 28 | AJ26: =IFERROR(_xlfn.RANK.EQ(AH26,AH$6:AH$116,0),"") -> 1 | AM26: =IF(DE26=0,"",DE26) -> 2 | AO26: =IFERROR(_xlfn.RANK.EQ(AM26,AM$6:AM$116,0),"") -> 5 | AR26: =IF(DG26=0,"",DG26) -> 8 | AT26: =IFERROR(_xlfn.RANK.EQ(AR26,AR$6:AR$116,0),"") -> 7 | AW26: =IF(DI26=0,"",DI26) | AY26: =IFERROR(_xlfn.RANK.EQ(AW26,AW$6:AW$116,0),"") | BB26: =IF(DK26=0,"",DK26) -> -20 | BD26: =IFERROR(_xlfn.RANK.EQ(BB26,BB$6:BB$116,0),"") -> 11 | BG26: =IF(DM26=0,"",DM26) | BI26: =IFERROR(_xlfn.RANK.EQ(BG26,BG$6:BG$116,0),"") | BL26: =IF(DO26=0,"",DO26) | BN26: =IFERROR(_xlfn.RANK.EQ(BL26,BL$6:BL$116,0),"") | BQ26: =IF(DQ26=0,"",DQ26) | BS26: =IFERROR(_xlfn.RANK.EQ(BQ26,BQ$6:BQ$116,0),"") | BV26: =IF(DS26=0,"",DS26) | BX26: =IFERROR(_xlfn.RANK.EQ(BV26,BV$6:BV$116,0),"") | CA26: =IF(DU26=0,"",DU26) | CC26: =IFERROR(_xlfn.RANK.EQ(CA26,CA$6:CA$116,0),"") | CF26: =IF(DW26=0,"",DW26) | CH26: =IFERROR(_xlfn.RANK.EQ(CF26,CF$6:CF$116,0),"") | CK26: =IF(DY26=0,"",DY26) | CM26: =IFERROR(_xlfn.RANK.EQ(CK26,CK$6:CK$116,0),"") | CP26: =IF(EA26=0,"",EA26) | CR26: =IFERROR(_xlfn.RANK.EQ(CP26,CP$6:CP$116,0),"") | CS26: 27 | CT26: =IFERROR(AVERAGE(OFFSET('Data - For Rank'!B$2,K26,0,COUNTIF(K$6:K$116,K26)))+IFERROR(VLOOKUP((COUNT($I$6:$I$116)/4),$ER$9:$ES$13,2,FALSE()),0),"") -> 17 | CV26: =IFERROR(AVERAGE(OFFSET('Data - For Rank'!$C$2,P26,0,COUNTIF(P$6:P$116,P26)))+IFERROR(VLOOKUP((COUNT(N$6:N$116)/4),$ER$9:$ES$13,2,FALSE()),0),"") | CW26: 21 | CX26: =IFERROR(AVERAGE(OFFSET('Data - For Rank'!D$2,U26,0,COUNTIF(U$6:$U134,U26)))+IFERROR(VLOOKUP((COUNT(S$6:S$116)/4),$ER$9:$ES$13,2,FALSE()),0),"") -> 15 | CZ26: =IFERROR(AVERAGE(OFFSET('Data - For Rank'!E$2,Z26,0,COUNTIF(Z$6:Z$116,Z26)))+IFERROR(VLOOKUP((COUNT(W$6:W$116)/4),$ER$9:$ES$13,2,FALSE()),0),"") | DA26: -20 | DB26: =IFERROR(AVERAGE(OFFSET('Data - For Rank'!F$2,AE26,0,COUNTIF(AE$6:AE$116,AE26)))+IFERROR(VLOOKUP((COUNT(AC$6:AC$116)/4),$ER$9:$ES$13,2,FALSE()),0),"") -> 5 | DC26: 28 | DD26: =IFERROR(AVERAGE(OFFSET('Data - For Rank'!G$2,AJ26,0,COUNTIF(AJ$6:AJ$116,AJ26)))+IFERROR(VLOOKUP((COUNT(AH$6:AH$116)/4),$ER$9:$ES$13,2,FALSE()),0),"") -> 18 | DE26: 2 | DF26: =IFERROR(AVERAGE(OFFSET('Data - For Rank'!$H$2,AO26,0,COUNTIF(AO$6:AO$116,AO26)))+IFERROR(VLOOKUP((COUNT(AM$6:AM$116)/4),$ER$9:$ES$13,2,FALSE()),0),"") -> 11 | DG26: 8 | DH26: =IFERROR(AVERAGE(OFFSET('Data - For Rank'!$I$2,AT26,0,COUNTIF(AT$6:AT$116,AT26)))+IFERROR(VLOOKUP((COUNT(AR$6:AR$116)/4),$ER$9:$ES$13,2,FALSE()),0),"") -> 12 | DJ26: =IFERROR(AVERAGE(OFFSET('Data - For Rank'!$J$2,AY26,0,COUNTIF(AY$6:AY$116,AY26)))+IFERROR(VLOOKUP((COUNT(AW$6:AW$116)/4),$ER$9:$ES$13,2,FALSE()),0),"") | DK26: -20 | DL26: =IFERROR(AVERAGE(OFFSET('Data - For Rank'!$K$2,BD26,0,COUNTIF(BD$6:BD$116,BD26)))+IFERROR(VLOOKUP((COUNT(BB$6:BB$116)/4),$ER$9:$ES$13,2,FALSE()),0),"") -> 6 | DN26: =IFERROR(AVERAGE(OFFSET('Data - For Rank'!$L$2,BI26,0,COUNTIF(BI$6:BI$116,BI26)))+IFERROR(VLOOKUP((COUNT(BG$6:BG$116)/4),$ER$9:$ES$13,2,FALSE()),0),"") | DP26: =IFERROR(AVERAGE(OFFSET('Data - For Rank'!$M$2,BN26,0,COUNTIF(BN$6:BN$116,BN26)))+IFERROR(VLOOKUP((COUNT(BL$6:BL$116)/4),$ER$9:$ES$13,2,FALSE()),0),"") | DR26: =IFERROR(AVERAGE(OFFSET('Data - For Rank'!$N$2,BS26,0,COUNTIF(BS$6:BS$116,BS26)))+IFERROR(VLOOKUP((COUNT(BQ$6:BQ$116)/4),$ER$9:$ES$13,2,FALSE()),0),"") | DT26: =IFERROR(AVERAGE(OFFSET('Data - For Rank'!$O$2,BX26,0,COUNTIF(BX$6:BX$116,BX26)))+IFERROR(VLOOKUP((COUNT(BV$6:BV$116)/4),$ER$9:$ES$13,2,FALSE()),0),"") | DV26: =IFERROR(AVERAGE(OFFSET('Data - For Rank'!$P$2,CC26,0,COUNTIF(CC$6:CC$116,CC26)))+IFERROR(VLOOKUP((COUNT(CA$6:CA$116)/4),$ER$9:$ES$13,2,FALSE()),0),"") | DX26: =IFERROR(AVERAGE(OFFSET('Data - For Rank'!$Q$2,CH26,0,COUNTIF(CH$6:CH$116,CH26)))+IFERROR(VLOOKUP((COUNT(CF$6:CF$116)/4),$ER$9:$ES$13,2,FALSE()),0),"") | DZ26: =IFERROR(AVERAGE(OFFSET('Data - For Rank'!$R$2,CM26,0,COUNTIF(CM$6:CM$116,CM26)))+IFERROR(VLOOKUP((COUNT(CK$6:CK$116)/4),$ER$9:$ES$13,2,FALSE()),0),"") | EB26: =IFERROR(AVERAGE(OFFSET('Data - For Rank'!$S$2,CR26,0,COUNTIF(CR$6:CR$116,CR26)))+IFERROR(VLOOKUP((COUNT(CP$6:CP$116)/4),$ER$9:$ES$13,2,FALSE()),0),"") | EC26: =CS26+CU26+CW26+CY26+DA26+DC26+DE26+DG26+DI26+DK26+DM26+DO26+DQ26+DS26+DU26+DW26+DY26+EA26 -> 46 | ED26: =AVERAGE(CT26,CV26,CX26,CZ26,DB26,DD26,DF26,DH26,DJ26,DL26,DN26,DP26,DR26,DT26,DV26,DX26,DZ26,EB26) -> 12
B27: =_xlfn.RANK.EQ(C27,$C$6:$C$63,) -> 8 | C27: =EC27 -> 148.5 | D27: RA | E27: Ronnie A. | F27: =COUNT(CT27,CV27,CX27,CZ27,DB27,DD27,DF27,DH27,DJ27,DL27,DN27,DP27,DR27,DT27,DV27,DX27,DZ27,EB27) -> 7 | G27: =IF(CT27=0,"",CT27) -> 31.5 | L27: =IF(CV27=0,"",CV27) | Q27: =IF(CX27=0,"",CX27) -> 15 | V27: =IF(CZ27=0,"",CZ27) | AA27: =IF(DB27=0,"",DB27) -> 23.5 | AF27: =IF(DD27=0,"",DD27) -> 23 | AK27: =IF(DF27=0,"",DF27) -> 16 | AP27: =IF(DH27=0,"",DH27) | AU27: =IF(DJ27=0,"",DJ27) -> 10 | AZ27: =IF(DL27=0,"",DL27) -> 29.5 | BE27: =IF(DN27=0,"",DN27) | BJ27: =IF(DP27=0,"",DP27) | BO27: =IF(DR27=0,"",DR27) | BT27: =IF(DT27=0,"",DT27) | BY27: =IF(DV27=0,"",DV27) | CD27: =IF(DX27=0,"",DX27) | CI27: =IF(DZ27=0,"",DZ27) | CN27: =IF(EB27=0,"",EB27) | CS27: 77 | CT27: =IFERROR(CT28+CT29,"") -> 31.5 | CV27: =IFERROR(CV28+CV29,"") | CW27: 87 | CX27: =IFERROR(CX28+CX29,"") -> 15 | CZ27: =IFERROR(CZ28+CZ29,"") | DA27: 81 | DB27: =IFERROR(DB28+DB29,"") -> 23.5 | DC27: 84 | DD27: =IFERROR(DD28+DD29,"") -> 23 | DE27: 82 | DF27: =IFERROR(DF28+DF29,"") -> 16 | DH27: =IFERROR(DH28+DH29,"") | DI27: 87 | DJ27: =IFERROR(DJ28+DJ29,"") -> 10 | DK27: 76 | DL27: =IFERROR(DL28+DL29,"") -> 29.5 | DN27: =IFERROR(DN28+DN29,"") | DP27: =IFERROR(DP28+DP29,"") | DR27: =IFERROR(DR28+DR29,"") | DT27: =IFERROR(DT28+DT29,"") | DV27: =IFERROR(DV28+DV29,"") | DX27: =IFERROR(DX28+DX29,"") | DZ27: =IFERROR(DZ28+DZ29,"") | EB27: =IFERROR(EB28+EB29,"") | EC27: =IFERROR(LARGE($G27:$CN27,1),0)+IFERROR(LARGE($G27:$CN27,2),0)+IFERROR(LARGE($G27:$CN27,3),0)+IFERROR(LARGE($G27:$CN27,4),0)+IFERROR(LARGE($G27:$CN27,5),0)+IFERROR(LARGE($G27:$CN27,6),0)+IFERROR(LARGE($G27:$CN27,7),0)+IFERROR(LARGE($G27:$CN27,8),0)+IFERROR(LARGE($G27:$CN27,9),0)+IFERROR(LARGE($G27:$CN27,10),0) -> 148.5 | ED27: =AVERAGE(CT27,CV27,CX27,CZ27,DB27,DD27,DF27,DH27,DJ27,DL27,DN27,DP27,DR27,DT27,DV27,DX27,DZ27,EB27) -> 21.214286
B28: =B27+0.17 -> 8.17 | D28: RA1 | E28: Harvey Points | H28: =IF(CS28=0,"",CS28) -> 39 | J28: =IFERROR(RANK(H28,H$6:H$116,0),"") -> 2 | M28: =IF(CU28=0,"",CU28) | O28: =IFERROR(RANK(M28,M$6:M$116,0),"") | R28: =IF(CW28=0,"",CW28) -> 31 | T28: =IFERROR(RANK(R28,R$6:R$116,0),"") -> 7 | W28: =IF(CY28=0,"",CY28) | Y28: =IFERROR(RANK(W28,W$6:W$116,0),"") | AB28: =IF(DA28=0,"",DA28) -> 34 | AD28: =IFERROR(RANK(AB28,AB$6:AB$116,0),"") -> 2 | AG28: =IF(DC28=0,"",DC28) -> 33 | AI28: =IFERROR(RANK(AG28,AG$6:AG$116,0),"") -> 9 | AL28: =IF(DE28=0,"",DE28) -> 30 | AN28: =IFERROR(RANK(AL28,AL$6:AL$116,0),"") -> 12 | AQ28: =IF(DG28=0,"",DG28) | AS28: =IFERROR(RANK(AQ28,AQ$6:AQ$116,0),"") | AV28: =IF(DI28=0,"",DI28) -> 30 | AX28: =IFERROR(RANK(AV28,AV$6:AV$116,0),"") -> 12 | BA28: =IF(DK28=0,"",DK28) -> 36 | BC28: =IFERROR(RANK(BA28,BA$6:BA$116,0),"") -> 3 | BF28: =IF(DM28=0,"",DM28) | BH28: =IFERROR(RANK(BF28,BF$6:BF$116,0),"") | BK28: =IF(DO28=0,"",DO28) | BM28: =IFERROR(RANK(BK28,BK$6:BK$116,0),"") | BP28: =IF(DQ28=0,"",DQ28) | BR28: =IFERROR(RANK(BP28,BP$6:BP$116,0),"") | BU28: =IF(DS28=0,"",DS28) | BW28: =IFERROR(RANK(BU28,BU$6:BU$116,0),"") | BZ28: =IF(DU28=0,"",DU28) | CB28: =IFERROR(RANK(BZ28,BZ$6:BZ$116,0),"") | CE28: =IF(DW28=0,"",DW28) | CG28: =IFERROR(RANK(CE28,CE$6:CE$116,0),"") | CJ28: =IF(DY28=0,"",DY28) | CL28: =IFERROR(RANK(CJ28,CJ$6:CJ$116,0),"") | CO28: =IF(EA28=0,"",EA28) | CQ28: =IFERROR(RANK(CO28,CO$6:CO$116,0),"") | CS28: 39 | CT28: =IFERROR(AVERAGE(OFFSET('Data - For Rank'!B$2,J28,0,COUNTIF($J$7:J$116,J28)))+IFERROR(VLOOKUP((COUNT($H$6:$H$116)/4),$ER$9:$ES$13,2,FALSE()),0),"") -> 17 | CV28: =IFERROR(AVERAGE(OFFSET('Data - For Rank'!$C$2,O28,0,COUNTIF(O$7:O$116,O28)))+IFERROR(VLOOKUP((COUNT(M$6:M$116)/4),$ER$9:$ES$13,2,FALSE()),0),"") | CW28: 31 | CX28: =IFERROR(AVERAGE(OFFSET('Data - For Rank'!D$2,T28,0,COUNTIF(T$7:T$116,T28)))+IFERROR(VLOOKUP((COUNT(R$6:R$116)/4),$ER$9:$ES$13,2,FALSE()),0),"") -> 10 | CZ28: =IFERROR(AVERAGE(OFFSET('Data - For Rank'!E$2,Y28,0,COUNTIF(Y$7:Y$116,Y28)))+IFERROR(VLOOKUP((COUNT(W$6:W$116)/4),$ER$9:$ES$13,2,FALSE()),0),"") | DA28: 34 | DB28: =IFERROR(AVERAGE(OFFSET('Data - For Rank'!F$2,AD28,0,COUNTIF(AD$7:AD$116,AD28)))+IFERROR(VLOOKUP((COUNT(AB$6:AB$116)/4),$ER$9:$ES$13,2,FALSE()),0),"") -> 16.5 | DC28: 33 | DD28: =IFERROR(AVERAGE(OFFSET('Data - For Rank'!G$2,AI28,0,COUNTIF(AI$7:AI$116,AI28)))+IFERROR(VLOOKUP((COUNT(AG$6:AG$116)/4),$ER$9:$ES$13,2,FALSE()),0),"") -> 10 | DE28: 30 | DF28: =IFERROR(AVERAGE(OFFSET('Data - For Rank'!$H$2,AN28,0,COUNTIF(AN$7:AN$116,AN28)))+IFERROR(VLOOKUP((COUNT(AL$6:AL$116)/4),$ER$9:$ES$13,2,FALSE()),0),"") -> 5 | DH28: =IFERROR(AVERAGE(OFFSET('Data - For Rank'!$I$2,AS28,0,COUNTIF(AS$7:AS$116,AS28)))+IFERROR(VLOOKUP((COUNT(AQ$6:AQ$116)/4),$ER$9:$ES$13,2,FALSE()),0),"") | DI28: 30 | DJ28: =IFERROR(AVERAGE(OFFSET('Data - For Rank'!$J$2,AX28,0,COUNTIF(AX$7:AX$116,AX28)))+IFERROR(VLOOKUP((COUNT(AV$6:AV$116)/4),$ER$9:$ES$13,2,FALSE()),0),"") -> 7 | DK28: 36 | DL28: =IFERROR(AVERAGE(OFFSET('Data - For Rank'!$K$2,BC28,0,COUNTIF(BC$7:BC$116,BC28)))+IFERROR(VLOOKUP((COUNT(BA$6:BA$116)/4),$ER$9:$ES$13,2,FALSE()),0),"") -> 13.5 | DN28: =IFERROR(AVERAGE(OFFSET('Data - For Rank'!$L$2,BH28,0,COUNTIF(BH$7:BH$116,BH28)))+IFERROR(VLOOKUP((COUNT(BF$6:BF$116)/4),$ER$9:$ES$13,2,FALSE()),0),"") | DP28: =IFERROR(AVERAGE(OFFSET('Data - For Rank'!$M$2,BM28,0,COUNTIF(BM$7:BM$116,BM28)))+IFERROR(VLOOKUP((COUNT(BK$6:BK$116)/4),$ER$9:$ES$13,2,FALSE()),0),"") | DR28: =IFERROR(AVERAGE(OFFSET('Data - For Rank'!$N$2,BR28,0,COUNTIF(BR$7:BR$116,BR28)))+IFERROR(VLOOKUP((COUNT(BP$6:BP$116)/4),$ER$9:$ES$13,2,FALSE()),0),"") | DT28: =IFERROR(AVERAGE(OFFSET('Data - For Rank'!$O$2,BW28,0,COUNTIF(BW$7:BW$116,BW28)))+IFERROR(VLOOKUP((COUNT(BU$6:BU$116)/4),$ER$9:$ES$13,2,FALSE()),0),"") | DV28: =IFERROR(AVERAGE(OFFSET('Data - For Rank'!$P$2,CB28,0,COUNTIF(CB$7:CB$116,CB28)))+IFERROR(VLOOKUP((COUNT(BZ$6:BZ$116)/4),$ER$9:$ES$13,2,FALSE()),0),"") | DX28: =IFERROR(AVERAGE(OFFSET('Data - For Rank'!$Q$2,CG28,0,COUNTIF(CG$7:CG$116,CG28)))+IFERROR(VLOOKUP((COUNT(CE$6:CE$116)/4),$ER$9:$ES$13,2,FALSE()),0),"") | DZ28: =IFERROR(AVERAGE(OFFSET('Data - For Rank'!$R$2,CL28,0,COUNTIF(CL$7:CL$116,CL28)))+IFERROR(VLOOKUP((COUNT(CJ$6:CJ$116)/4),$ER$9:$ES$13,2,FALSE()),0),"") | EB28: =IFERROR(AVERAGE(OFFSET('Data - For Rank'!$S$2,CQ28,0,COUNTIF(CQ$7:CQ$116,CQ28)))+IFERROR(VLOOKUP((COUNT(CO$6:CO$116)/4),$ER$9:$ES$13,2,FALSE()),0),"") | EC28: =AVERAGE(CS28,CU28,CW28,CY28,DA28,DC28,DE28,DG28,DI28,DK28,DM28,DO28,DQ28,DS28,DU28,DW28,DY28,EA28) -> 33.285714 | ED28: =AVERAGE(CT28,CV28,CX28,CZ28,DB28,DD28,DF28,DH28,DJ28,DL28,DN28,DP28,DR28,DT28,DV28,DX28,DZ28,EB28) -> 11.285714
B29: =B27+0.027 -> 8.027 | D29: RA2 | E29: cash +/- | F29: =IF(COUNT(G27:CN27)>10,SMALL(G27:CN27,COUNT(G27:CN27)-10),MIN(G27:CN27)) -> 10 | I29: =IF(CS29=0,"",CS29) -> 10 | K29: =IFERROR(_xlfn.RANK.EQ(I29,I$6:I$116,0),"") -> 4 | N29: =IF(CU29=0,"",CU29) | P29: =IFERROR(_xlfn.RANK.EQ(N29,N$6:N$116,0),"") | S29: =IF(CW29=0,"",CW29) -> -32 | U29: =IFERROR(_xlfn.RANK.EQ(S29,S$6:S$116,0),"") -> 12 | X29: =IF(CY29=0,"",CY29) | Z29: =IFERROR(_xlfn.RANK.EQ(X29,X$6:X$116,0),"") | AC29: =IF(DA29=0,"",DA29) -> -8 | AE29: =IFERROR(_xlfn.RANK.EQ(AC29,AC$6:AC$116,0),"") -> 12 | AH29: =IF(DC29=0,"",DC29) -> 10 | AJ29: =IFERROR(_xlfn.RANK.EQ(AH29,AH$6:AH$116,0),"") -> 6 | AM29: =IF(DE29=0,"",DE29) -> 2 | AO29: =IFERROR(_xlfn.RANK.EQ(AM29,AM$6:AM$116,0),"") -> 5 | AR29: =IF(DG29=0,"",DG29) | AT29: =IFERROR(_xlfn.RANK.EQ(AR29,AR$6:AR$116,0),"") | AW29: =IF(DI29=0,"",DI29) -> -33 | AY29: =IFERROR(_xlfn.RANK.EQ(AW29,AW$6:AW$116,0),"") -> 16 | BB29: =IF(DK29=0,"",DK29) -> 28 | BD29: =IFERROR(_xlfn.RANK.EQ(BB29,BB$6:BB$116,0),"") -> 1 | BG29: =IF(DM29=0,"",DM29) | BI29: =IFERROR(_xlfn.RANK.EQ(BG29,BG$6:BG$116,0),"") | BL29: =IF(DO29=0,"",DO29) | BN29: =IFERROR(_xlfn.RANK.EQ(BL29,BL$6:BL$116,0),"") | BQ29: =IF(DQ29=0,"",DQ29) | BS29: =IFERROR(_xlfn.RANK.EQ(BQ29,BQ$6:BQ$116,0),"") | BV29: =IF(DS29=0,"",DS29) | BX29: =IFERROR(_xlfn.RANK.EQ(BV29,BV$6:BV$116,0),"") | CA29: =IF(DU29=0,"",DU29) | CC29: =IFERROR(_xlfn.RANK.EQ(CA29,CA$6:CA$116,0),"") | CF29: =IF(DW29=0,"",DW29) | CH29: =IFERROR(_xlfn.RANK.EQ(CF29,CF$6:CF$116,0),"") | CK29: =IF(DY29=0,"",DY29) | CM29: =IFERROR(_xlfn.RANK.EQ(CK29,CK$6:CK$116,0),"") | CP29: =IF(EA29=0,"",EA29) | CR29: =IFERROR(_xlfn.RANK.EQ(CP29,CP$6:CP$116,0),"") | CS29: 10 | CT29: =IFERROR(AVERAGE(OFFSET('Data - For Rank'!B$2,K29,0,COUNTIF(K$6:K$116,K29)))+IFERROR(VLOOKUP((COUNT($I$6:$I$116)/4),$ER$9:$ES$13,2,FALSE()),0),"") -> 14.5 | CV29: =IFERROR(AVERAGE(OFFSET('Data - For Rank'!$C$2,P29,0,COUNTIF(P$6:P$116,P29)))+IFERROR(VLOOKUP((COUNT(N$6:N$116)/4),$ER$9:$ES$13,2,FALSE()),0),"") | CW29: -32 | CX29: =IFERROR(AVERAGE(OFFSET('Data - For Rank'!D$2,U29,0,COUNTIF(U$6:$U137,U29)))+IFERROR(VLOOKUP((COUNT(S$6:S$116)/4),$ER$9:$ES$13,2,FALSE()),0),"") -> 5 | CZ29: =IFERROR(AVERAGE(OFFSET('Data - For Rank'!E$2,Z29,0,COUNTIF(Z$6:Z$116,Z29)))+IFERROR(VLOOKUP((COUNT(W$6:W$116)/4),$ER$9:$ES$13,2,FALSE()),0),"") | DA29: -8 | DB29: =IFERROR(AVERAGE(OFFSET('Data - For Rank'!F$2,AE29,0,COUNTIF(AE$6:AE$116,AE29)))+IFERROR(VLOOKUP((COUNT(AC$6:AC$116)/4),$ER$9:$ES$13,2,FALSE()),0),"") -> 7 | DC29: 10 | DD29: =IFERROR(AVERAGE(OFFSET('Data - For Rank'!G$2,AJ29,0,COUNTIF(AJ$6:AJ$116,AJ29)))+IFERROR(VLOOKUP((COUNT(AH$6:AH$116)/4),$ER$9:$ES$13,2,FALSE()),0),"") -> 13 | DE29: 2 | DF29: =IFERROR(AVERAGE(OFFSET('Data - For Rank'!$H$2,AO29,0,COUNTIF(AO$6:AO$116,AO29)))+IFERROR(VLOOKUP((COUNT(AM$6:AM$116)/4),$ER$9:$ES$13,2,FALSE()),0),"") -> 11 | DH29: =IFERROR(AVERAGE(OFFSET('Data - For Rank'!$I$2,AT29,0,COUNTIF(AT$6:AT$116,AT29)))+IFERROR(VLOOKUP((COUNT(AR$6:AR$116)/4),$ER$9:$ES$13,2,FALSE()),0),"") | DI29: -33 | DJ29: =IFERROR(AVERAGE(OFFSET('Data - For Rank'!$J$2,AY29,0,COUNTIF(AY$6:AY$116,AY29)))+IFERROR(VLOOKUP((COUNT(AW$6:AW$116)/4),$ER$9:$ES$13,2,FALSE()),0),"") -> 3 | DK29: 28 | DL29: =IFERROR(AVERAGE(OFFSET('Data - For Rank'!$K$2,BD29,0,COUNTIF(BD$6:BD$116,BD29)))+IFERROR(VLOOKUP((COUNT(BB$6:BB$116)/4),$ER$9:$ES$13,2,FALSE()),0),"") -> 16 | DN29: =IFERROR(AVERAGE(OFFSET('Data - For Rank'!$L$2,BI29,0,COUNTIF(BI$6:BI$116,BI29)))+IFERROR(VLOOKUP((COUNT(BG$6:BG$116)/4),$ER$9:$ES$13,2,FALSE()),0),"") | DP29: =IFERROR(AVERAGE(OFFSET('Data - For Rank'!$M$2,BN29,0,COUNTIF(BN$6:BN$116,BN29)))+IFERROR(VLOOKUP((COUNT(BL$6:BL$116)/4),$ER$9:$ES$13,2,FALSE()),0),"") | DR29: =IFERROR(AVERAGE(OFFSET('Data - For Rank'!$N$2,BS29,0,COUNTIF(BS$6:BS$116,BS29)))+IFERROR(VLOOKUP((COUNT(BQ$6:BQ$116)/4),$ER$9:$ES$13,2,FALSE()),0),"") | DT29: =IFERROR(AVERAGE(OFFSET('Data - For Rank'!$O$2,BX29,0,COUNTIF(BX$6:BX$116,BX29)))+IFERROR(VLOOKUP((COUNT(BV$6:BV$116)/4),$ER$9:$ES$13,2,FALSE()),0),"") | DV29: =IFERROR(AVERAGE(OFFSET('Data - For Rank'!$P$2,CC29,0,COUNTIF(CC$6:CC$116,CC29)))+IFERROR(VLOOKUP((COUNT(CA$6:CA$116)/4),$ER$9:$ES$13,2,FALSE()),0),"") | DX29: =IFERROR(AVERAGE(OFFSET('Data - For Rank'!$Q$2,CH29,0,COUNTIF(CH$6:CH$116,CH29)))+IFERROR(VLOOKUP((COUNT(CF$6:CF$116)/4),$ER$9:$ES$13,2,FALSE()),0),"") | DZ29: =IFERROR(AVERAGE(OFFSET('Data - For Rank'!$R$2,CM29,0,COUNTIF(CM$6:CM$116,CM29)))+IFERROR(VLOOKUP((COUNT(CK$6:CK$116)/4),$ER$9:$ES$13,2,FALSE()),0),"") | EB29: =IFERROR(AVERAGE(OFFSET('Data - For Rank'!$S$2,CR29,0,COUNTIF(CR$6:CR$116,CR29)))+IFERROR(VLOOKUP((COUNT(CP$6:CP$116)/4),$ER$9:$ES$13,2,FALSE()),0),"") | EC29: =CS29+CU29+CW29+CY29+DA29+DC29+DE29+DG29+DI29+DK29+DM29+DO29+DQ29+DS29+DU29+DW29+DY29+EA29 -> -23 | ED29: =AVERAGE(CT29,CV29,CX29,CZ29,DB29,DD29,DF29,DH29,DJ29,DL29,DN29,DP29,DR29,DT29,DV29,DX29,DZ29,EB29) -> 9.9285714
B30: =_xlfn.RANK.EQ(C30,$C$6:$C$63,) -> 9 | C30: =EC30 -> 142.5 | D30: CM | E30: Chris McNeely | F30: =COUNT(CT30,CV30,CX30,CZ30,DB30,DD30,DF30,DH30,DJ30,DL30,DN30,DP30,DR30,DT30,DV30,DX30,DZ30,EB30) -> 7 | G30: =IF(CT30=0,"",CT30) -> 24.5 | L30: =IF(CV30=0,"",CV30) | Q30: =IF(CX30=0,"",CX30) -> 27 | V30: =IF(CZ30=0,"",CZ30) | AA30: =IF(DB30=0,"",DB30) -> 9 | AF30: =IF(DD30=0,"",DD30) -> 18.5 | AK30: =IF(DF30=0,"",DF30) | AP30: =IF(DH30=0,"",DH30) -> 9.5 | AU30: =IF(DJ30=0,"",DJ30) -> 30.5 | AZ30: =IF(DL30=0,"",DL30) -> 23.5 | BE30: =IF(DN30=0,"",DN30) | BJ30: =IF(DP30=0,"",DP30) | BO30: =IF(DR30=0,"",DR30) | BT30: =IF(DT30=0,"",DT30) | BY30: =IF(DV30=0,"",DV30) | CD30: =IF(DX30=0,"",DX30) | CI30: =IF(DZ30=0,"",DZ30) | CN30: =IF(EB30=0,"",EB30) | CS30: 96 | CT30: =IFERROR(CT31+CT32,"") -> 24.5 | CV30: =IFERROR(CV31+CV32,"") | CW30: 95 | CX30: =IFERROR(CX31+CX32,"") -> 27 | CZ30: =IFERROR(CZ31+CZ32,"") | DA30: 102 | DB30: =IFERROR(DB31+DB32,"") -> 9 | DC30: 98 | DD30: =IFERROR(DD31+DD32,"") -> 18.5 | DF30: =IFERROR(DF31+DF32,"") | DG30: 99 | DH30: =IFERROR(DH31+DH32,"") -> 9.5 | DI30: 87 | DJ30: =IFERROR(DJ31+DJ32,"") -> 30.5 | DK30: 89 | DL30: =IFERROR(DL31+DL32,"") -> 23.5 | DN30: =IFERROR(DN31+DN32,"") | DP30: =IFERROR(DP31+DP32,"") | DR30: =IFERROR(DR31+DR32,"") | DT30: =IFERROR(DT31+DT32,"") | DV30: =IFERROR(DV31+DV32,"") | DX30: =IFERROR(DX31+DX32,"") | DZ30: =IFERROR(DZ31+DZ32,"") | EB30: =IFERROR(EB31+EB32,"") | EC30: =IFERROR(LARGE($G30:$CN30,1),0)+IFERROR(LARGE($G30:$CN30,2),0)+IFERROR(LARGE($G30:$CN30,3),0)+IFERROR(LARGE($G30:$CN30,4),0)+IFERROR(LARGE($G30:$CN30,5),0)+IFERROR(LARGE($G30:$CN30,6),0)+IFERROR(LARGE($G30:$CN30,7),0)+IFERROR(LARGE($G30:$CN30,8),0)+IFERROR(LARGE($G30:$CN30,9),0)+IFERROR(LARGE($G30:$CN30,10),0) -> 142.5 | ED30: =AVERAGE(CT30,CV30,CX30,CZ30,DB30,DD30,DF30,DH30,DJ30,DL30,DN30,DP30,DR30,DT30,DV30,DX30,DZ30,EB30) -> 20.357143
B31: =B30+0.19 -> 9.19 | D31: CM1 | E31: Harvey Points | H31: =IF(CS31=0,"",CS31) -> 31 | J31: =IFERROR(RANK(H31,H$6:H$116,0),"") -> 8 | M31: =IF(CU31=0,"",CU31) | O31: =IFERROR(RANK(M31,M$6:M$116,0),"") | R31: =IF(CW31=0,"",CW31) -> 35 | T31: =IFERROR(RANK(R31,R$6:R$116,0),"") -> 4 | W31: =IF(CY31=0,"",CY31) | Y31: =IFERROR(RANK(W31,W$6:W$116,0),"") | AB31: =IF(DA31=0,"",DA31) -> 23 | AD31: =IFERROR(RANK(AB31,AB$6:AB$116,0),"") -> 13 | AG31: =IF(DC31=0,"",DC31) -> 30 | AI31: =IFERROR(RANK(AG31,AG$6:AG$116,0),"") -> 10 | AL31: =IF(DE31=0,"",DE31) | AN31: =IFERROR(RANK(AL31,AL$6:AL$116,0),"") | AQ31: =IF(DG31=0,"",DG31) -> 25 | AS31: =IFERROR(RANK(AQ31,AQ$6:AQ$116,0),"") -> 16 | AV31: =IF(DI31=0,"",DI31) -> 40 | AX31: =IFERROR(RANK(AV31,AV$6:AV$116,0),"") -> 2 | BA31: =IF(DK31=0,"",DK31) -> 34 | BC31: =IFERROR(RANK(BA31,BA$6:BA$116,0),"") -> 5 | BF31: =IF(DM31=0,"",DM31) | BH31: =IFERROR(RANK(BF31,BF$6:BF$116,0),"") | BK31: =IF(DO31=0,"",DO31) | BM31: =IFERROR(RANK(BK31,BK$6:BK$116,0),"") | BP31: =IF(DQ31=0,"",DQ31) | BR31: =IFERROR(RANK(BP31,BP$6:BP$116,0),"") | BU31: =IF(DS31=0,"",DS31) | BW31: =IFERROR(RANK(BU31,BU$6:BU$116,0),"") | BZ31: =IF(DU31=0,"",DU31) | CB31: =IFERROR(RANK(BZ31,BZ$6:BZ$116,0),"") | CE31: =IF(DW31=0,"",DW31) | CG31: =IFERROR(RANK(CE31,CE$6:CE$116,0),"") | CJ31: =IF(DY31=0,"",DY31) | CL31: =IFERROR(RANK(CJ31,CJ$6:CJ$116,0),"") | CO31: =IF(EA31=0,"",EA31) | CQ31: =IFERROR(RANK(CO31,CO$6:CO$116,0),"") | CS31: 31 | CT31: =IFERROR(AVERAGE(OFFSET('Data - For Rank'!B$2,J31,0,COUNTIF($J$7:J$116,J31)))+IFERROR(VLOOKUP((COUNT($H$6:$H$116)/4),$ER$9:$ES$13,2,FALSE()),0),"") -> 10 | CV31: =IFERROR(AVERAGE(OFFSET('Data - For Rank'!$C$2,O31,0,COUNTIF(O$7:O$116,O31)))+IFERROR(VLOOKUP((COUNT(M$6:M$116)/4),$ER$9:$ES$13,2,FALSE()),0),"") | CW31: 35 | CX31: =IFERROR(AVERAGE(OFFSET('Data - For Rank'!D$2,T31,0,COUNTIF(T$7:T$116,T31)))+IFERROR(VLOOKUP((COUNT(R$6:R$116)/4),$ER$9:$ES$13,2,FALSE()),0),"") -> 13 | CZ31: =IFERROR(AVERAGE(OFFSET('Data - For Rank'!E$2,Y31,0,COUNTIF(Y$7:Y$116,Y31)))+IFERROR(VLOOKUP((COUNT(W$6:W$116)/4),$ER$9:$ES$13,2,FALSE()),0),"") | DA31: 23 | DB31: =IFERROR(AVERAGE(OFFSET('Data - For Rank'!F$2,AD31,0,COUNTIF(AD$7:AD$116,AD31)))+IFERROR(VLOOKUP((COUNT(AB$6:AB$116)/4),$ER$9:$ES$13,2,FALSE()),0),"") -> 6 | DC31: 30 | DD31: =IFERROR(AVERAGE(OFFSET('Data - For Rank'!G$2,AI31,0,COUNTIF(AI$7:AI$116,AI31)))+IFERROR(VLOOKUP((COUNT(AG$6:AG$116)/4),$ER$9:$ES$13,2,FALSE()),0),"") -> 9 | DF31: =IFERROR(AVERAGE(OFFSET('Data - For Rank'!$H$2,AN31,0,COUNTIF(AN$7:AN$116,AN31)))+IFERROR(VLOOKUP((COUNT(AL$6:AL$116)/4),$ER$9:$ES$13,2,FALSE()),0),"") | DG31: 25 | DH31: =IFERROR(AVERAGE(OFFSET('Data - For Rank'!$I$2,AS31,0,COUNTIF(AS$7:AS$116,AS31)))+IFERROR(VLOOKUP((COUNT(AQ$6:AQ$116)/4),$ER$9:$ES$13,2,FALSE()),0),"") -> 3 | DI31: 40 | DJ31: =IFERROR(AVERAGE(OFFSET('Data - For Rank'!$J$2,AX31,0,COUNTIF(AX$7:AX$116,AX31)))+IFERROR(VLOOKUP((COUNT(AV$6:AV$116)/4),$ER$9:$ES$13,2,FALSE()),0),"") -> 17 | DK31: 34 | DL31: =IFERROR(AVERAGE(OFFSET('Data - For Rank'!$K$2,BC31,0,COUNTIF(BC$7:BC$116,BC31)))+IFERROR(VLOOKUP((COUNT(BA$6:BA$116)/4),$ER$9:$ES$13,2,FALSE()),0),"") -> 11.5 | DN31: =IFERROR(AVERAGE(OFFSET('Data - For Rank'!$L$2,BH31,0,COUNTIF(BH$7:BH$116,BH31)))+IFERROR(VLOOKUP((COUNT(BF$6:BF$116)/4),$ER$9:$ES$13,2,FALSE()),0),"") | DP31: =IFERROR(AVERAGE(OFFSET('Data - For Rank'!$M$2,BM31,0,COUNTIF(BM$7:BM$116,BM31)))+IFERROR(VLOOKUP((COUNT(BK$6:BK$116)/4),$ER$9:$ES$13,2,FALSE()),0),"") | DR31: =IFERROR(AVERAGE(OFFSET('Data - For Rank'!$N$2,BR31,0,COUNTIF(BR$7:BR$116,BR31)))+IFERROR(VLOOKUP((COUNT(BP$6:BP$116)/4),$ER$9:$ES$13,2,FALSE()),0),"") | DT31: =IFERROR(AVERAGE(OFFSET('Data - For Rank'!$O$2,BW31,0,COUNTIF(BW$7:BW$116,BW31)))+IFERROR(VLOOKUP((COUNT(BU$6:BU$116)/4),$ER$9:$ES$13,2,FALSE()),0),"") | DV31: =IFERROR(AVERAGE(OFFSET('Data - For Rank'!$P$2,CB31,0,COUNTIF(CB$7:CB$116,CB31)))+IFERROR(VLOOKUP((COUNT(BZ$6:BZ$116)/4),$ER$9:$ES$13,2,FALSE()),0),"") | DX31: =IFERROR(AVERAGE(OFFSET('Data - For Rank'!$Q$2,CG31,0,COUNTIF(CG$7:CG$116,CG31)))+IFERROR(VLOOKUP((COUNT(CE$6:CE$116)/4),$ER$9:$ES$13,2,FALSE()),0),"") | DZ31: =IFERROR(AVERAGE(OFFSET('Data - For Rank'!$R$2,CL31,0,COUNTIF(CL$7:CL$116,CL31)))+IFERROR(VLOOKUP((COUNT(CJ$6:CJ$116)/4),$ER$9:$ES$13,2,FALSE()),0),"") | EB31: =IFERROR(AVERAGE(OFFSET('Data - For Rank'!$S$2,CQ31,0,COUNTIF(CQ$7:CQ$116,CQ31)))+IFERROR(VLOOKUP((COUNT(CO$6:CO$116)/4),$ER$9:$ES$13,2,FALSE()),0),"") | EC31: =AVERAGE(CS31,CU31,CW31,CY31,DA31,DC31,DE31,DG31,DI31,DK31,DM31,DO31,DQ31,DS31,DU31,DW31,DY31,EA31) -> 31.142857 | ED31: =AVERAGE(CT31,CV31,CX31,CZ31,DB31,DD31,DF31,DH31,DJ31,DL31,DN31,DP31,DR31,DT31,DV31,DX31,DZ31,EB31) -> 9.9285714
B32: =B30+0.029 -> 9.029 | D32: CM2 | E32: cash +/- | F32: =IF(COUNT(G30:CN30)>10,SMALL(G30:CN30,COUNT(G30:CN30)-10),MIN(G30:CN30)) -> 9 | I32: =IF(CS32=0,"",CS32) -> 10 | K32: =IFERROR(_xlfn.RANK.EQ(I32,I$6:I$116,0),"") -> 4 | N32: =IF(CU32=0,"",CU32) | P32: =IFERROR(_xlfn.RANK.EQ(N32,N$6:N$116,0),"") | S32: =IF(CW32=0,"",CW32) -> 17 | U32: =IFERROR(_xlfn.RANK.EQ(S32,S$6:S$116,0),"") -> 3 | X32: =IF(CY32=0,"",CY32) | Z32: =IFERROR(_xlfn.RANK.EQ(X32,X$6:X$116,0),"") | AC32: =IF(DA32=0,"",DA32) -> -74 | AE32: =IFERROR(_xlfn.RANK.EQ(AC32,AC$6:AC$116,0),"") -> 16 | AH32: =IF(DC32=0,"",DC32) -> -0.001 | AJ32: =IFERROR(_xlfn.RANK.EQ(AH32,AH$6:AH$116,0),"") -> 8 | AM32: =IF(DE32=0,"",DE32) | AO32: =IFERROR(_xlfn.RANK.EQ(AM32,AM$6:AM$116,0),"") | AR32: =IF(DG32=0,"",DG32) -> -10 | AT32: =IFERROR(_xlfn.RANK.EQ(AR32,AR$6:AR$116,0),"") -> 12 | AW32: =IF(DI32=0,"",DI32) -> 5 | AY32: =IFERROR(_xlfn.RANK.EQ(AW32,AW$6:AW$116,0),"") -> 5 | BB32: =IF(DK32=0,"",DK32) -> 12 | BD32: =IFERROR(_xlfn.RANK.EQ(BB32,BB$6:BB$116,0),"") -> 5 | BG32: =IF(DM32=0,"",DM32) | BI32: =IFERROR(_xlfn.RANK.EQ(BG32,BG$6:BG$116,0),"") | BL32: =IF(DO32=0,"",DO32) | BN32: =IFERROR(_xlfn.RANK.EQ(BL32,BL$6:BL$116,0),"") | BQ32: =IF(DQ32=0,"",DQ32) | BS32: =IFERROR(_xlfn.RANK.EQ(BQ32,BQ$6:BQ$116,0),"") | BV32: =IF(DS32=0,"",DS32) | BX32: =IFERROR(_xlfn.RANK.EQ(BV32,BV$6:BV$116,0),"") | CA32: =IF(DU32=0,"",DU32) | CC32: =IFERROR(_xlfn.RANK.EQ(CA32,CA$6:CA$116,0),"") | CF32: =IF(DW32=0,"",DW32) | CH32: =IFERROR(_xlfn.RANK.EQ(CF32,CF$6:CF$116,0),"") | CK32: =IF(DY32=0,"",DY32) | CM32: =IFERROR(_xlfn.RANK.EQ(CK32,CK$6:CK$116,0),"") | CP32: =IF(EA32=0,"",EA32) | CR32: =IFERROR(_xlfn.RANK.EQ(CP32,CP$6:CP$116,0),"") | CS32: 10 | CT32: =IFERROR(AVERAGE(OFFSET('Data - For Rank'!B$2,K32,0,COUNTIF(K$6:K$116,K32)))+IFERROR(VLOOKUP((COUNT($I$6:$I$116)/4),$ER$9:$ES$13,2,FALSE()),0),"") -> 14.5 | CV32: =IFERROR(AVERAGE(OFFSET('Data - For Rank'!$C$2,P32,0,COUNTIF(P$6:P$116,P32)))+IFERROR(VLOOKUP((COUNT(N$6:N$116)/4),$ER$9:$ES$13,2,FALSE()),0),"") | CW32: 17 | CX32: =IFERROR(AVERAGE(OFFSET('Data - For Rank'!D$2,U32,0,COUNTIF(U$6:$U140,U32)))+IFERROR(VLOOKUP((COUNT(S$6:S$116)/4),$ER$9:$ES$13,2,FALSE()),0),"") -> 14 | CZ32: =IFERROR(AVERAGE(OFFSET('Data - For Rank'!E$2,Z32,0,COUNTIF(Z$6:Z$116,Z32)))+IFERROR(VLOOKUP((COUNT(W$6:W$116)/4),$ER$9:$ES$13,2,FALSE()),0),"") | DA32: -74 | DB32: =IFERROR(AVERAGE(OFFSET('Data - For Rank'!F$2,AE32,0,COUNTIF(AE$6:AE$116,AE32)))+IFERROR(VLOOKUP((COUNT(AC$6:AC$116)/4),$ER$9:$ES$13,2,FALSE()),0),"") -> 3 | DC32: -0.001 | DD32: =IFERROR(AVERAGE(OFFSET('Data - For Rank'!G$2,AJ32,0,COUNTIF(AJ$6:AJ$116,AJ32)))+IFERROR(VLOOKUP((COUNT(AH$6:AH$116)/4),$ER$9:$ES$13,2,FALSE()),0),"") -> 9.5 | DF32: =IFERROR(AVERAGE(OFFSET('Data - For Rank'!$H$2,AO32,0,COUNTIF(AO$6:AO$116,AO32)))+IFERROR(VLOOKUP((COUNT(AM$6:AM$116)/4),$ER$9:$ES$13,2,FALSE()),0),"") | DG32: -10 | DH32: =IFERROR(AVERAGE(OFFSET('Data - For Rank'!$I$2,AT32,0,COUNTIF(AT$6:AT$116,AT32)))+IFERROR(VLOOKUP((COUNT(AR$6:AR$116)/4),$ER$9:$ES$13,2,FALSE()),0),"") -> 6.5 | DI32: 5 | DJ32: =IFERROR(AVERAGE(OFFSET('Data - For Rank'!$J$2,AY32,0,COUNTIF(AY$6:AY$116,AY32)))+IFERROR(VLOOKUP((COUNT(AW$6:AW$116)/4),$ER$9:$ES$13,2,FALSE()),0),"") -> 13.5 | DK32: 12 | DL32: =IFERROR(AVERAGE(OFFSET('Data - For Rank'!$K$2,BD32,0,COUNTIF(BD$6:BD$116,BD32)))+IFERROR(VLOOKUP((COUNT(BB$6:BB$116)/4),$ER$9:$ES$13,2,FALSE()),0),"") -> 12 | DN32: =IFERROR(AVERAGE(OFFSET('Data - For Rank'!$L$2,BI32,0,COUNTIF(BI$6:BI$116,BI32)))+IFERROR(VLOOKUP((COUNT(BG$6:BG$116)/4),$ER$9:$ES$13,2,FALSE()),0),"") | DP32: =IFERROR(AVERAGE(OFFSET('Data - For Rank'!$M$2,BN32,0,COUNTIF(BN$6:BN$116,BN32)))+IFERROR(VLOOKUP((COUNT(BL$6:BL$116)/4),$ER$9:$ES$13,2,FALSE()),0),"") | DR32: =IFERROR(AVERAGE(OFFSET('Data - For Rank'!$N$2,BS32,0,COUNTIF(BS$6:BS$116,BS32)))+IFERROR(VLOOKUP((COUNT(BQ$6:BQ$116)/4),$ER$9:$ES$13,2,FALSE()),0),"") | DT32: =IFERROR(AVERAGE(OFFSET('Data - For Rank'!$O$2,BX32,0,COUNTIF(BX$6:BX$116,BX32)))+IFERROR(VLOOKUP((COUNT(BV$6:BV$116)/4),$ER$9:$ES$13,2,FALSE()),0),"") | DV32: =IFERROR(AVERAGE(OFFSET('Data - For Rank'!$P$2,CC32,0,COUNTIF(CC$6:CC$116,CC32)))+IFERROR(VLOOKUP((COUNT(CA$6:CA$116)/4),$ER$9:$ES$13,2,FALSE()),0),"") | DX32: =IFERROR(AVERAGE(OFFSET('Data - For Rank'!$Q$2,CH32,0,COUNTIF(CH$6:CH$116,CH32)))+IFERROR(VLOOKUP((COUNT(CF$6:CF$116)/4),$ER$9:$ES$13,2,FALSE()),0),"") | DZ32: =IFERROR(AVERAGE(OFFSET('Data - For Rank'!$R$2,CM32,0,COUNTIF(CM$6:CM$116,CM32)))+IFERROR(VLOOKUP((COUNT(CK$6:CK$116)/4),$ER$9:$ES$13,2,FALSE()),0),"") | EB32: =IFERROR(AVERAGE(OFFSET('Data - For Rank'!$S$2,CR32,0,COUNTIF(CR$6:CR$116,CR32)))+IFERROR(VLOOKUP((COUNT(CP$6:CP$116)/4),$ER$9:$ES$13,2,FALSE()),0),"") | EC32: =CS32+CU32+CW32+CY32+DA32+DC32+DE32+DG32+DI32+DK32+DM32+DO32+DQ32+DS32+DU32+DW32+DY32+EA32 -> -40.001 | ED32: =AVERAGE(CT32,CV32,CX32,CZ32,DB32,DD32,DF32,DH32,DJ32,DL32,DN32,DP32,DR32,DT32,DV32,DX32,DZ32,EB32) -> 10.428571
B33: =_xlfn.RANK.EQ(C33,$C$6:$C$63,) -> 10 | C33: =EC33 -> 135.5 | D33: JS | E33: Josh Stoll | F33: =COUNT(CT33,CV33,CX33,CZ33,DB33,DD33,DF33,DH33,DJ33,DL33,DN33,DP33,DR33,DT33,DV33,DX33,DZ33,EB33) -> 8 | G33: =IF(CT33=0,"",CT33) -> 10.5 | L33: =IF(CV33=0,"",CV33) | Q33: =IF(CX33=0,"",CX33) -> 14.5 | V33: =IF(CZ33=0,"",CZ33) | AA33: =IF(DB33=0,"",DB33) -> 25 | AF33: =IF(DD33=0,"",DD33) -> 24.5 | AK33: =IF(DF33=0,"",DF33) -> 15.5 | AP33: =IF(DH33=0,"",DH33) -> 18.5 | AU33: =IF(DJ33=0,"",DJ33) -> 17 | AZ33: =IF(DL33=0,"",DL33) -> 10 | BE33: =IF(DN33=0,"",DN33) | BJ33: =IF(DP33=0,"",DP33) | BO33: =IF(DR33=0,"",DR33) | BT33: =IF(DT33=0,"",DT33) | BY33: =IF(DV33=0,"",DV33) | CD33: =IF(DX33=0,"",DX33) | CI33: =IF(DZ33=0,"",DZ33) | CN33: =IF(EB33=0,"",EB33) | CS33: 93 | CT33: =IFERROR(CT34+CT35,"") -> 10.5 | CV33: =IFERROR(CV34+CV35,"") | CW33: 101 | CX33: =IFERROR(CX34+CX35,"") -> 14.5 | CZ33: =IFERROR(CZ34+CZ35,"") | DA33: 92 | DB33: =IFERROR(DB34+DB35,"") -> 25 | DC33: 96 | DD33: =IFERROR(DD34+DD35,"") -> 24.5 | DE33: 87 | DF33: =IFERROR(DF34+DF35,"") -> 15.5 | DG33: 90 | DH33: =IFERROR(DH34+DH35,"") -> 18.5 | DI33: 89 | DJ33: =IFERROR(DJ34+DJ35,"") -> 17 | DK33: 92 | DL33: =IFERROR(DL34+DL35,"") -> 10 | DN33: =IFERROR(DN34+DN35,"") | DP33: =IFERROR(DP34+DP35,"") | DR33: =IFERROR(DR34+DR35,"") | DT33: =IFERROR(DT34+DT35,"") | DV33: =IFERROR(DV34+DV35,"") | DX33: =IFERROR(DX34+DX35,"") | DZ33: =IFERROR(DZ34+DZ35,"") | EB33: =IFERROR(EB34+EB35,"") | EC33: =IFERROR(LARGE($G33:$CN33,1),0)+IFERROR(LARGE($G33:$CN33,2),0)+IFERROR(LARGE($G33:$CN33,3),0)+IFERROR(LARGE($G33:$CN33,4),0)+IFERROR(LARGE($G33:$CN33,5),0)+IFERROR(LARGE($G33:$CN33,6),0)+IFERROR(LARGE($G33:$CN33,7),0)+IFERROR(LARGE($G33:$CN33,8),0)+IFERROR(LARGE($G33:$CN33,9),0)+IFERROR(LARGE($G33:$CN33,10),0) -> 135.5 | ED33: =AVERAGE(CT33,CV33,CX33,CZ33,DB33,DD33,DF33,DH33,DJ33,DL33,DN33,DP33,DR33,DT33,DV33,DX33,DZ33,EB33) -> 16.9375
B34: =B33+0.113 -> 10.113 | D34: JS1 | E34: Harvey Points | H34: =IF(CS34=0,"",CS34) -> 30 | J34: =IFERROR(RANK(H34,H$6:H$116,0),"") -> 11 | M34: =IF(CU34=0,"",CU34) | O34: =IFERROR(RANK(M34,M$6:M$116,0),"") | R34: =IF(CW34=0,"",CW34) -> 24 | T34: =IFERROR(RANK(R34,R$6:R$116,0),"") -> 11 | W34: =IF(CY34=0,"",CY34) | Y34: =IFERROR(RANK(W34,W$6:W$116,0),"") | AB34: =IF(DA34=0,"",DA34) -> 31 | AD34: =IFERROR(RANK(AB34,AB$6:AB$116,0),"") -> 7 | AG34: =IF(DC34=0,"",DC34) -> 29 | AI34: =IFERROR(RANK(AG34,AG$6:AG$116,0),"") -> 11 | AL34: =IF(DE34=0,"",DE34) -> 31 | AN34: =IFERROR(RANK(AL34,AL$6:AL$116,0),"") -> 10 | AQ34: =IF(DG34=0,"",DG34) -> 30 | AS34: =IFERROR(RANK(AQ34,AQ$6:AQ$116,0),"") -> 11 | AV34: =IF(DI34=0,"",DI34) -> 34 | AX34: =IFERROR(RANK(AV34,AV$6:AV$116,0),"") -> 7 | BA34: =IF(DK34=0,"",DK34) -> 25 | BC34: =IFERROR(RANK(BA34,BA$6:BA$116,0),"") -> 12 | BF34: =IF(DM34=0,"",DM34) | BH34: =IFERROR(RANK(BF34,BF$6:BF$116,0),"") | BK34: =IF(DO34=0,"",DO34) | BM34: =IFERROR(RANK(BK34,BK$6:BK$116,0),"") | BP34: =IF(DQ34=0,"",DQ34) | BR34: =IFERROR(RANK(BP34,BP$6:BP$116,0),"") | BU34: =IF(DS34=0,"",DS34) | BW34: =IFERROR(RANK(BU34,BU$6:BU$116,0),"") | BZ34: =IF(DU34=0,"",DU34) | CB34: =IFERROR(RANK(BZ34,BZ$6:BZ$116,0),"") | CE34: =IF(DW34=0,"",DW34) | CG34: =IFERROR(RANK(CE34,CE$6:CE$116,0),"") | CJ34: =IF(DY34=0,"",DY34) | CL34: =IFERROR(RANK(CJ34,CJ$6:CJ$116,0),"") | CO34: =IF(EA34=0,"",EA34) | CQ34: =IFERROR(RANK(CO34,CO$6:CO$116,0),"") | CS34: 30 | CT34: =IFERROR(AVERAGE(OFFSET('Data - For Rank'!B$2,J34,0,COUNTIF($J$7:J$116,J34)))+IFERROR(VLOOKUP((COUNT($H$6:$H$116)/4),$ER$9:$ES$13,2,FALSE()),0),"") -> 7.5 | CV34: =IFERROR(AVERAGE(OFFSET('Data - For Rank'!$C$2,O34,0,COUNTIF(O$7:O$116,O34)))+IFERROR(VLOOKUP((COUNT(M$6:M$116)/4),$ER$9:$ES$13,2,FALSE()),0),"") | CW34: 24 | CX34: =IFERROR(AVERAGE(OFFSET('Data - For Rank'!D$2,T34,0,COUNTIF(T$7:T$116,T34)))+IFERROR(VLOOKUP((COUNT(R$6:R$116)/4),$ER$9:$ES$13,2,FALSE()),0),"") -> 6 | CZ34: =IFERROR(AVERAGE(OFFSET('Data - For Rank'!E$2,Y34,0,COUNTIF(Y$7:Y$116,Y34)))+IFERROR(VLOOKUP((COUNT(W$6:W$116)/4),$ER$9:$ES$13,2,FALSE()),0),"") | DA34: 31 | DB34: =IFERROR(AVERAGE(OFFSET('Data - For Rank'!F$2,AD34,0,COUNTIF(AD$7:AD$116,AD34)))+IFERROR(VLOOKUP((COUNT(AB$6:AB$116)/4),$ER$9:$ES$13,2,FALSE()),0),"") -> 11 | DC34: 29 | DD34: =IFERROR(AVERAGE(OFFSET('Data - For Rank'!G$2,AI34,0,COUNTIF(AI$7:AI$116,AI34)))+IFERROR(VLOOKUP((COUNT(AG$6:AG$116)/4),$ER$9:$ES$13,2,FALSE()),0),"") -> 7.5 | DE34: 31 | DF34: =IFERROR(AVERAGE(OFFSET('Data - For Rank'!$H$2,AN34,0,COUNTIF(AN$7:AN$116,AN34)))+IFERROR(VLOOKUP((COUNT(AL$6:AL$116)/4),$ER$9:$ES$13,2,FALSE()),0),"") -> 6.5 | DG34: 30 | DH34: =IFERROR(AVERAGE(OFFSET('Data - For Rank'!$I$2,AS34,0,COUNTIF(AS$7:AS$116,AS34)))+IFERROR(VLOOKUP((COUNT(AQ$6:AQ$116)/4),$ER$9:$ES$13,2,FALSE()),0),"") -> 8 | DI34: 34 | DJ34: =IFERROR(AVERAGE(OFFSET('Data - For Rank'!$J$2,AX34,0,COUNTIF(AX$7:AX$116,AX34)))+IFERROR(VLOOKUP((COUNT(AV$6:AV$116)/4),$ER$9:$ES$13,2,FALSE()),0),"") -> 11 | DK34: 25 | DL34: =IFERROR(AVERAGE(OFFSET('Data - For Rank'!$K$2,BC34,0,COUNTIF(BC$7:BC$116,BC34)))+IFERROR(VLOOKUP((COUNT(BA$6:BA$116)/4),$ER$9:$ES$13,2,FALSE()),0),"") -> 5 | DN34: =IFERROR(AVERAGE(OFFSET('Data - For Rank'!$L$2,BH34,0,COUNTIF(BH$7:BH$116,BH34)))+IFERROR(VLOOKUP((COUNT(BF$6:BF$116)/4),$ER$9:$ES$13,2,FALSE()),0),"") | DP34: =IFERROR(AVERAGE(OFFSET('Data - For Rank'!$M$2,BM34,0,COUNTIF(BM$7:BM$116,BM34)))+IFERROR(VLOOKUP((COUNT(BK$6:BK$116)/4),$ER$9:$ES$13,2,FALSE()),0),"") | DR34: =IFERROR(AVERAGE(OFFSET('Data - For Rank'!$N$2,BR34,0,COUNTIF(BR$7:BR$116,BR34)))+IFERROR(VLOOKUP((COUNT(BP$6:BP$116)/4),$ER$9:$ES$13,2,FALSE()),0),"") | DT34: =IFERROR(AVERAGE(OFFSET('Data - For Rank'!$O$2,BW34,0,COUNTIF(BW$7:BW$116,BW34)))+IFERROR(VLOOKUP((COUNT(BU$6:BU$116)/4),$ER$9:$ES$13,2,FALSE()),0),"") | DV34: =IFERROR(AVERAGE(OFFSET('Data - For Rank'!$P$2,CB34,0,COUNTIF(CB$7:CB$116,CB34)))+IFERROR(VLOOKUP((COUNT(BZ$6:BZ$116)/4),$ER$9:$ES$13,2,FALSE()),0),"") | DX34: =IFERROR(AVERAGE(OFFSET('Data - For Rank'!$Q$2,CG34,0,COUNTIF(CG$7:CG$116,CG34)))+IFERROR(VLOOKUP((COUNT(CE$6:CE$116)/4),$ER$9:$ES$13,2,FALSE()),0),"") | DZ34: =IFERROR(AVERAGE(OFFSET('Data - For Rank'!$R$2,CL34,0,COUNTIF(CL$7:CL$116,CL34)))+IFERROR(VLOOKUP((COUNT(CJ$6:CJ$116)/4),$ER$9:$ES$13,2,FALSE()),0),"") | EB34: =IFERROR(AVERAGE(OFFSET('Data - For Rank'!$S$2,CQ34,0,COUNTIF(CQ$7:CQ$116,CQ34)))+IFERROR(VLOOKUP((COUNT(CO$6:CO$116)/4),$ER$9:$ES$13,2,FALSE()),0),"") | EC34: =AVERAGE(CS34,CU34,CW34,CY34,DA34,DC34,DE34,DG34,DI34,DK34,DM34,DO34,DQ34,DS34,DU34,DW34,DY34,EA34) -> 29.25 | ED34: =AVERAGE(CT34,CV34,CX34,CZ34,DB34,DD34,DF34,DH34,DJ34,DL34,DN34,DP34,DR34,DT34,DV34,DX34,DZ34,EB34) -> 7.8125
B35: =B33+0.0213 -> 10.0213 | D35: JS2 | E35: cash +/- | F35: =IF(COUNT(G33:CN33)>10,SMALL(G33:CN33,COUNT(G33:CN33)-10),MIN(G33:CN33)) -> 10 | I35: =IF(CS35=0,"",CS35) -> -27 | K35: =IFERROR(_xlfn.RANK.EQ(I35,I$6:I$116,0),"") -> 16 | N35: =IF(CU35=0,"",CU35) | P35: =IFERROR(_xlfn.RANK.EQ(N35,N$6:N$116,0),"") | S35: =IF(CW35=0,"",CW35) -> -9 | U35: =IFERROR(_xlfn.RANK.EQ(S35,S$6:S$116,0),"") -> 8 | X35: =IF(CY35=0,"",CY35) | Z35: =IFERROR(_xlfn.RANK.EQ(X35,X$6:X$116,0),"") | AC35: =IF(DA35=0,"",DA35) -> 18 | AE35: =IFERROR(_xlfn.RANK.EQ(AC35,AC$6:AC$116,0),"") -> 5 | AH35: =IF(DC35=0,"",DC35) -> 21 | AJ35: =IFERROR(_xlfn.RANK.EQ(AH35,AH$6:AH$116,0),"") -> 2 | AM35: =IF(DE35=0,"",DE35) -> -2 | AO35: =IFERROR(_xlfn.RANK.EQ(AM35,AM$6:AM$116,0),"") -> 8 | AR35: =IF(DG35=0,"",DG35) -> -0.0001 | AT35: =IFERROR(_xlfn.RANK.EQ(AR35,AR$6:AR$116,0),"") -> 8 | AW35: =IF(DI35=0,"",DI35) -> -13 | AY35: =IFERROR(_xlfn.RANK.EQ(AW35,AW$6:AW$116,0),"") -> 13 | BB35: =IF(DK35=0,"",DK35) -> -50 | BD35: =IFERROR(_xlfn.RANK.EQ(BB35,BB$6:BB$116,0),"") -> 12 | BG35: =IF(DM35=0,"",DM35) | BI35: =IFERROR(_xlfn.RANK.EQ(BG35,BG$6:BG$116,0),"") | BL35: =IF(DO35=0,"",DO35) | BN35: =IFERROR(_xlfn.RANK.EQ(BL35,BL$6:BL$116,0),"") | BQ35: =IF(DQ35=0,"",DQ35) | BS35: =IFERROR(_xlfn.RANK.EQ(BQ35,BQ$6:BQ$116,0),"") | BV35: =IF(DS35=0,"",DS35) | BX35: =IFERROR(_xlfn.RANK.EQ(BV35,BV$6:BV$116,0),"") | CA35: =IF(DU35=0,"",DU35) | CC35: =IFERROR(_xlfn.RANK.EQ(CA35,CA$6:CA$116,0),"") | CF35: =IF(DW35=0,"",DW35) | CH35: =IFERROR(_xlfn.RANK.EQ(CF35,CF$6:CF$116,0),"") | CK35: =IF(DY35=0,"",DY35) | CM35: =IFERROR(_xlfn.RANK.EQ(CK35,CK$6:CK$116,0),"") | CP35: =IF(EA35=0,"",EA35) | CR35: =IFERROR(_xlfn.RANK.EQ(CP35,CP$6:CP$116,0),"") | CS35: -27 | CT35: =IFERROR(AVERAGE(OFFSET('Data - For Rank'!B$2,K35,0,COUNTIF(K$6:K$116,K35)))+IFERROR(VLOOKUP((COUNT($I$6:$I$116)/4),$ER$9:$ES$13,2,FALSE()),0),"") -> 3 | CV35: =IFERROR(AVERAGE(OFFSET('Data - For Rank'!$C$2,P35,0,COUNTIF(P$6:P$116,P35)))+IFERROR(VLOOKUP((COUNT(N$6:N$116)/4),$ER$9:$ES$13,2,FALSE()),0),"") | CW35: -9 | CX35: =IFERROR(AVERAGE(OFFSET('Data - For Rank'!D$2,U35,0,COUNTIF(U$6:$U143,U35)))+IFERROR(VLOOKUP((COUNT(S$6:S$116)/4),$ER$9:$ES$13,2,FALSE()),0),"") -> 8.5 | CZ35: =IFERROR(AVERAGE(OFFSET('Data - For Rank'!E$2,Z35,0,COUNTIF(Z$6:Z$116,Z35)))+IFERROR(VLOOKUP((COUNT(W$6:W$116)/4),$ER$9:$ES$13,2,FALSE()),0),"") | DA35: 18 | DB35: =IFERROR(AVERAGE(OFFSET('Data - For Rank'!F$2,AE35,0,COUNTIF(AE$6:AE$116,AE35)))+IFERROR(VLOOKUP((COUNT(AC$6:AC$116)/4),$ER$9:$ES$13,2,FALSE()),0),"") -> 14 | DC35: 21 | DD35: =IFERROR(AVERAGE(OFFSET('Data - For Rank'!G$2,AJ35,0,COUNTIF(AJ$6:AJ$116,AJ35)))+IFERROR(VLOOKUP((COUNT(AH$6:AH$116)/4),$ER$9:$ES$13,2,FALSE()),0),"") -> 17 | DE35: -2 | DF35: =IFERROR(AVERAGE(OFFSET('Data - For Rank'!$H$2,AO35,0,COUNTIF(AO$6:AO$116,AO35)))+IFERROR(VLOOKUP((COUNT(AM$6:AM$116)/4),$ER$9:$ES$13,2,FALSE()),0),"") -> 9 | DG35: -0.0001 | DH35: =IFERROR(AVERAGE(OFFSET('Data - For Rank'!$I$2,AT35,0,COUNTIF(AT$6:AT$116,AT35)))+IFERROR(VLOOKUP((COUNT(AR$6:AR$116)/4),$ER$9:$ES$13,2,FALSE()),0),"") -> 10.5 | DI35: -13 | DJ35: =IFERROR(AVERAGE(OFFSET('Data - For Rank'!$J$2,AY35,0,COUNTIF(AY$6:AY$116,AY35)))+IFERROR(VLOOKUP((COUNT(AW$6:AW$116)/4),$ER$9:$ES$13,2,FALSE()),0),"") -> 6 | DK35: -50 | DL35: =IFERROR(AVERAGE(OFFSET('Data - For Rank'!$K$2,BD35,0,COUNTIF(BD$6:BD$116,BD35)))+IFERROR(VLOOKUP((COUNT(BB$6:BB$116)/4),$ER$9:$ES$13,2,FALSE()),0),"") -> 5 | DN35: =IFERROR(AVERAGE(OFFSET('Data - For Rank'!$L$2,BI35,0,COUNTIF(BI$6:BI$116,BI35)))+IFERROR(VLOOKUP((COUNT(BG$6:BG$116)/4),$ER$9:$ES$13,2,FALSE()),0),"") | DP35: =IFERROR(AVERAGE(OFFSET('Data - For Rank'!$M$2,BN35,0,COUNTIF(BN$6:BN$116,BN35)))+IFERROR(VLOOKUP((COUNT(BL$6:BL$116)/4),$ER$9:$ES$13,2,FALSE()),0),"") | DR35: =IFERROR(AVERAGE(OFFSET('Data - For Rank'!$N$2,BS35,0,COUNTIF(BS$6:BS$116,BS35)))+IFERROR(VLOOKUP((COUNT(BQ$6:BQ$116)/4),$ER$9:$ES$13,2,FALSE()),0),"") | DT35: =IFERROR(AVERAGE(OFFSET('Data - For Rank'!$O$2,BX35,0,COUNTIF(BX$6:BX$116,BX35)))+IFERROR(VLOOKUP((COUNT(BV$6:BV$116)/4),$ER$9:$ES$13,2,FALSE()),0),"") | DV35: =IFERROR(AVERAGE(OFFSET('Data - For Rank'!$P$2,CC35,0,COUNTIF(CC$6:CC$116,CC35)))+IFERROR(VLOOKUP((COUNT(CA$6:CA$116)/4),$ER$9:$ES$13,2,FALSE()),0),"") | DX35: =IFERROR(AVERAGE(OFFSET('Data - For Rank'!$Q$2,CH35,0,COUNTIF(CH$6:CH$116,CH35)))+IFERROR(VLOOKUP((COUNT(CF$6:CF$116)/4),$ER$9:$ES$13,2,FALSE()),0),"") | DZ35: =IFERROR(AVERAGE(OFFSET('Data - For Rank'!$R$2,CM35,0,COUNTIF(CM$6:CM$116,CM35)))+IFERROR(VLOOKUP((COUNT(CK$6:CK$116)/4),$ER$9:$ES$13,2,FALSE()),0),"") | EB35: =IFERROR(AVERAGE(OFFSET('Data - For Rank'!$S$2,CR35,0,COUNTIF(CR$6:CR$116,CR35)))+IFERROR(VLOOKUP((COUNT(CP$6:CP$116)/4),$ER$9:$ES$13,2,FALSE()),0),"") | EC35: =CS35+CU35+CW35+CY35+DA35+DC35+DE35+DG35+DI35+DK35+DM35+DO35+DQ35+DS35+DU35+DW35+DY35+EA35 -> -62.0001 | ED35: =AVERAGE(CT35,CV35,CX35,CZ35,DB35,DD35,DF35,DH35,DJ35,DL35,DN35,DP35,DR35,DT35,DV35,DX35,DZ35,EB35) -> 9.125
B36: =_xlfn.RANK.EQ(C36,$C$6:$C$63,) -> 11 | C36: =EC36 -> 121 | D36: MB | E36: Mike Bonner | F36: =COUNT(CT36,CV36,CX36,CZ36,DB36,DD36,DF36,DH36,DJ36,DL36,DN36,DP36,DR36,DT36,DV36,DX36,DZ36,EB36) -> 6 | G36: =IF(CT36=0,"",CT36) -> 18.5 | L36: =IF(CV36=0,"",CV36) | Q36: =IF(CX36=0,"",CX36) -> 19 | V36: =IF(CZ36=0,"",CZ36) -> 17 | AA36: =IF(DB36=0,"",DB36) | AF36: =IF(DD36=0,"",DD36) | AK36: =IF(DF36=0,"",DF36) -> 22 | AP36: =IF(DH36=0,"",DH36) | AU36: =IF(DJ36=0,"",DJ36) -> 15 | AZ36: =IF(DL36=0,"",DL36) -> 29.5 | BE36: =IF(DN36=0,"",DN36) | BJ36: =IF(DP36=0,"",DP36) | BO36: =IF(DR36=0,"",DR36) | BT36: =IF(DT36=0,"",DT36) | BY36: =IF(DV36=0,"",DV36) | CD36: =IF(DX36=0,"",DX36) | CI36: =IF(DZ36=0,"",DZ36) | CN36: =IF(EB36=0,"",EB36) | CS36: 89 | CT36: =IFERROR(CT37+CT38,"") -> 18.5 | CV36: =IFERROR(CV37+CV38,"") | CW36: 91 | CX36: =IFERROR(CX37+CX38,"") -> 19 | CY36: 93 | CZ36: =IFERROR(CZ37+CZ38,"") -> 17 | DB36: =IFERROR(DB37+DB38,"") | DD36: =IFERROR(DD37+DD38,"") | DE36: 80 | DF36: =IFERROR(DF37+DF38,"") -> 22 | DH36: =IFERROR(DH37+DH38,"") | DI36: 89 | DJ36: =IFERROR(DJ37+DJ38,"") -> 15 | DK36: 81 | DL36: =IFERROR(DL37+DL38,"") -> 29.5 | DN36: =IFERROR(DN37+DN38,"") | DP36: =IFERROR(DP37+DP38,"") | DR36: =IFERROR(DR37+DR38,"") | DT36: =IFERROR(DT37+DT38,"") | DV36: =IFERROR(DV37+DV38,"") | DX36: =IFERROR(DX37+DX38,"") | DZ36: =IFERROR(DZ37+DZ38,"") | EB36: =IFERROR(EB37+EB38,"") | EC36: =IFERROR(LARGE($G36:$CN36,1),0)+IFERROR(LARGE($G36:$CN36,2),0)+IFERROR(LARGE($G36:$CN36,3),0)+IFERROR(LARGE($G36:$CN36,4),0)+IFERROR(LARGE($G36:$CN36,5),0)+IFERROR(LARGE($G36:$CN36,6),0)+IFERROR(LARGE($G36:$CN36,7),0)+IFERROR(LARGE($G36:$CN36,8),0)+IFERROR(LARGE($G36:$CN36,9),0)+IFERROR(LARGE($G36:$CN36,10),0) -> 121 | ED36: =AVERAGE(CT36,CV36,CX36,CZ36,DB36,DD36,DF36,DH36,DJ36,DL36,DN36,DP36,DR36,DT36,DV36,DX36,DZ36,EB36) -> 20.166667
B37: =B36+0.112 -> 11.112 | D37: MB1 | E37: Harvey Points | H37: =IF(CS37=0,"",CS37) -> 33 | J37: =IFERROR(RANK(H37,H$6:H$116,0),"") -> 4 | M37: =IF(CU37=0,"",CU37) | O37: =IFERROR(RANK(M37,M$6:M$116,0),"") | R37: =IF(CW37=0,"",CW37) -> 33 | T37: =IFERROR(RANK(R37,R$6:R$116,0),"") -> 5 | W37: =IF(CY37=0,"",CY37) -> 26 | Y37: =IFERROR(RANK(W37,W$6:W$116,0),"") -> 8 | AB37: =IF(DA37=0,"",DA37) | AD37: =IFERROR(RANK(AB37,AB$6:AB$116,0),"") | AG37: =IF(DC37=0,"",DC37) | AI37: =IFERROR(RANK(AG37,AG$6:AG$116,0),"") | AL37: =IF(DE37=0,"",DE37) -> 39 | AN37: =IFERROR(RANK(AL37,AL$6:AL$116,0),"") -> 1 | AQ37: =IF(DG37=0,"",DG37) | AS37: =IFERROR(RANK(AQ37,AQ$6:AQ$116,0),"") | AV37: =IF(DI37=0,"",DI37) -> 34 | AX37: =IFERROR(RANK(AV37,AV$6:AV$116,0),"") -> 7 | BA37: =IF(DK37=0,"",DK37) -> 37 | BC37: =IFERROR(RANK(BA37,BA$6:BA$116,0),"") -> 1 | BF37: =IF(DM37=0,"",DM37) | BH37: =IFERROR(RANK(BF37,BF$6:BF$116,0),"") | BK37: =IF(DO37=0,"",DO37) | BM37: =IFERROR(RANK(BK37,BK$6:BK$116,0),"") | BP37: =IF(DQ37=0,"",DQ37) | BR37: =IFERROR(RANK(BP37,BP$6:BP$116,0),"") | BU37: =IF(DS37=0,"",DS37) | BW37: =IFERROR(RANK(BU37,BU$6:BU$116,0),"") | BZ37: =IF(DU37=0,"",DU37) | CB37: =IFERROR(RANK(BZ37,BZ$6:BZ$116,0),"") | CE37: =IF(DW37=0,"",DW37) | CG37: =IFERROR(RANK(CE37,CE$6:CE$116,0),"") | CJ37: =IF(DY37=0,"",DY37) | CL37: =IFERROR(RANK(CJ37,CJ$6:CJ$116,0),"") | CO37: =IF(EA37=0,"",EA37) | CQ37: =IFERROR(RANK(CO37,CO$6:CO$116,0),"") | CS37: 33 | CT37: =IFERROR(AVERAGE(OFFSET('Data - For Rank'!B$2,J37,0,COUNTIF($J$7:J$116,J37)))+IFERROR(VLOOKUP((COUNT($H$6:$H$116)/4),$ER$9:$ES$13,2,FALSE()),0),"") -> 14.5 | CV37: =IFERROR(AVERAGE(OFFSET('Data - For Rank'!$C$2,O37,0,COUNTIF(O$7:O$116,O37)))+IFERROR(VLOOKUP((COUNT(M$6:M$116)/4),$ER$9:$ES$13,2,FALSE()),0),"") | CW37: 33 | CX37: =IFERROR(AVERAGE(OFFSET('Data - For Rank'!D$2,T37,0,COUNTIF(T$7:T$116,T37)))+IFERROR(VLOOKUP((COUNT(R$6:R$116)/4),$ER$9:$ES$13,2,FALSE()),0),"") -> 12 | CY37: 26 | CZ37: =IFERROR(AVERAGE(OFFSET('Data - For Rank'!E$2,Y37,0,COUNTIF(Y$7:Y$116,Y37)))+IFERROR(VLOOKUP((COUNT(W$6:W$116)/4),$ER$9:$ES$13,2,FALSE()),0),"") -> 7 | DB37: =IFERROR(AVERAGE(OFFSET('Data - For Rank'!F$2,AD37,0,COUNTIF(AD$7:AD$116,AD37)))+IFERROR(VLOOKUP((COUNT(AB$6:AB$116)/4),$ER$9:$ES$13,2,FALSE()),0),"") | DD37: =IFERROR(AVERAGE(OFFSET('Data - For Rank'!G$2,AI37,0,COUNTIF(AI$7:AI$116,AI37)))+IFERROR(VLOOKUP((COUNT(AG$6:AG$116)/4),$ER$9:$ES$13,2,FALSE()),0),"") | DE37: 39 | DF37: =IFERROR(AVERAGE(OFFSET('Data - For Rank'!$H$2,AN37,0,COUNTIF(AN$7:AN$116,AN37)))+IFERROR(VLOOKUP((COUNT(AL$6:AL$116)/4),$ER$9:$ES$13,2,FALSE()),0),"") -> 15.5 | DH37: =IFERROR(AVERAGE(OFFSET('Data - For Rank'!$I$2,AS37,0,COUNTIF(AS$7:AS$116,AS37)))+IFERROR(VLOOKUP((COUNT(AQ$6:AQ$116)/4),$ER$9:$ES$13,2,FALSE()),0),"") | DI37: 34 | DJ37: =IFERROR(AVERAGE(OFFSET('Data - For Rank'!$J$2,AX37,0,COUNTIF(AX$7:AX$116,AX37)))+IFERROR(VLOOKUP((COUNT(AV$6:AV$116)/4),$ER$9:$ES$13,2,FALSE()),0),"") -> 11 | DK37: 37 | DL37: =IFERROR(AVERAGE(OFFSET('Data - For Rank'!$K$2,BC37,0,COUNTIF(BC$7:BC$116,BC37)))+IFERROR(VLOOKUP((COUNT(BA$6:BA$116)/4),$ER$9:$ES$13,2,FALSE()),0),"") -> 15.5 | DN37: =IFERROR(AVERAGE(OFFSET('Data - For Rank'!$L$2,BH37,0,COUNTIF(BH$7:BH$116,BH37)))+IFERROR(VLOOKUP((COUNT(BF$6:BF$116)/4),$ER$9:$ES$13,2,FALSE()),0),"") | DP37: =IFERROR(AVERAGE(OFFSET('Data - For Rank'!$M$2,BM37,0,COUNTIF(BM$7:BM$116,BM37)))+IFERROR(VLOOKUP((COUNT(BK$6:BK$116)/4),$ER$9:$ES$13,2,FALSE()),0),"") | DR37: =IFERROR(AVERAGE(OFFSET('Data - For Rank'!$N$2,BR37,0,COUNTIF(BR$7:BR$116,BR37)))+IFERROR(VLOOKUP((COUNT(BP$6:BP$116)/4),$ER$9:$ES$13,2,FALSE()),0),"") | DT37: =IFERROR(AVERAGE(OFFSET('Data - For Rank'!$O$2,BW37,0,COUNTIF(BW$7:BW$116,BW37)))+IFERROR(VLOOKUP((COUNT(BU$6:BU$116)/4),$ER$9:$ES$13,2,FALSE()),0),"") | DV37: =IFERROR(AVERAGE(OFFSET('Data - For Rank'!$P$2,CB37,0,COUNTIF(CB$7:CB$116,CB37)))+IFERROR(VLOOKUP((COUNT(BZ$6:BZ$116)/4),$ER$9:$ES$13,2,FALSE()),0),"") | DX37: =IFERROR(AVERAGE(OFFSET('Data - For Rank'!$Q$2,CG37,0,COUNTIF(CG$7:CG$116,CG37)))+IFERROR(VLOOKUP((COUNT(CE$6:CE$116)/4),$ER$9:$ES$13,2,FALSE()),0),"") | DZ37: =IFERROR(AVERAGE(OFFSET('Data - For Rank'!$R$2,CL37,0,COUNTIF(CL$7:CL$116,CL37)))+IFERROR(VLOOKUP((COUNT(CJ$6:CJ$116)/4),$ER$9:$ES$13,2,FALSE()),0),"") | EB37: =IFERROR(AVERAGE(OFFSET('Data - For Rank'!$S$2,CQ37,0,COUNTIF(CQ$7:CQ$116,CQ37)))+IFERROR(VLOOKUP((COUNT(CO$6:CO$116)/4),$ER$9:$ES$13,2,FALSE()),0),"") | EC37: =AVERAGE(CS37,CU37,CW37,CY37,DA37,DC37,DE37,DG37,DI37,DK37,DM37,DO37,DQ37,DS37,DU37,DW37,DY37,EA37) -> 33.666667 | ED37: =AVERAGE(CT37,CV37,CX37,CZ37,DB37,DD37,DF37,DH37,DJ37,DL37,DN37,DP37,DR37,DT37,DV37,DX37,DZ37,EB37) -> 12.583333
B38: =B36+0.0212 -> 11.0212 | D38: MB2 | E38: cash +/- | F38: =IF(COUNT(G36:CN36)>10,SMALL(G36:CN36,COUNT(G36:CN36)-10),MIN(G36:CN36)) -> 15 | I38: =IF(CS38=0,"",CS38) -> -15 | K38: =IFERROR(_xlfn.RANK.EQ(I38,I$6:I$116,0),"") -> 15 | N38: =IF(CU38=0,"",CU38) | P38: =IFERROR(_xlfn.RANK.EQ(N38,N$6:N$116,0),"") | S38: =IF(CW38=0,"",CW38) -> -12 | U38: =IFERROR(_xlfn.RANK.EQ(S38,S$6:S$116,0),"") -> 10 | X38: =IF(CY38=0,"",CY38) -> -13 | Z38: =IFERROR(_xlfn.RANK.EQ(X38,X$6:X$116,0),"") -> 5 | AC38: =IF(DA38=0,"",DA38) | AE38: =IFERROR(_xlfn.RANK.EQ(AC38,AC$6:AC$116,0),"") | AH38: =IF(DC38=0,"",DC38) | AJ38: =IFERROR(_xlfn.RANK.EQ(AH38,AH$6:AH$116,0),"") | AM38: =IF(DE38=0,"",DE38) -> -8 | AO38: =IFERROR(_xlfn.RANK.EQ(AM38,AM$6:AM$116,0),"") -> 10 | AR38: =IF(DG38=0,"",DG38) | AT38: =IFERROR(_xlfn.RANK.EQ(AR38,AR$6:AR$116,0),"") | AW38: =IF(DI38=0,"",DI38) -> -21 | AY38: =IFERROR(_xlfn.RANK.EQ(AW38,AW$6:AW$116,0),"") -> 15 | BB38: =IF(DK38=0,"",DK38) -> 16 | BD38: =IFERROR(_xlfn.RANK.EQ(BB38,BB$6:BB$116,0),"") -> 2 | BG38: =IF(DM38=0,"",DM38) | BI38: =IFERROR(_xlfn.RANK.EQ(BG38,BG$6:BG$116,0),"") | BL38: =IF(DO38=0,"",DO38) | BN38: =IFERROR(_xlfn.RANK.EQ(BL38,BL$6:BL$116,0),"") | BQ38: =IF(DQ38=0,"",DQ38) | BS38: =IFERROR(_xlfn.RANK.EQ(BQ38,BQ$6:BQ$116,0),"") | BV38: =IF(DS38=0,"",DS38) | BX38: =IFERROR(_xlfn.RANK.EQ(BV38,BV$6:BV$116,0),"") | CA38: =IF(DU38=0,"",DU38) | CC38: =IFERROR(_xlfn.RANK.EQ(CA38,CA$6:CA$116,0),"") | CF38: =IF(DW38=0,"",DW38) | CH38: =IFERROR(_xlfn.RANK.EQ(CF38,CF$6:CF$116,0),"") | CK38: =IF(DY38=0,"",DY38) | CM38: =IFERROR(_xlfn.RANK.EQ(CK38,CK$6:CK$116,0),"") | CP38: =IF(EA38=0,"",EA38) | CR38: =IFERROR(_xlfn.RANK.EQ(CP38,CP$6:CP$116,0),"") | CS38: -15 | CT38: =IFERROR(AVERAGE(OFFSET('Data - For Rank'!B$2,K38,0,COUNTIF(K$6:K$116,K38)))+IFERROR(VLOOKUP((COUNT($I$6:$I$116)/4),$ER$9:$ES$13,2,FALSE()),0),"") -> 4 | CV38: =IFERROR(AVERAGE(OFFSET('Data - For Rank'!$C$2,P38,0,COUNTIF(P$6:P$116,P38)))+IFERROR(VLOOKUP((COUNT(N$6:N$116)/4),$ER$9:$ES$13,2,FALSE()),0),"") | CW38: -12 | CX38: =IFERROR(AVERAGE(OFFSET('Data - For Rank'!D$2,U38,0,COUNTIF(U$6:$U146,U38)))+IFERROR(VLOOKUP((COUNT(S$6:S$116)/4),$ER$9:$ES$13,2,FALSE()),0),"") -> 7 | CY38: -13 | CZ38: =IFERROR(AVERAGE(OFFSET('Data - For Rank'!E$2,Z38,0,COUNTIF(Z$6:Z$116,Z38)))+IFERROR(VLOOKUP((COUNT(W$6:W$116)/4),$ER$9:$ES$13,2,FALSE()),0),"") -> 10 | DB38: =IFERROR(AVERAGE(OFFSET('Data - For Rank'!F$2,AE38,0,COUNTIF(AE$6:AE$116,AE38)))+IFERROR(VLOOKUP((COUNT(AC$6:AC$116)/4),$ER$9:$ES$13,2,FALSE()),0),"") | DD38: =IFERROR(AVERAGE(OFFSET('Data - For Rank'!G$2,AJ38,0,COUNTIF(AJ$6:AJ$116,AJ38)))+IFERROR(VLOOKUP((COUNT(AH$6:AH$116)/4),$ER$9:$ES$13,2,FALSE()),0),"") | DE38: -8 | DF38: =IFERROR(AVERAGE(OFFSET('Data - For Rank'!$H$2,AO38,0,COUNTIF(AO$6:AO$116,AO38)))+IFERROR(VLOOKUP((COUNT(AM$6:AM$116)/4),$ER$9:$ES$13,2,FALSE()),0),"") -> 6.5 | DH38: =IFERROR(AVERAGE(OFFSET('Data - For Rank'!$I$2,AT38,0,COUNTIF(AT$6:AT$116,AT38)))+IFERROR(VLOOKUP((COUNT(AR$6:AR$116)/4),$ER$9:$ES$13,2,FALSE()),0),"") | DI38: -21 | DJ38: =IFERROR(AVERAGE(OFFSET('Data - For Rank'!$J$2,AY38,0,COUNTIF(AY$6:AY$116,AY38)))+IFERROR(VLOOKUP((COUNT(AW$6:AW$116)/4),$ER$9:$ES$13,2,FALSE()),0),"") -> 4 | DK38: 16 | DL38: =IFERROR(AVERAGE(OFFSET('Data - For Rank'!$K$2,BD38,0,COUNTIF(BD$6:BD$116,BD38)))+IFERROR(VLOOKUP((COUNT(BB$6:BB$116)/4),$ER$9:$ES$13,2,FALSE()),0),"") -> 14 | DN38: =IFERROR(AVERAGE(OFFSET('Data - For Rank'!$L$2,BI38,0,COUNTIF(BI$6:BI$116,BI38)))+IFERROR(VLOOKUP((COUNT(BG$6:BG$116)/4),$ER$9:$ES$13,2,FALSE()),0),"") | DP38: =IFERROR(AVERAGE(OFFSET('Data - For Rank'!$M$2,BN38,0,COUNTIF(BN$6:BN$116,BN38)))+IFERROR(VLOOKUP((COUNT(BL$6:BL$116)/4),$ER$9:$ES$13,2,FALSE()),0),"") | DR38: =IFERROR(AVERAGE(OFFSET('Data - For Rank'!$N$2,BS38,0,COUNTIF(BS$6:BS$116,BS38)))+IFERROR(VLOOKUP((COUNT(BQ$6:BQ$116)/4),$ER$9:$ES$13,2,FALSE()),0),"") | DT38: =IFERROR(AVERAGE(OFFSET('Data - For Rank'!$O$2,BX38,0,COUNTIF(BX$6:BX$116,BX38)))+IFERROR(VLOOKUP((COUNT(BV$6:BV$116)/4),$ER$9:$ES$13,2,FALSE()),0),"") | DV38: =IFERROR(AVERAGE(OFFSET('Data - For Rank'!$P$2,CC38,0,COUNTIF(CC$6:CC$116,CC38)))+IFERROR(VLOOKUP((COUNT(CA$6:CA$116)/4),$ER$9:$ES$13,2,FALSE()),0),"") | DX38: =IFERROR(AVERAGE(OFFSET('Data - For Rank'!$Q$2,CH38,0,COUNTIF(CH$6:CH$116,CH38)))+IFERROR(VLOOKUP((COUNT(CF$6:CF$116)/4),$ER$9:$ES$13,2,FALSE()),0),"") | DZ38: =IFERROR(AVERAGE(OFFSET('Data - For Rank'!$R$2,CM38,0,COUNTIF(CM$6:CM$116,CM38)))+IFERROR(VLOOKUP((COUNT(CK$6:CK$116)/4),$ER$9:$ES$13,2,FALSE()),0),"") | EB38: =IFERROR(AVERAGE(OFFSET('Data - For Rank'!$S$2,CR38,0,COUNTIF(CR$6:CR$116,CR38)))+IFERROR(VLOOKUP((COUNT(CP$6:CP$116)/4),$ER$9:$ES$13,2,FALSE()),0),"") | EC38: =CS38+CU38+CW38+CY38+DA38+DC38+DE38+DG38+DI38+DK38+DM38+DO38+DQ38+DS38+DU38+DW38+DY38+EA38 -> -53 | ED38: =AVERAGE(CT38,CV38,CX38,CZ38,DB38,DD38,DF38,DH38,DJ38,DL38,DN38,DP38,DR38,DT38,DV38,DX38,DZ38,EB38) -> 7.5833333
B39: =_xlfn.RANK.EQ(C39,$C$6:$C$63,) -> 12 | C39: =EC39 -> 115.5 | D39: JP | E39: Jay Patterson | F39: =COUNT(CT39,CV39,CX39,CZ39,DB39,DD39,DF39,DH39,DJ39,DL39,DN39,DP39,DR39,DT39,DV39,DX39,DZ39,EB39) -> 7 | G39: =IF(CT39=0,"",CT39) -> 9.5 | L39: =IF(CV39=0,"",CV39) | Q39: =IF(CX39=0,"",CX39) | V39: =IF(CZ39=0,"",CZ39) -> 16.5 | AA39: =IF(DB39=0,"",DB39) -> 17.5 | AF39: =IF(DD39=0,"",DD39) -> 12 | AK39: =IF(DF39=0,"",DF39) -> 24.5 | AP39: =IF(DH39=0,"",DH39) -> 15.5 | AU39: =IF(DJ39=0,"",DJ39) -> 20 | AZ39: =IF(DL39=0,"",DL39) | BE39: =IF(DN39=0,"",DN39) | BJ39: =IF(DP39=0,"",DP39) | BO39: =IF(DR39=0,"",DR39) | BT39: =IF(DT39=0,"",DT39) | BY39: =IF(DV39=0,"",DV39) | CD39: =IF(DX39=0,"",DX39) | CI39: =IF(DZ39=0,"",DZ39) | CN39: =IF(EB39=0,"",EB39) | CS39: 87 | CT39: =IFERROR(CT40+CT41,"") -> 9.5 | CV39: =IFERROR(CV40+CV41,"") | CX39: =IFERROR(CX40+CX41,"") | CY39: 84 | CZ39: =IFERROR(CZ40+CZ41,"") -> 16.5 | DA39: 85 | DB39: =IFERROR(DB40+DB41,"") -> 17.5 | DC39: 91 | DD39: =IFERROR(DD40+DD41,"") -> 12 | DE39: 77 | DF39: =IFERROR(DF40+DF41,"") -> 24.5 | DG39: 85 | DH39: =IFERROR(DH40+DH41,"") -> 15.5 | DI39: 84 | DJ39: =IFERROR(DJ40+DJ41,"") -> 20 | DL39: =IFERROR(DL40+DL41,"") | DN39: =IFERROR(DN40+DN41,"") | DP39: =IFERROR(DP40+DP41,"") | DR39: =IFERROR(DR40+DR41,"") | DT39: =IFERROR(DT40+DT41,"") | DV39: =IFERROR(DV40+DV41,"") | DX39: =IFERROR(DX40+DX41,"") | DZ39: =IFERROR(DZ40+DZ41,"") | EB39: =IFERROR(EB40+EB41,"") | EC39: =IFERROR(LARGE($G39:$CN39,1),0)+IFERROR(LARGE($G39:$CN39,2),0)+IFERROR(LARGE($G39:$CN39,3),0)+IFERROR(LARGE($G39:$CN39,4),0)+IFERROR(LARGE($G39:$CN39,5),0)+IFERROR(LARGE($G39:$CN39,6),0)+IFERROR(LARGE($G39:$CN39,7),0)+IFERROR(LARGE($G39:$CN39,8),0)+IFERROR(LARGE($G39:$CN39,9),0)+IFERROR(LARGE($G39:$CN39,10),0) -> 115.5 | ED39: =AVERAGE(CT39,CV39,CX39,CZ39,DB39,DD39,DF39,DH39,DJ39,DL39,DN39,DP39,DR39,DT39,DV39,DX39,DZ39,EB39) -> 16.5
B40: =B39+0.115 -> 12.115 | D40: JP1 | E40: Harvey Points | H40: =IF(CS40=0,"",CS40) -> 28 | J40: =IFERROR(RANK(H40,H$6:H$116,0),"") -> 14 | M40: =IF(CU40=0,"",CU40) | O40: =IFERROR(RANK(M40,M$6:M$116,0),"") | R40: =IF(CW40=0,"",CW40) | T40: =IFERROR(RANK(R40,R$6:R$116,0),"") | W40: =IF(CY40=0,"",CY40) -> 28 | Y40: =IFERROR(RANK(W40,W$6:W$116,0),"") -> 6 | AB40: =IF(DA40=0,"",DA40) -> 30 | AD40: =IFERROR(RANK(AB40,AB$6:AB$116,0),"") -> 10 | AG40: =IF(DC40=0,"",DC40) -> 26 | AI40: =IFERROR(RANK(AG40,AG$6:AG$116,0),"") -> 14 | AL40: =IF(DE40=0,"",DE40) -> 36 | AN40: =IFERROR(RANK(AL40,AL$6:AL$116,0),"") -> 3 | AQ40: =IF(DG40=0,"",DG40) -> 31 | AS40: =IFERROR(RANK(AQ40,AQ$6:AQ$116,0),"") -> 10 | AV40: =IF(DI40=0,"",DI40) -> 34 | AX40: =IFERROR(RANK(AV40,AV$6:AV$116,0),"") -> 7 | BA40: =IF(DK40=0,"",DK40) | BC40: =IFERROR(RANK(BA40,BA$6:BA$116,0),"") | BF40: =IF(DM40=0,"",DM40) | BH40: =IFERROR(RANK(BF40,BF$6:BF$116,0),"") | BK40: =IF(DO40=0,"",DO40) | BM40: =IFERROR(RANK(BK40,BK$6:BK$116,0),"") | BP40: =IF(DQ40=0,"",DQ40) | BR40: =IFERROR(RANK(BP40,BP$6:BP$116,0),"") | BU40: =IF(DS40=0,"",DS40) | BW40: =IFERROR(RANK(BU40,BU$6:BU$116,0),"") | BZ40: =IF(DU40=0,"",DU40) | CB40: =IFERROR(RANK(BZ40,BZ$6:BZ$116,0),"") | CE40: =IF(DW40=0,"",DW40) | CG40: =IFERROR(RANK(CE40,CE$6:CE$116,0),"") | CJ40: =IF(DY40=0,"",DY40) | CL40: =IFERROR(RANK(CJ40,CJ$6:CJ$116,0),"") | CO40: =IF(EA40=0,"",EA40) | CQ40: =IFERROR(RANK(CO40,CO$6:CO$116,0),"") | CS40: 28 | CT40: =IFERROR(AVERAGE(OFFSET('Data - For Rank'!B$2,J40,0,COUNTIF($J$7:J$116,J40)))+IFERROR(VLOOKUP((COUNT($H$6:$H$116)/4),$ER$9:$ES$13,2,FALSE()),0),"") -> 4.5 | CV40: =IFERROR(AVERAGE(OFFSET('Data - For Rank'!$C$2,O40,0,COUNTIF(O$7:O$116,O40)))+IFERROR(VLOOKUP((COUNT(M$6:M$116)/4),$ER$9:$ES$13,2,FALSE()),0),"") | CX40: =IFERROR(AVERAGE(OFFSET('Data - For Rank'!D$2,T40,0,COUNTIF(T$7:T$116,T40)))+IFERROR(VLOOKUP((COUNT(R$6:R$116)/4),$ER$9:$ES$13,2,FALSE()),0),"") | CY40: 28 | CZ40: =IFERROR(AVERAGE(OFFSET('Data - For Rank'!E$2,Y40,0,COUNTIF(Y$7:Y$116,Y40)))+IFERROR(VLOOKUP((COUNT(W$6:W$116)/4),$ER$9:$ES$13,2,FALSE()),0),"") -> 8.5 | DA40: 30 | DB40: =IFERROR(AVERAGE(OFFSET('Data - For Rank'!F$2,AD40,0,COUNTIF(AD$7:AD$116,AD40)))+IFERROR(VLOOKUP((COUNT(AB$6:AB$116)/4),$ER$9:$ES$13,2,FALSE()),0),"") -> 8.5 | DC40: 26 | DD40: =IFERROR(AVERAGE(OFFSET('Data - For Rank'!G$2,AI40,0,COUNTIF(AI$7:AI$116,AI40)))+IFERROR(VLOOKUP((COUNT(AG$6:AG$116)/4),$ER$9:$ES$13,2,FALSE()),0),"") -> 5 | DE40: 36 | DF40: =IFERROR(AVERAGE(OFFSET('Data - For Rank'!$H$2,AN40,0,COUNTIF(AN$7:AN$116,AN40)))+IFERROR(VLOOKUP((COUNT(AL$6:AL$116)/4),$ER$9:$ES$13,2,FALSE()),0),"") -> 13.5 | DG40: 31 | DH40: =IFERROR(AVERAGE(OFFSET('Data - For Rank'!$I$2,AS40,0,COUNTIF(AS$7:AS$116,AS40)))+IFERROR(VLOOKUP((COUNT(AQ$6:AQ$116)/4),$ER$9:$ES$13,2,FALSE()),0),"") -> 9 | DI40: 34 | DJ40: =IFERROR(AVERAGE(OFFSET('Data - For Rank'!$J$2,AX40,0,COUNTIF(AX$7:AX$116,AX40)))+IFERROR(VLOOKUP((COUNT(AV$6:AV$116)/4),$ER$9:$ES$13,2,FALSE()),0),"") -> 11 | DL40: =IFERROR(AVERAGE(OFFSET('Data - For Rank'!$K$2,BC40,0,COUNTIF(BC$7:BC$116,BC40)))+IFERROR(VLOOKUP((COUNT(BA$6:BA$116)/4),$ER$9:$ES$13,2,FALSE()),0),"") | DN40: =IFERROR(AVERAGE(OFFSET('Data - For Rank'!$L$2,BH40,0,COUNTIF(BH$7:BH$116,BH40)))+IFERROR(VLOOKUP((COUNT(BF$6:BF$116)/4),$ER$9:$ES$13,2,FALSE()),0),"") | DP40: =IFERROR(AVERAGE(OFFSET('Data - For Rank'!$M$2,BM40,0,COUNTIF(BM$7:BM$116,BM40)))+IFERROR(VLOOKUP((COUNT(BK$6:BK$116)/4),$ER$9:$ES$13,2,FALSE()),0),"") | DR40: =IFERROR(AVERAGE(OFFSET('Data - For Rank'!$N$2,BR40,0,COUNTIF(BR$7:BR$116,BR40)))+IFERROR(VLOOKUP((COUNT(BP$6:BP$116)/4),$ER$9:$ES$13,2,FALSE()),0),"") | DT40: =IFERROR(AVERAGE(OFFSET('Data - For Rank'!$O$2,BW40,0,COUNTIF(BW$7:BW$116,BW40)))+IFERROR(VLOOKUP((COUNT(BU$6:BU$116)/4),$ER$9:$ES$13,2,FALSE()),0),"") | DV40: =IFERROR(AVERAGE(OFFSET('Data - For Rank'!$P$2,CB40,0,COUNTIF(CB$7:CB$116,CB40)))+IFERROR(VLOOKUP((COUNT(BZ$6:BZ$116)/4),$ER$9:$ES$13,2,FALSE()),0),"") | DX40: =IFERROR(AVERAGE(OFFSET('Data - For Rank'!$Q$2,CG40,0,COUNTIF(CG$7:CG$116,CG40)))+IFERROR(VLOOKUP((COUNT(CE$6:CE$116)/4),$ER$9:$ES$13,2,FALSE()),0),"") | DZ40: =IFERROR(AVERAGE(OFFSET('Data - For Rank'!$R$2,CL40,0,COUNTIF(CL$7:CL$116,CL40)))+IFERROR(VLOOKUP((COUNT(CJ$6:CJ$116)/4),$ER$9:$ES$13,2,FALSE()),0),"") | EB40: =IFERROR(AVERAGE(OFFSET('Data - For Rank'!$S$2,CQ40,0,COUNTIF(CQ$7:CQ$116,CQ40)))+IFERROR(VLOOKUP((COUNT(CO$6:CO$116)/4),$ER$9:$ES$13,2,FALSE()),0),"") | EC40: =AVERAGE(CS40,CU40,CW40,CY40,DA40,DC40,DE40,DG40,DI40,DK40,DM40,DO40,DQ40,DS40,DU40,DW40,DY40,EA40) -> 30.428571 | ED40: =AVERAGE(CT40,CV40,CX40,CZ40,DB40,DD40,DF40,DH40,DJ40,DL40,DN40,DP40,DR40,DT40,DV40,DX40,DZ40,EB40) -> 8.5714286
B41: =B39+0.0215 -> 12.0215 | D41: JP2 | E41: cash +/- | F41: =IF(COUNT(G39:CN39)>10,SMALL(G39:CN39,COUNT(G39:CN39)-10),MIN(G39:CN39)) -> 9.5 | I41: =IF(CS41=0,"",CS41) -> -12 | K41: =IFERROR(_xlfn.RANK.EQ(I41,I$6:I$116,0),"") -> 14 | N41: =IF(CU41=0,"",CU41) | P41: =IFERROR(_xlfn.RANK.EQ(N41,N$6:N$116,0),"") | S41: =IF(CW41=0,"",CW41) | U41: =IFERROR(_xlfn.RANK.EQ(S41,S$6:S$116,0),"") | X41: =IF(CY41=0,"",CY41) -> -17 | Z41: =IFERROR(_xlfn.RANK.EQ(X41,X$6:X$116,0),"") -> 7 | AC41: =IF(DA41=0,"",DA41) -> 4 | AE41: =IFERROR(_xlfn.RANK.EQ(AC41,AC$6:AC$116,0),"") -> 10 | AH41: =IF(DC41=0,"",DC41) -> -4 | AJ41: =IFERROR(_xlfn.RANK.EQ(AH41,AH$6:AH$116,0),"") -> 12 | AM41: =IF(DE41=0,"",DE41) -> 2 | AO41: =IFERROR(_xlfn.RANK.EQ(AM41,AM$6:AM$116,0),"") -> 5 | AR41: =IF(DG41=0,"",DG41) -> -10 | AT41: =IFERROR(_xlfn.RANK.EQ(AR41,AR$6:AR$116,0),"") -> 12 | AW41: =IF(DI41=0,"",DI41) -> -5 | AY41: =IFERROR(_xlfn.RANK.EQ(AW41,AW$6:AW$116,0),"") -> 10 | BB41: =IF(DK41=0,"",DK41) | BD41: =IFERROR(_xlfn.RANK.EQ(BB41,BB$6:BB$116,0),"") | BG41: =IF(DM41=0,"",DM41) | BI41: =IFERROR(_xlfn.RANK.EQ(BG41,BG$6:BG$116,0),"") | BL41: =IF(DO41=0,"",DO41) | BN41: =IFERROR(_xlfn.RANK.EQ(BL41,BL$6:BL$116,0),"") | BQ41: =IF(DQ41=0,"",DQ41) | BS41: =IFERROR(_xlfn.RANK.EQ(BQ41,BQ$6:BQ$116,0),"") | BV41: =IF(DS41=0,"",DS41) | BX41: =IFERROR(_xlfn.RANK.EQ(BV41,BV$6:BV$116,0),"") | CA41: =IF(DU41=0,"",DU41) | CC41: =IFERROR(_xlfn.RANK.EQ(CA41,CA$6:CA$116,0),"") | CF41: =IF(DW41=0,"",DW41) | CH41: =IFERROR(_xlfn.RANK.EQ(CF41,CF$6:CF$116,0),"") | CK41: =IF(DY41=0,"",DY41) | CM41: =IFERROR(_xlfn.RANK.EQ(CK41,CK$6:CK$116,0),"") | CP41: =IF(EA41=0,"",EA41) | CR41: =IFERROR(_xlfn.RANK.EQ(CP41,CP$6:CP$116,0),"") | CS41: -12 | CT41: =IFERROR(AVERAGE(OFFSET('Data - For Rank'!B$2,K41,0,COUNTIF(K$6:K$116,K41)))+IFERROR(VLOOKUP((COUNT($I$6:$I$116)/4),$ER$9:$ES$13,2,FALSE()),0),"") -> 5 | CV41: =IFERROR(AVERAGE(OFFSET('Data - For Rank'!$C$2,P41,0,COUNTIF(P$6:P$116,P41)))+IFERROR(VLOOKUP((COUNT(N$6:N$116)/4),$ER$9:$ES$13,2,FALSE()),0),"") | CX41: =IFERROR(AVERAGE(OFFSET('Data - For Rank'!D$2,U41,0,COUNTIF(U$6:$U149,U41)))+IFERROR(VLOOKUP((COUNT(S$6:S$116)/4),$ER$9:$ES$13,2,FALSE()),0),"") | CY41: -17 | CZ41: =IFERROR(AVERAGE(OFFSET('Data - For Rank'!E$2,Z41,0,COUNTIF(Z$6:Z$116,Z41)))+IFERROR(VLOOKUP((COUNT(W$6:W$116)/4),$ER$9:$ES$13,2,FALSE()),0),"") -> 8 | DA41: 4 | DB41: =IFERROR(AVERAGE(OFFSET('Data - For Rank'!F$2,AE41,0,COUNTIF(AE$6:AE$116,AE41)))+IFERROR(VLOOKUP((COUNT(AC$6:AC$116)/4),$ER$9:$ES$13,2,FALSE()),0),"") -> 9 | DC41: -4 | DD41: =IFERROR(AVERAGE(OFFSET('Data - For Rank'!G$2,AJ41,0,COUNTIF(AJ$6:AJ$116,AJ41)))+IFERROR(VLOOKUP((COUNT(AH$6:AH$116)/4),$ER$9:$ES$13,2,FALSE()),0),"") -> 7 | DE41: 2 | DF41: =IFERROR(AVERAGE(OFFSET('Data - For Rank'!$H$2,AO41,0,COUNTIF(AO$6:AO$116,AO41)))+IFERROR(VLOOKUP((COUNT(AM$6:AM$116)/4),$ER$9:$ES$13,2,FALSE()),0),"") -> 11 | DG41: -10 | DH41: =IFERROR(AVERAGE(OFFSET('Data - For Rank'!$I$2,AT41,0,COUNTIF(AT$6:AT$116,AT41)))+IFERROR(VLOOKUP((COUNT(AR$6:AR$116)/4),$ER$9:$ES$13,2,FALSE()),0),"") -> 6.5 | DI41: -5 | DJ41: =IFERROR(AVERAGE(OFFSET('Data - For Rank'!$J$2,AY41,0,COUNTIF(AY$6:AY$116,AY41)))+IFERROR(VLOOKUP((COUNT(AW$6:AW$116)/4),$ER$9:$ES$13,2,FALSE()),0),"") -> 9 | DL41: =IFERROR(AVERAGE(OFFSET('Data - For Rank'!$K$2,BD41,0,COUNTIF(BD$6:BD$116,BD41)))+IFERROR(VLOOKUP((COUNT(BB$6:BB$116)/4),$ER$9:$ES$13,2,FALSE()),0),"") | DN41: =IFERROR(AVERAGE(OFFSET('Data - For Rank'!$L$2,BI41,0,COUNTIF(BI$6:BI$116,BI41)))+IFERROR(VLOOKUP((COUNT(BG$6:BG$116)/4),$ER$9:$ES$13,2,FALSE()),0),"") | DP41: =IFERROR(AVERAGE(OFFSET('Data - For Rank'!$M$2,BN41,0,COUNTIF(BN$6:BN$116,BN41)))+IFERROR(VLOOKUP((COUNT(BL$6:BL$116)/4),$ER$9:$ES$13,2,FALSE()),0),"") | DR41: =IFERROR(AVERAGE(OFFSET('Data - For Rank'!$N$2,BS41,0,COUNTIF(BS$6:BS$116,BS41)))+IFERROR(VLOOKUP((COUNT(BQ$6:BQ$116)/4),$ER$9:$ES$13,2,FALSE()),0),"") | DT41: =IFERROR(AVERAGE(OFFSET('Data - For Rank'!$O$2,BX41,0,COUNTIF(BX$6:BX$116,BX41)))+IFERROR(VLOOKUP((COUNT(BV$6:BV$116)/4),$ER$9:$ES$13,2,FALSE()),0),"") | DV41: =IFERROR(AVERAGE(OFFSET('Data - For Rank'!$P$2,CC41,0,COUNTIF(CC$6:CC$116,CC41)))+IFERROR(VLOOKUP((COUNT(CA$6:CA$116)/4),$ER$9:$ES$13,2,FALSE()),0),"") | DX41: =IFERROR(AVERAGE(OFFSET('Data - For Rank'!$Q$2,CH41,0,COUNTIF(CH$6:CH$116,CH41)))+IFERROR(VLOOKUP((COUNT(CF$6:CF$116)/4),$ER$9:$ES$13,2,FALSE()),0),"") | DZ41: =IFERROR(AVERAGE(OFFSET('Data - For Rank'!$R$2,CM41,0,COUNTIF(CM$6:CM$116,CM41)))+IFERROR(VLOOKUP((COUNT(CK$6:CK$116)/4),$ER$9:$ES$13,2,FALSE()),0),"") | EB41: =IFERROR(AVERAGE(OFFSET('Data - For Rank'!$S$2,CR41,0,COUNTIF(CR$6:CR$116,CR41)))+IFERROR(VLOOKUP((COUNT(CP$6:CP$116)/4),$ER$9:$ES$13,2,FALSE()),0),"") | EC41: =CS41+CU41+CW41+CY41+DA41+DC41+DE41+DG41+DI41+DK41+DM41+DO41+DQ41+DS41+DU41+DW41+DY41+EA41 -> -42 | ED41: =AVERAGE(CT41,CV41,CX41,CZ41,DB41,DD41,DF41,DH41,DJ41,DL41,DN41,DP41,DR41,DT41,DV41,DX41,DZ41,EB41) -> 7.9285714
B42: =_xlfn.RANK.EQ(C42,$C$6:$C$63,) -> 13 | C42: =EC42 -> 112 | D42: JB | E42: Jeff Biederman | F42: =COUNT(CT42,CV42,CX42,CZ42,DB42,DD42,DF42,DH42,DJ42,DL42,DN42,DP42,DR42,DT42,DV42,DX42,DZ42,EB42) -> 5 | G42: =IF(CT42=0,"",CT42) -> 23 | L42: =IF(CV42=0,"",CV42) | Q42: =IF(CX42=0,"",CX42) | V42: =IF(CZ42=0,"",CZ42) -> 19.5 | AA42: =IF(DB42=0,"",DB42) -> 23 | AF42: =IF(DD42=0,"",DD42) | AK42: =IF(DF42=0,"",DF42) | AP42: =IF(DH42=0,"",DH42) -> 29.5 | AU42: =IF(DJ42=0,"",DJ42) | AZ42: =IF(DL42=0,"",DL42) -> 17 | BE42: =IF(DN42=0,"",DN42) | BJ42: =IF(DP42=0,"",DP42) | BO42: =IF(DR42=0,"",DR42) | BT42: =IF(DT42=0,"",DT42) | BY42: =IF(DV42=0,"",DV42) | CD42: =IF(DX42=0,"",DX42) | CI42: =IF(DZ42=0,"",DZ42) | CN42: =IF(EB42=0,"",EB42) | CS42: 90 | CT42: =IFERROR(CT43+CT44,"") -> 23 | CV42: =IFERROR(CV43+CV44,"") | CX42: =IFERROR(CX43+CX44,"") | CY42: 91 | CZ42: =IFERROR(CZ43+CZ44,"") -> 19.5 | DA42: 94 | DB42: =IFERROR(DB43+DB44,"") -> 23 | DD42: =IFERROR(DD43+DD44,"") | DF42: =IFERROR(DF43+DF44,"") | DG42: 87 | DH42: =IFERROR(DH43+DH44,"") -> 29.5 | DJ42: =IFERROR(DJ43+DJ44,"") | DK42: 93 | DL42: =IFERROR(DL43+DL44,"") -> 17 | DN42: =IFERROR(DN43+DN44,"") | DP42: =IFERROR(DP43+DP44,"") | DR42: =IFERROR(DR43+DR44,"") | DT42: =IFERROR(DT43+DT44,"") | DV42: =IFERROR(DV43+DV44,"") | DX42: =IFERROR(DX43+DX44,"") | DZ42: =IFERROR(DZ43+DZ44,"") | EB42: =IFERROR(EB43+EB44,"") | EC42: =IFERROR(LARGE($G42:$CN42,1),0)+IFERROR(LARGE($G42:$CN42,2),0)+IFERROR(LARGE($G42:$CN42,3),0)+IFERROR(LARGE($G42:$CN42,4),0)+IFERROR(LARGE($G42:$CN42,5),0)+IFERROR(LARGE($G42:$CN42,6),0)+IFERROR(LARGE($G42:$CN42,7),0)+IFERROR(LARGE($G42:$CN42,8),0)+IFERROR(LARGE($G42:$CN42,9),0)+IFERROR(LARGE($G42:$CN42,10),0) -> 112 | ED42: =AVERAGE(CT42,CV42,CX42,CZ42,DB42,DD42,DF42,DH42,DJ42,DL42,DN42,DP42,DR42,DT42,DV42,DX42,DZ42,EB42) -> 22.4
B43: =B42+0.18 -> 13.18 | D43: JB1 | E43: Harvey Points | H43: =IF(CS43=0,"",CS43) -> 31 | J43: =IFERROR(RANK(H43,H$6:H$116,0),"") -> 8 | M43: =IF(CU43=0,"",CU43) | O43: =IFERROR(RANK(M43,M$6:M$116,0),"") | R43: =IF(CW43=0,"",CW43) | T43: =IFERROR(RANK(R43,R$6:R$116,0),"") | W43: =IF(CY43=0,"",CY43) -> 28 | Y43: =IFERROR(RANK(W43,W$6:W$116,0),"") -> 6 | AB43: =IF(DA43=0,"",DA43) -> 31 | AD43: =IFERROR(RANK(AB43,AB$6:AB$116,0),"") -> 7 | AG43: =IF(DC43=0,"",DC43) | AI43: =IFERROR(RANK(AG43,AG$6:AG$116,0),"") | AL43: =IF(DE43=0,"",DE43) | AN43: =IFERROR(RANK(AL43,AL$6:AL$116,0),"") | AQ43: =IF(DG43=0,"",DG43) -> 36 | AS43: =IFERROR(RANK(AQ43,AQ$6:AQ$116,0),"") -> 3 | AV43: =IF(DI43=0,"",DI43) | AX43: =IFERROR(RANK(AV43,AV$6:AV$116,0),"") | BA43: =IF(DK43=0,"",DK43) -> 28 | BC43: =IFERROR(RANK(BA43,BA$6:BA$116,0),"") -> 10 | BF43: =IF(DM43=0,"",DM43) | BH43: =IFERROR(RANK(BF43,BF$6:BF$116,0),"") | BK43: =IF(DO43=0,"",DO43) | BM43: =IFERROR(RANK(BK43,BK$6:BK$116,0),"") | BP43: =IF(DQ43=0,"",DQ43) | BR43: =IFERROR(RANK(BP43,BP$6:BP$116,0),"") | BU43: =IF(DS43=0,"",DS43) | BW43: =IFERROR(RANK(BU43,BU$6:BU$116,0),"") | BZ43: =IF(DU43=0,"",DU43) | CB43: =IFERROR(RANK(BZ43,BZ$6:BZ$116,0),"") | CE43: =IF(DW43=0,"",DW43) | CG43: =IFERROR(RANK(CE43,CE$6:CE$116,0),"") | CJ43: =IF(DY43=0,"",DY43) | CL43: =IFERROR(RANK(CJ43,CJ$6:CJ$116,0),"") | CO43: =IF(EA43=0,"",EA43) | CQ43: =IFERROR(RANK(CO43,CO$6:CO$116,0),"") | CS43: 31 | CT43: =IFERROR(AVERAGE(OFFSET('Data - For Rank'!B$2,J43,0,COUNTIF($J$7:J$116,J43)))+IFERROR(VLOOKUP((COUNT($H$6:$H$116)/4),$ER$9:$ES$13,2,FALSE()),0),"") -> 10 | CV43: =IFERROR(AVERAGE(OFFSET('Data - For Rank'!$C$2,O43,0,COUNTIF(O$7:O$116,O43)))+IFERROR(VLOOKUP((COUNT(M$6:M$116)/4),$ER$9:$ES$13,2,FALSE()),0),"") | CX43: =IFERROR(AVERAGE(OFFSET('Data - For Rank'!D$2,T43,0,COUNTIF(T$7:T$116,T43)))+IFERROR(VLOOKUP((COUNT(R$6:R$116)/4),$ER$9:$ES$13,2,FALSE()),0),"") | CY43: 28 | CZ43: =IFERROR(AVERAGE(OFFSET('Data - For Rank'!E$2,Y43,0,COUNTIF(Y$7:Y$116,Y43)))+IFERROR(VLOOKUP((COUNT(W$6:W$116)/4),$ER$9:$ES$13,2,FALSE()),0),"") -> 8.5 | DA43: 31 | DB43: =IFERROR(AVERAGE(OFFSET('Data - For Rank'!F$2,AD43,0,COUNTIF(AD$7:AD$116,AD43)))+IFERROR(VLOOKUP((COUNT(AB$6:AB$116)/4),$ER$9:$ES$13,2,FALSE()),0),"") -> 11 | DD43: =IFERROR(AVERAGE(OFFSET('Data - For Rank'!G$2,AI43,0,COUNTIF(AI$7:AI$116,AI43)))+IFERROR(VLOOKUP((COUNT(AG$6:AG$116)/4),$ER$9:$ES$13,2,FALSE()),0),"") | DF43: =IFERROR(AVERAGE(OFFSET('Data - For Rank'!$H$2,AN43,0,COUNTIF(AN$7:AN$116,AN43)))+IFERROR(VLOOKUP((COUNT(AL$6:AL$116)/4),$ER$9:$ES$13,2,FALSE()),0),"") | DG43: 36 | DH43: =IFERROR(AVERAGE(OFFSET('Data - For Rank'!$I$2,AS43,0,COUNTIF(AS$7:AS$116,AS43)))+IFERROR(VLOOKUP((COUNT(AQ$6:AQ$116)/4),$ER$9:$ES$13,2,FALSE()),0),"") -> 15.5 | DJ43: =IFERROR(AVERAGE(OFFSET('Data - For Rank'!$J$2,AX43,0,COUNTIF(AX$7:AX$116,AX43)))+IFERROR(VLOOKUP((COUNT(AV$6:AV$116)/4),$ER$9:$ES$13,2,FALSE()),0),"") | DK43: 28 | DL43: =IFERROR(AVERAGE(OFFSET('Data - For Rank'!$K$2,BC43,0,COUNTIF(BC$7:BC$116,BC43)))+IFERROR(VLOOKUP((COUNT(BA$6:BA$116)/4),$ER$9:$ES$13,2,FALSE()),0),"") -> 7 | DN43: =IFERROR(AVERAGE(OFFSET('Data - For Rank'!$L$2,BH43,0,COUNTIF(BH$7:BH$116,BH43)))+IFERROR(VLOOKUP((COUNT(BF$6:BF$116)/4),$ER$9:$ES$13,2,FALSE()),0),"") | DP43: =IFERROR(AVERAGE(OFFSET('Data - For Rank'!$M$2,BM43,0,COUNTIF(BM$7:BM$116,BM43)))+IFERROR(VLOOKUP((COUNT(BK$6:BK$116)/4),$ER$9:$ES$13,2,FALSE()),0),"") | DR43: =IFERROR(AVERAGE(OFFSET('Data - For Rank'!$N$2,BR43,0,COUNTIF(BR$7:BR$116,BR43)))+IFERROR(VLOOKUP((COUNT(BP$6:BP$116)/4),$ER$9:$ES$13,2,FALSE()),0),"") | DT43: =IFERROR(AVERAGE(OFFSET('Data - For Rank'!$O$2,BW43,0,COUNTIF(BW$7:BW$116,BW43)))+IFERROR(VLOOKUP((COUNT(BU$6:BU$116)/4),$ER$9:$ES$13,2,FALSE()),0),"") | DV43: =IFERROR(AVERAGE(OFFSET('Data - For Rank'!$P$2,CB43,0,COUNTIF(CB$7:CB$116,CB43)))+IFERROR(VLOOKUP((COUNT(BZ$6:BZ$116)/4),$ER$9:$ES$13,2,FALSE()),0),"") | DX43: =IFERROR(AVERAGE(OFFSET('Data - For Rank'!$Q$2,CG43,0,COUNTIF(CG$7:CG$116,CG43)))+IFERROR(VLOOKUP((COUNT(CE$6:CE$116)/4),$ER$9:$ES$13,2,FALSE()),0),"") | DZ43: =IFERROR(AVERAGE(OFFSET('Data - For Rank'!$R$2,CL43,0,COUNTIF(CL$7:CL$116,CL43)))+IFERROR(VLOOKUP((COUNT(CJ$6:CJ$116)/4),$ER$9:$ES$13,2,FALSE()),0),"") | EB43: =IFERROR(AVERAGE(OFFSET('Data - For Rank'!$S$2,CQ43,0,COUNTIF(CQ$7:CQ$116,CQ43)))+IFERROR(VLOOKUP((COUNT(CO$6:CO$116)/4),$ER$9:$ES$13,2,FALSE()),0),"") | EC43: =AVERAGE(CS43,CU43,CW43,CY43,DA43,DC43,DE43,DG43,DI43,DK43,DM43,DO43,DQ43,DS43,DU43,DW43,DY43,EA43) -> 30.8 | ED43: =AVERAGE(CT43,CV43,CX43,CZ43,DB43,DD43,DF43,DH43,DJ43,DL43,DN43,DP43,DR43,DT43,DV43,DX43,DZ43,EB43) -> 10.4
B44: =B42+0.028 -> 13.028 | D44: JB2 | E44: cash +/- | F44: =IF(COUNT(G42:CN42)>10,SMALL(G42:CN42,COUNT(G42:CN42)-10),MIN(G42:CN42)) -> 17 | I44: =IF(CS44=0,"",CS44) -> 6 | K44: =IFERROR(_xlfn.RANK.EQ(I44,I$6:I$116,0),"") -> 6 | N44: =IF(CU44=0,"",CU44) | P44: =IFERROR(_xlfn.RANK.EQ(N44,N$6:N$116,0),"") | S44: =IF(CW44=0,"",CW44) | U44: =IFERROR(_xlfn.RANK.EQ(S44,S$6:S$116,0),"") | X44: =IF(CY44=0,"",CY44) -> -11 | Z44: =IFERROR(_xlfn.RANK.EQ(X44,X$6:X$116,0),"") -> 4 | AC44: =IF(DA44=0,"",DA44) -> 8 | AE44: =IFERROR(_xlfn.RANK.EQ(AC44,AC$6:AC$116,0),"") -> 6 | AH44: =IF(DC44=0,"",DC44) | AJ44: =IFERROR(_xlfn.RANK.EQ(AH44,AH$6:AH$116,0),"") | AM44: =IF(DE44=0,"",DE44) | AO44: =IFERROR(_xlfn.RANK.EQ(AM44,AM$6:AM$116,0),"") | AR44: =IF(DG44=0,"",DG44) -> 12 | AT44: =IFERROR(_xlfn.RANK.EQ(AR44,AR$6:AR$116,0),"") -> 4 | AW44: =IF(DI44=0,"",DI44) | AY44: =IFERROR(_xlfn.RANK.EQ(AW44,AW$6:AW$116,0),"") | BB44: =IF(DK44=0,"",DK44) -> 6 | BD44: =IFERROR(_xlfn.RANK.EQ(BB44,BB$6:BB$116,0),"") -> 7 | BG44: =IF(DM44=0,"",DM44) | BI44: =IFERROR(_xlfn.RANK.EQ(BG44,BG$6:BG$116,0),"") | BL44: =IF(DO44=0,"",DO44) | BN44: =IFERROR(_xlfn.RANK.EQ(BL44,BL$6:BL$116,0),"") | BQ44: =IF(DQ44=0,"",DQ44) | BS44: =IFERROR(_xlfn.RANK.EQ(BQ44,BQ$6:BQ$116,0),"") | BV44: =IF(DS44=0,"",DS44) | BX44: =IFERROR(_xlfn.RANK.EQ(BV44,BV$6:BV$116,0),"") | CA44: =IF(DU44=0,"",DU44) | CC44: =IFERROR(_xlfn.RANK.EQ(CA44,CA$6:CA$116,0),"") | CF44: =IF(DW44=0,"",DW44) | CH44: =IFERROR(_xlfn.RANK.EQ(CF44,CF$6:CF$116,0),"") | CK44: =IF(DY44=0,"",DY44) | CM44: =IFERROR(_xlfn.RANK.EQ(CK44,CK$6:CK$116,0),"") | CP44: =IF(EA44=0,"",EA44) | CR44: =IFERROR(_xlfn.RANK.EQ(CP44,CP$6:CP$116,0),"") | CS44: 6 | CT44: =IFERROR(AVERAGE(OFFSET('Data - For Rank'!B$2,K44,0,COUNTIF(K$6:K$116,K44)))+IFERROR(VLOOKUP((COUNT($I$6:$I$116)/4),$ER$9:$ES$13,2,FALSE()),0),"") -> 13 | CV44: =IFERROR(AVERAGE(OFFSET('Data - For Rank'!$C$2,P44,0,COUNTIF(P$6:P$116,P44)))+IFERROR(VLOOKUP((COUNT(N$6:N$116)/4),$ER$9:$ES$13,2,FALSE()),0),"") | CX44: =IFERROR(AVERAGE(OFFSET('Data - For Rank'!D$2,U44,0,COUNTIF(U$6:$U152,U44)))+IFERROR(VLOOKUP((COUNT(S$6:S$116)/4),$ER$9:$ES$13,2,FALSE()),0),"") | CY44: -11 | CZ44: =IFERROR(AVERAGE(OFFSET('Data - For Rank'!E$2,Z44,0,COUNTIF(Z$6:Z$116,Z44)))+IFERROR(VLOOKUP((COUNT(W$6:W$116)/4),$ER$9:$ES$13,2,FALSE()),0),"") -> 11 | DA44: 8 | DB44: =IFERROR(AVERAGE(OFFSET('Data - For Rank'!F$2,AE44,0,COUNTIF(AE$6:AE$116,AE44)))+IFERROR(VLOOKUP((COUNT(AC$6:AC$116)/4),$ER$9:$ES$13,2,FALSE()),0),"") -> 12 | DD44: =IFERROR(AVERAGE(OFFSET('Data - For Rank'!G$2,AJ44,0,COUNTIF(AJ$6:AJ$116,AJ44)))+IFERROR(VLOOKUP((COUNT(AH$6:AH$116)/4),$ER$9:$ES$13,2,FALSE()),0),"") | DF44: =IFERROR(AVERAGE(OFFSET('Data - For Rank'!$H$2,AO44,0,COUNTIF(AO$6:AO$116,AO44)))+IFERROR(VLOOKUP((COUNT(AM$6:AM$116)/4),$ER$9:$ES$13,2,FALSE()),0),"") | DG44: 12 | DH44: =IFERROR(AVERAGE(OFFSET('Data - For Rank'!$I$2,AT44,0,COUNTIF(AT$6:AT$116,AT44)))+IFERROR(VLOOKUP((COUNT(AR$6:AR$116)/4),$ER$9:$ES$13,2,FALSE()),0),"") -> 14 | DJ44: =IFERROR(AVERAGE(OFFSET('Data - For Rank'!$J$2,AY44,0,COUNTIF(AY$6:AY$116,AY44)))+IFERROR(VLOOKUP((COUNT(AW$6:AW$116)/4),$ER$9:$ES$13,2,FALSE()),0),"") | DK44: 6 | DL44: =IFERROR(AVERAGE(OFFSET('Data - For Rank'!$K$2,BD44,0,COUNTIF(BD$6:BD$116,BD44)))+IFERROR(VLOOKUP((COUNT(BB$6:BB$116)/4),$ER$9:$ES$13,2,FALSE()),0),"") -> 10 | DN44: =IFERROR(AVERAGE(OFFSET('Data - For Rank'!$L$2,BI44,0,COUNTIF(BI$6:BI$116,BI44)))+IFERROR(VLOOKUP((COUNT(BG$6:BG$116)/4),$ER$9:$ES$13,2,FALSE()),0),"") | DP44: =IFERROR(AVERAGE(OFFSET('Data - For Rank'!$M$2,BN44,0,COUNTIF(BN$6:BN$116,BN44)))+IFERROR(VLOOKUP((COUNT(BL$6:BL$116)/4),$ER$9:$ES$13,2,FALSE()),0),"") | DR44: =IFERROR(AVERAGE(OFFSET('Data - For Rank'!$N$2,BS44,0,COUNTIF(BS$6:BS$116,BS44)))+IFERROR(VLOOKUP((COUNT(BQ$6:BQ$116)/4),$ER$9:$ES$13,2,FALSE()),0),"") | DT44: =IFERROR(AVERAGE(OFFSET('Data - For Rank'!$O$2,BX44,0,COUNTIF(BX$6:BX$116,BX44)))+IFERROR(VLOOKUP((COUNT(BV$6:BV$116)/4),$ER$9:$ES$13,2,FALSE()),0),"") | DV44: =IFERROR(AVERAGE(OFFSET('Data - For Rank'!$P$2,CC44,0,COUNTIF(CC$6:CC$116,CC44)))+IFERROR(VLOOKUP((COUNT(CA$6:CA$116)/4),$ER$9:$ES$13,2,FALSE()),0),"") | DX44: =IFERROR(AVERAGE(OFFSET('Data - For Rank'!$Q$2,CH44,0,COUNTIF(CH$6:CH$116,CH44)))+IFERROR(VLOOKUP((COUNT(CF$6:CF$116)/4),$ER$9:$ES$13,2,FALSE()),0),"") | DZ44: =IFERROR(AVERAGE(OFFSET('Data - For Rank'!$R$2,CM44,0,COUNTIF(CM$6:CM$116,CM44)))+IFERROR(VLOOKUP((COUNT(CK$6:CK$116)/4),$ER$9:$ES$13,2,FALSE()),0),"") | EB44: =IFERROR(AVERAGE(OFFSET('Data - For Rank'!$S$2,CR44,0,COUNTIF(CR$6:CR$116,CR44)))+IFERROR(VLOOKUP((COUNT(CP$6:CP$116)/4),$ER$9:$ES$13,2,FALSE()),0),"") | EC44: =CS44+CU44+CW44+CY44+DA44+DC44+DE44+DG44+DI44+DK44+DM44+DO44+DQ44+DS44+DU44+DW44+DY44+EA44 -> 21 | ED44: =AVERAGE(CT44,CV44,CX44,CZ44,DB44,DD44,DF44,DH44,DJ44,DL44,DN44,DP44,DR44,DT44,DV44,DX44,DZ44,EB44) -> 12
B45: =_xlfn.RANK.EQ(C45,$C$6:$C$63,) -> 14 | C45: =EC45 -> 97.5 | D45: AB | E45: Alan Beasley | F45: =COUNT(CT45,CV45,CX45,CZ45,DB45,DD45,DF45,DH45,DJ45,DL45,DN45,DP45,DR45,DT45,DV45,DX45,DZ45,EB45) -> 7 | G45: =IF(CT45=0,"",CT45) -> 9 | L45: =IF(CV45=0,"",CV45) | Q45: =IF(CX45=0,"",CX45) -> 11 | V45: =IF(CZ45=0,"",CZ45) | AA45: =IF(DB45=0,"",DB45) -> 14 | AF45: =IF(DD45=0,"",DD45) -> 8 | AK45: =IF(DF45=0,"",DF45) | AP45: =IF(DH45=0,"",DH45) -> 23.5 | AU45: =IF(DJ45=0,"",DJ45) -> 15 | AZ45: =IF(DL45=0,"",DL45) -> 17 | BE45: =IF(DN45=0,"",DN45) | BJ45: =IF(DP45=0,"",DP45) | BO45: =IF(DR45=0,"",DR45) | BT45: =IF(DT45=0,"",DT45) | BY45: =IF(DV45=0,"",DV45) | CD45: =IF(DX45=0,"",DX45) | CI45: =IF(DZ45=0,"",DZ45) | CN45: =IF(EB45=0,"",EB45) | CS45: 97 | CT45: =IFERROR(CT46+CT47,"") -> 9 | CV45: =IFERROR(CV46+CV47,"") | CW45: 125 | CX45: =IFERROR(CX46+CX47,"") -> 11 | CZ45: =IFERROR(CZ46+CZ47,"") | DA45: 107 | DB45: =IFERROR(DB46+DB47,"") -> 14 | DC45: 112 | DD45: =IFERROR(DD46+DD47,"") -> 8 | DF45: =IFERROR(DF46+DF47,"") | DG45: 98 | DH45: =IFERROR(DH46+DH47,"") -> 23.5 | DI45: 105 | DJ45: =IFERROR(DJ46+DJ47,"") -> 15 | DK45: 98 | DL45: =IFERROR(DL46+DL47,"") -> 17 | DN45: =IFERROR(DN46+DN47,"") | DP45: =IFERROR(DP46+DP47,"") | DR45: =IFERROR(DR46+DR47,"") | DT45: =IFERROR(DT46+DT47,"") | DV45: =IFERROR(DV46+DV47,"") | DX45: =IFERROR(DX46+DX47,"") | DZ45: =IFERROR(DZ46+DZ47,"") | EB45: =IFERROR(EB46+EB47,"") | EC45: =IFERROR(LARGE($G45:$CN45,1),0)+IFERROR(LARGE($G45:$CN45,2),0)+IFERROR(LARGE($G45:$CN45,3),0)+IFERROR(LARGE($G45:$CN45,4),0)+IFERROR(LARGE($G45:$CN45,5),0)+IFERROR(LARGE($G45:$CN45,6),0)+IFERROR(LARGE($G45:$CN45,7),0)+IFERROR(LARGE($G45:$CN45,8),0)+IFERROR(LARGE($G45:$CN45,9),0)+IFERROR(LARGE($G45:$CN45,10),0) -> 97.5 | ED45: =AVERAGE(CT45,CV45,CX45,CZ45,DB45,DD45,DF45,DH45,DJ45,DL45,DN45,DP45,DR45,DT45,DV45,DX45,DZ45,EB45) -> 13.928571
B46: =B45+0.116 -> 14.116 | D46: AB1 | E46: Harvey Points | H46: =IF(CS46=0,"",CS46) -> 26 | J46: =IFERROR(RANK(H46,H$6:H$116,0),"") -> 16 | M46: =IF(CU46=0,"",CU46) | O46: =IFERROR(RANK(M46,M$6:M$116,0),"") | R46: =IF(CW46=0,"",CW46) -> 8 | T46: =IFERROR(RANK(R46,R$6:R$116,0),"") -> 12 | W46: =IF(CY46=0,"",CY46) | Y46: =IFERROR(RANK(W46,W$6:W$116,0),"") | AB46: =IF(DA46=0,"",DA46) -> 19 | AD46: =IFERROR(RANK(AB46,AB$6:AB$116,0),"") -> 15 | AG46: =IF(DC46=0,"",DC46) -> 18 | AI46: =IFERROR(RANK(AG46,AG$6:AG$116,0),"") -> 16 | AL46: =IF(DE46=0,"",DE46) | AN46: =IFERROR(RANK(AL46,AL$6:AL$116,0),"") | AQ46: =IF(DG46=0,"",DG46) -> 29 | AS46: =IFERROR(RANK(AQ46,AQ$6:AQ$116,0),"") -> 12 | AV46: =IF(DI46=0,"",DI46) -> 26 | AX46: =IFERROR(RANK(AV46,AV$6:AV$116,0),"") -> 15 | BA46: =IF(DK46=0,"",DK46) -> 27 | BC46: =IFERROR(RANK(BA46,BA$6:BA$116,0),"") -> 11 | BF46: =IF(DM46=0,"",DM46) | BH46: =IFERROR(RANK(BF46,BF$6:BF$116,0),"") | BK46: =IF(DO46=0,"",DO46) | BM46: =IFERROR(RANK(BK46,BK$6:BK$116,0),"") | BP46: =IF(DQ46=0,"",DQ46) | BR46: =IFERROR(RANK(BP46,BP$6:BP$116,0),"") | BU46: =IF(DS46=0,"",DS46) | BW46: =IFERROR(RANK(BU46,BU$6:BU$116,0),"") | BZ46: =IF(DU46=0,"",DU46) | CB46: =IFERROR(RANK(BZ46,BZ$6:BZ$116,0),"") | CE46: =IF(DW46=0,"",DW46) | CG46: =IFERROR(RANK(CE46,CE$6:CE$116,0),"") | CJ46: =IF(DY46=0,"",DY46) | CL46: =IFERROR(RANK(CJ46,CJ$6:CJ$116,0),"") | CO46: =IF(EA46=0,"",EA46) | CQ46: =IFERROR(RANK(CO46,CO$6:CO$116,0),"") | CS46: 26 | CT46: =IFERROR(AVERAGE(OFFSET('Data - For Rank'!B$2,J46,0,COUNTIF($J$7:J$116,J46)))+IFERROR(VLOOKUP((COUNT($H$6:$H$116)/4),$ER$9:$ES$13,2,FALSE()),0),"") -> 3 | CV46: =IFERROR(AVERAGE(OFFSET('Data - For Rank'!$C$2,O46,0,COUNTIF(O$7:O$116,O46)))+IFERROR(VLOOKUP((COUNT(M$6:M$116)/4),$ER$9:$ES$13,2,FALSE()),0),"") | CW46: 8 | CX46: =IFERROR(AVERAGE(OFFSET('Data - For Rank'!D$2,T46,0,COUNTIF(T$7:T$116,T46)))+IFERROR(VLOOKUP((COUNT(R$6:R$116)/4),$ER$9:$ES$13,2,FALSE()),0),"") -> 5 | CZ46: =IFERROR(AVERAGE(OFFSET('Data - For Rank'!E$2,Y46,0,COUNTIF(Y$7:Y$116,Y46)))+IFERROR(VLOOKUP((COUNT(W$6:W$116)/4),$ER$9:$ES$13,2,FALSE()),0),"") | DA46: 19 | DB46: =IFERROR(AVERAGE(OFFSET('Data - For Rank'!F$2,AD46,0,COUNTIF(AD$7:AD$116,AD46)))+IFERROR(VLOOKUP((COUNT(AB$6:AB$116)/4),$ER$9:$ES$13,2,FALSE()),0),"") -> 4 | DC46: 18 | DD46: =IFERROR(AVERAGE(OFFSET('Data - For Rank'!G$2,AI46,0,COUNTIF(AI$7:AI$116,AI46)))+IFERROR(VLOOKUP((COUNT(AG$6:AG$116)/4),$ER$9:$ES$13,2,FALSE()),0),"") -> 3 | DF46: =IFERROR(AVERAGE(OFFSET('Data - For Rank'!$H$2,AN46,0,COUNTIF(AN$7:AN$116,AN46)))+IFERROR(VLOOKUP((COUNT(AL$6:AL$116)/4),$ER$9:$ES$13,2,FALSE()),0),"") | DG46: 29 | DH46: =IFERROR(AVERAGE(OFFSET('Data - For Rank'!$I$2,AS46,0,COUNTIF(AS$7:AS$116,AS46)))+IFERROR(VLOOKUP((COUNT(AQ$6:AQ$116)/4),$ER$9:$ES$13,2,FALSE()),0),"") -> 6.5 | DI46: 26 | DJ46: =IFERROR(AVERAGE(OFFSET('Data - For Rank'!$J$2,AX46,0,COUNTIF(AX$7:AX$116,AX46)))+IFERROR(VLOOKUP((COUNT(AV$6:AV$116)/4),$ER$9:$ES$13,2,FALSE()),0),"") -> 4 | DK46: 27 | DL46: =IFERROR(AVERAGE(OFFSET('Data - For Rank'!$K$2,BC46,0,COUNTIF(BC$7:BC$116,BC46)))+IFERROR(VLOOKUP((COUNT(BA$6:BA$116)/4),$ER$9:$ES$13,2,FALSE()),0),"") -> 6 | DN46: =IFERROR(AVERAGE(OFFSET('Data - For Rank'!$L$2,BH46,0,COUNTIF(BH$7:BH$116,BH46)))+IFERROR(VLOOKUP((COUNT(BF$6:BF$116)/4),$ER$9:$ES$13,2,FALSE()),0),"") | DP46: =IFERROR(AVERAGE(OFFSET('Data - For Rank'!$M$2,BM46,0,COUNTIF(BM$7:BM$116,BM46)))+IFERROR(VLOOKUP((COUNT(BK$6:BK$116)/4),$ER$9:$ES$13,2,FALSE()),0),"") | DR46: =IFERROR(AVERAGE(OFFSET('Data - For Rank'!$N$2,BR46,0,COUNTIF(BR$7:BR$116,BR46)))+IFERROR(VLOOKUP((COUNT(BP$6:BP$116)/4),$ER$9:$ES$13,2,FALSE()),0),"") | DT46: =IFERROR(AVERAGE(OFFSET('Data - For Rank'!$O$2,BW46,0,COUNTIF(BW$7:BW$116,BW46)))+IFERROR(VLOOKUP((COUNT(BU$6:BU$116)/4),$ER$9:$ES$13,2,FALSE()),0),"") | DV46: =IFERROR(AVERAGE(OFFSET('Data - For Rank'!$P$2,CB46,0,COUNTIF(CB$7:CB$116,CB46)))+IFERROR(VLOOKUP((COUNT(BZ$6:BZ$116)/4),$ER$9:$ES$13,2,FALSE()),0),"") | DX46: =IFERROR(AVERAGE(OFFSET('Data - For Rank'!$Q$2,CG46,0,COUNTIF(CG$7:CG$116,CG46)))+IFERROR(VLOOKUP((COUNT(CE$6:CE$116)/4),$ER$9:$ES$13,2,FALSE()),0),"") | DZ46: =IFERROR(AVERAGE(OFFSET('Data - For Rank'!$R$2,CL46,0,COUNTIF(CL$7:CL$116,CL46)))+IFERROR(VLOOKUP((COUNT(CJ$6:CJ$116)/4),$ER$9:$ES$13,2,FALSE()),0),"") | EB46: =IFERROR(AVERAGE(OFFSET('Data - For Rank'!$S$2,CQ46,0,COUNTIF(CQ$7:CQ$116,CQ46)))+IFERROR(VLOOKUP((COUNT(CO$6:CO$116)/4),$ER$9:$ES$13,2,FALSE()),0),"") | EC46: =AVERAGE(CS46,CU46,CW46,CY46,DA46,DC46,DE46,DG46,DI46,DK46,DM46,DO46,DQ46,DS46,DU46,DW46,DY46,EA46) -> 21.857143 | ED46: =AVERAGE(CT46,CV46,CX46,CZ46,DB46,DD46,DF46,DH46,EF43,DL46,DN46,DP46,DR46,DT46,DV46,DX46,DZ46,EB46) -> 4.5833333
B47: =B45+0.0216 -> 14.0216 | D47: AB2 | E47: cash +/- | F47: =IF(COUNT(G45:CN45)>10,SMALL(G45:CN45,COUNT(G45:CN45)-10),MIN(G45:CN45)) -> 8 | I47: =IF(CS47=0,"",CS47) -> -11 | K47: =IFERROR(_xlfn.RANK.EQ(I47,I$6:I$116,0),"") -> 13 | N47: =IF(CU47=0,"",CU47) | P47: =IFERROR(_xlfn.RANK.EQ(N47,N$6:N$116,0),"") | S47: =IF(CW47=0,"",CW47) -> -15 | U47: =IFERROR(_xlfn.RANK.EQ(S47,S$6:S$116,0),"") -> 11 | X47: =IF(CY47=0,"",CY47) | Z47: =IFERROR(_xlfn.RANK.EQ(X47,X$6:X$116,0),"") | AC47: =IF(DA47=0,"",DA47) -> 6 | AE47: =IFERROR(_xlfn.RANK.EQ(AC47,AC$6:AC$116,0),"") -> 9 | AH47: =IF(DC47=0,"",DC47) -> -18 | AJ47: =IFERROR(_xlfn.RANK.EQ(AH47,AH$6:AH$116,0),"") -> 14 | AM47: =IF(DE47=0,"",DE47) | AO47: =IFERROR(_xlfn.RANK.EQ(AM47,AM$6:AM$116,0),"") | AR47: =IF(DG47=0,"",DG47) -> 24 | AT47: =IFERROR(_xlfn.RANK.EQ(AR47,AR$6:AR$116,0),"") -> 2 | AW47: =IF(DI47=0,"",DI47) -> 3 | AY47: =IFERROR(_xlfn.RANK.EQ(AW47,AW$6:AW$116,0),"") -> 7 | BB47: =IF(DK47=0,"",DK47) -> 10 | BD47: =IFERROR(_xlfn.RANK.EQ(BB47,BB$6:BB$116,0),"") -> 6 | BG47: =IF(DM47=0,"",DM47) | BI47: =IFERROR(_xlfn.RANK.EQ(BG47,BG$6:BG$116,0),"") | BL47: =IF(DO47=0,"",DO47) | BN47: =IFERROR(_xlfn.RANK.EQ(BL47,BL$6:BL$116,0),"") | BQ47: =IF(DQ47=0,"",DQ47) | BS47: =IFERROR(_xlfn.RANK.EQ(BQ47,BQ$6:BQ$116,0),"") | BV47: =IF(DS47=0,"",DS47) | BX47: =IFERROR(_xlfn.RANK.EQ(BV47,BV$6:BV$116,0),"") | CA47: =IF(DU47=0,"",DU47) | CC47: =IFERROR(_xlfn.RANK.EQ(CA47,CA$6:CA$116,0),"") | CF47: =IF(DW47=0,"",DW47) | CH47: =IFERROR(_xlfn.RANK.EQ(CF47,CF$6:CF$116,0),"") | CK47: =IF(DY47=0,"",DY47) | CM47: =IFERROR(_xlfn.RANK.EQ(CK47,CK$6:CK$116,0),"") | CP47: =IF(EA47=0,"",EA47) | CR47: =IFERROR(_xlfn.RANK.EQ(CP47,CP$6:CP$116,0),"") | CS47: -11 | CT47: =IFERROR(AVERAGE(OFFSET('Data - For Rank'!B$2,K47,0,COUNTIF(K$6:K$116,K47)))+IFERROR(VLOOKUP((COUNT($I$6:$I$116)/4),$ER$9:$ES$13,2,FALSE()),0),"") -> 6 | CV47: =IFERROR(AVERAGE(OFFSET('Data - For Rank'!$C$2,P47,0,COUNTIF(P$6:P$116,P47)))+IFERROR(VLOOKUP((COUNT(N$6:N$116)/4),$ER$9:$ES$13,2,FALSE()),0),"") | CW47: -15 | CX47: =IFERROR(AVERAGE(OFFSET('Data - For Rank'!D$2,U47,0,COUNTIF(U$6:$U155,U47)))+IFERROR(VLOOKUP((COUNT(S$6:S$116)/4),$ER$9:$ES$13,2,FALSE()),0),"") -> 6 | CZ47: =IFERROR(AVERAGE(OFFSET('Data - For Rank'!E$2,Z47,0,COUNTIF(Z$6:Z$116,Z47)))+IFERROR(VLOOKUP((COUNT(W$6:W$116)/4),$ER$9:$ES$13,2,FALSE()),0),"") | DA47: 6 | DB47: =IFERROR(AVERAGE(OFFSET('Data - For Rank'!F$2,AE47,0,COUNTIF(AE$6:AE$116,AE47)))+IFERROR(VLOOKUP((COUNT(AC$6:AC$116)/4),$ER$9:$ES$13,2,FALSE()),0),"") -> 10 | DC47: -18 | DD47: =IFERROR(AVERAGE(OFFSET('Data - For Rank'!G$2,AJ47,0,COUNTIF(AJ$6:AJ$116,AJ47)))+IFERROR(VLOOKUP((COUNT(AH$6:AH$116)/4),$ER$9:$ES$13,2,FALSE()),0),"") -> 5 | DF47: =IFERROR(AVERAGE(OFFSET('Data - For Rank'!$H$2,AO47,0,COUNTIF(AO$6:AO$116,AO47)))+IFERROR(VLOOKUP((COUNT(AM$6:AM$116)/4),$ER$9:$ES$13,2,FALSE()),0),"") | DG47: 24 | DH47: =IFERROR(AVERAGE(OFFSET('Data - For Rank'!$I$2,AT47,0,COUNTIF(AT$6:AT$116,AT47)))+IFERROR(VLOOKUP((COUNT(AR$6:AR$116)/4),$ER$9:$ES$13,2,FALSE()),0),"") -> 17 | DI47: 3 | DJ47: =IFERROR(AVERAGE(OFFSET('Data - For Rank'!$J$2,AY47,0,COUNTIF(AY$6:AY$116,AY47)))+IFERROR(VLOOKUP((COUNT(AW$6:AW$116)/4),$ER$9:$ES$13,2,FALSE()),0),"") -> 11 | DK47: 10 | DL47: =IFERROR(AVERAGE(OFFSET('Data - For Rank'!$K$2,BD47,0,COUNTIF(BD$6:BD$116,BD47)))+IFERROR(VLOOKUP((COUNT(BB$6:BB$116)/4),$ER$9:$ES$13,2,FALSE()),0),"") -> 11 | DN47: =IFERROR(AVERAGE(OFFSET('Data - For Rank'!$L$2,BI47,0,COUNTIF(BI$6:BI$116,BI47)))+IFERROR(VLOOKUP((COUNT(BG$6:BG$116)/4),$ER$9:$ES$13,2,FALSE()),0),"") | DP47: =IFERROR(AVERAGE(OFFSET('Data - For Rank'!$M$2,BN47,0,COUNTIF(BN$6:BN$116,BN47)))+IFERROR(VLOOKUP((COUNT(BL$6:BL$116)/4),$ER$9:$ES$13,2,FALSE()),0),"") | DR47: =IFERROR(AVERAGE(OFFSET('Data - For Rank'!$N$2,BS47,0,COUNTIF(BS$6:BS$116,BS47)))+IFERROR(VLOOKUP((COUNT(BQ$6:BQ$116)/4),$ER$9:$ES$13,2,FALSE()),0),"") | DT47: =IFERROR(AVERAGE(OFFSET('Data - For Rank'!$O$2,BX47,0,COUNTIF(BX$6:BX$116,BX47)))+IFERROR(VLOOKUP((COUNT(BV$6:BV$116)/4),$ER$9:$ES$13,2,FALSE()),0),"") | DV47: =IFERROR(AVERAGE(OFFSET('Data - For Rank'!$P$2,CC47,0,COUNTIF(CC$6:CC$116,CC47)))+IFERROR(VLOOKUP((COUNT(CA$6:CA$116)/4),$ER$9:$ES$13,2,FALSE()),0),"") | DX47: =IFERROR(AVERAGE(OFFSET('Data - For Rank'!$Q$2,CH47,0,COUNTIF(CH$6:CH$116,CH47)))+IFERROR(VLOOKUP((COUNT(CF$6:CF$116)/4),$ER$9:$ES$13,2,FALSE()),0),"") | DZ47: =IFERROR(AVERAGE(OFFSET('Data - For Rank'!$R$2,CM47,0,COUNTIF(CM$6:CM$116,CM47)))+IFERROR(VLOOKUP((COUNT(CK$6:CK$116)/4),$ER$9:$ES$13,2,FALSE()),0),"") | EB47: =IFERROR(AVERAGE(OFFSET('Data - For Rank'!$S$2,CR47,0,COUNTIF(CR$6:CR$116,CR47)))+IFERROR(VLOOKUP((COUNT(CP$6:CP$116)/4),$ER$9:$ES$13,2,FALSE()),0),"") | EC47: =CS47+CU47+CW47+CY47+DA47+DC47+DE47+DG47+DI47+DK47+DM47+DO47+DQ47+DS47+DU47+DW47+DY47+EA47 -> -1 | ED47: =AVERAGE(CT47,CV47,CX47,CZ47,DB47,DD47,DF47,DH47,DJ47,DL47,DN47,DP47,DR47,DT47,DV47,DX47,DZ47,EB47) -> 9.4285714
B48: =_xlfn.RANK.EQ(C48,$C$6:$C$63,) -> 15 | C48: =EC48 -> 90 | D48: AD | E48: A. Dawson | F48: =COUNT(CT48,CV48,CX48,CZ48,DB48,DD48,DF48,DH48,DJ48,DL48,DN48,DP48,DR48,DT48,DV48,DX48,DZ48,EB48) -> 4 | G48: =IF(CT48=0,"",CT48) -> 15.5 | L48: =IF(CV48=0,"",CV48) | Q48: =IF(CX48=0,"",CX48) -> 18 | V48: =IF(CZ48=0,"",CZ48) | AA48: =IF(DB48=0,"",DB48) | AF48: =IF(DD48=0,"",DD48) -> 27.5 | AK48: =IF(DF48=0,"",DF48) | AP48: =IF(DH48=0,"",DH48) | AU48: =IF(DJ48=0,"",DJ48) -> 29 | AZ48: =IF(DL48=0,"",DL48) | BE48: =IF(DN48=0,"",DN48) | BJ48: =IF(DP48=0,"",DP48) | BO48: =IF(DR48=0,"",DR48) | BT48: =IF(DT48=0,"",DT48) | BY48: =IF(DV48=0,"",DV48) | CD48: =IF(DX48=0,"",DX48) | CI48: =IF(DZ48=0,"",DZ48) | CN48: =IF(EB48=0,"",EB48) | CS48: 99 | CT48: =IFERROR(CT49+CT50,"") -> 15.5 | CV48: =IFERROR(CV49+CV50,"") | CW48: 103 | CX48: =IFERROR(CX49+CX50,"") -> 18 | CZ48: =IFERROR(CZ49+CZ50,"") | DB48: =IFERROR(DB49+DB50,"") | DC48: 85 | DD48: =IFERROR(DD49+DD50,"") -> 27.5 | DF48: =IFERROR(DF49+DF50,"") | DH48: =IFERROR(DH49+DH50,"") | DI48: 93 | DJ48: =IFERROR(DJ49+DJ50,"") -> 29 | DL48: =IFERROR(DL49+DL50,"") | DN48: =IFERROR(DN49+DN50,"") | DP48: =IFERROR(DP49+DP50,"") | DR48: =IFERROR(DR49+DR50,"") | DT48: =IFERROR(DT49+DT50,"") | DV48: =IFERROR(DV49+DV50,"") | DX48: =IFERROR(DX49+DX50,"") | DZ48: =IFERROR(DZ49+DZ50,"") | EB48: =IFERROR(EB49+EB50,"") | EC48: =IFERROR(LARGE($G48:$CN48,1),0)+IFERROR(LARGE($G48:$CN48,2),0)+IFERROR(LARGE($G48:$CN48,3),0)+IFERROR(LARGE($G48:$CN48,4),0)+IFERROR(LARGE($G48:$CN48,5),0)+IFERROR(LARGE($G48:$CN48,6),0)+IFERROR(LARGE($G48:$CN48,7),0)+IFERROR(LARGE($G48:$CN48,8),0)+IFERROR(LARGE($G48:$CN48,9),0)+IFERROR(LARGE($G48:$CN48,10),0) -> 90 | ED48: =AVERAGE(CT48,CV48,CX48,CZ48,DB48,DD48,DF48,DH48,DJ48,DL48,DN48,DP48,DR48,DT48,DV48,DX48,DZ48,EB48) -> 22.5
B49: =B48+0.117 -> 15.117 | D49: AD1 | E49: Harvey Points | H49: =IF(CS49=0,"",CS49) -> 28 | J49: =IFERROR(RANK(H49,H$6:H$116,0),"") -> 14 | M49: =IF(CU49=0,"",CU49) | O49: =IFERROR(RANK(M49,M$6:M$116,0),"") | R49: =IF(CW49=0,"",CW49) -> 26 | T49: =IFERROR(RANK(R49,R$6:R$116,0),"") -> 9 | W49: =IF(CY49=0,"",CY49) | Y49: =IFERROR(RANK(W49,W$6:W$116,0),"") | AB49: =IF(DA49=0,"",DA49) | AD49: =IFERROR(RANK(AB49,AB$6:AB$116,0),"") | AG49: =IF(DC49=0,"",DC49) -> 43 | AI49: =IFERROR(RANK(AG49,AG$6:AG$116,0),"") -> 1 | AL49: =IF(DE49=0,"",DE49) | AN49: =IFERROR(RANK(AL49,AL$6:AL$116,0),"") | AQ49: =IF(DG49=0,"",DG49) | AS49: =IFERROR(RANK(AQ49,AQ$6:AQ$116,0),"") | AV49: =IF(DI49=0,"",DI49) -> 35 | AX49: =IFERROR(RANK(AV49,AV$6:AV$116,0),"") -> 6 | BA49: =IF(DK49=0,"",DK49) | BC49: =IFERROR(RANK(BA49,BA$6:BA$116,0),"") | BF49: =IF(DM49=0,"",DM49) | BH49: =IFERROR(RANK(BF49,BF$6:BF$116,0),"") | BK49: =IF(DO49=0,"",DO49) | BM49: =IFERROR(RANK(BK49,BK$6:BK$116,0),"") | BP49: =IF(DQ49=0,"",DQ49) | BR49: =IFERROR(RANK(BP49,BP$6:BP$116,0),"") | BU49: =IF(DS49=0,"",DS49) | BW49: =IFERROR(RANK(BU49,BU$6:BU$116,0),"") | BZ49: =IF(DU49=0,"",DU49) | CB49: =IFERROR(RANK(BZ49,BZ$6:BZ$116,0),"") | CE49: =IF(DW49=0,"",DW49) | CG49: =IFERROR(RANK(CE49,CE$6:CE$116,0),"") | CJ49: =IF(DY49=0,"",DY49) | CL49: =IFERROR(RANK(CJ49,CJ$6:CJ$116,0),"") | CO49: =IF(EA49=0,"",EA49) | CQ49: =IFERROR(RANK(CO49,CO$6:CO$116,0),"") | CS49: 28 | CT49: =IFERROR(AVERAGE(OFFSET('Data - For Rank'!B$2,J49,0,COUNTIF($J$7:J$116,J49)))+IFERROR(VLOOKUP((COUNT($H$6:$H$116)/4),$ER$9:$ES$13,2,FALSE()),0),"") -> 4.5 | CV49: =IFERROR(AVERAGE(OFFSET('Data - For Rank'!$C$2,O49,0,COUNTIF(O$7:O$116,O49)))+IFERROR(VLOOKUP((COUNT(M$6:M$116)/4),$ER$9:$ES$13,2,FALSE()),0),"") | CW49: 26 | CX49: =IFERROR(AVERAGE(OFFSET('Data - For Rank'!D$2,T49,0,COUNTIF(T$7:T$116,T49)))+IFERROR(VLOOKUP((COUNT(R$6:R$116)/4),$ER$9:$ES$13,2,FALSE()),0),"") -> 8 | CZ49: =IFERROR(AVERAGE(OFFSET('Data - For Rank'!E$2,Y49,0,COUNTIF(Y$7:Y$116,Y49)))+IFERROR(VLOOKUP((COUNT(W$6:W$116)/4),$ER$9:$ES$13,2,FALSE()),0),"") | DB49: =IFERROR(AVERAGE(OFFSET('Data - For Rank'!F$2,AD49,0,COUNTIF(AD$7:AD$116,AD49)))+IFERROR(VLOOKUP((COUNT(AB$6:AB$116)/4),$ER$9:$ES$13,2,FALSE()),0),"") | DC49: 43 | DD49: =IFERROR(AVERAGE(OFFSET('Data - For Rank'!G$2,AI49,0,COUNTIF(AI$7:AI$116,AI49)))+IFERROR(VLOOKUP((COUNT(AG$6:AG$116)/4),$ER$9:$ES$13,2,FALSE()),0),"") -> 18 | DF49: =IFERROR(AVERAGE(OFFSET('Data - For Rank'!$H$2,AN49,0,COUNTIF(AN$7:AN$116,AN49)))+IFERROR(VLOOKUP((COUNT(AL$6:AL$116)/4),$ER$9:$ES$13,2,FALSE()),0),"") | DH49: =IFERROR(AVERAGE(OFFSET('Data - For Rank'!$I$2,AS49,0,COUNTIF(AS$7:AS$116,AS49)))+IFERROR(VLOOKUP((COUNT(AQ$6:AQ$116)/4),$ER$9:$ES$13,2,FALSE()),0),"") | DI49: 35 | DJ49: =IFERROR(AVERAGE(OFFSET('Data - For Rank'!$J$2,AX49,0,COUNTIF(AX$7:AX$116,AX49)))+IFERROR(VLOOKUP((COUNT(AV$6:AV$116)/4),$ER$9:$ES$13,2,FALSE()),0),"") -> 13 | DL49: =IFERROR(AVERAGE(OFFSET('Data - For Rank'!$K$2,BC49,0,COUNTIF(BC$7:BC$116,BC49)))+IFERROR(VLOOKUP((COUNT(BA$6:BA$116)/4),$ER$9:$ES$13,2,FALSE()),0),"") | DN49: =IFERROR(AVERAGE(OFFSET('Data - For Rank'!$L$2,BH49,0,COUNTIF(BH$7:BH$116,BH49)))+IFERROR(VLOOKUP((COUNT(BF$6:BF$116)/4),$ER$9:$ES$13,2,FALSE()),0),"") | DP49: =IFERROR(AVERAGE(OFFSET('Data - For Rank'!$M$2,BM49,0,COUNTIF(BM$7:BM$116,BM49)))+IFERROR(VLOOKUP((COUNT(BK$6:BK$116)/4),$ER$9:$ES$13,2,FALSE()),0),"") | DR49: =IFERROR(AVERAGE(OFFSET('Data - For Rank'!$N$2,BR49,0,COUNTIF(BR$7:BR$116,BR49)))+IFERROR(VLOOKUP((COUNT(BP$6:BP$116)/4),$ER$9:$ES$13,2,FALSE()),0),"") | DT49: =IFERROR(AVERAGE(OFFSET('Data - For Rank'!$O$2,BW49,0,COUNTIF(BW$7:BW$116,BW49)))+IFERROR(VLOOKUP((COUNT(BU$6:BU$116)/4),$ER$9:$ES$13,2,FALSE()),0),"") | DV49: =IFERROR(AVERAGE(OFFSET('Data - For Rank'!$P$2,CB49,0,COUNTIF(CB$7:CB$116,CB49)))+IFERROR(VLOOKUP((COUNT(BZ$6:BZ$116)/4),$ER$9:$ES$13,2,FALSE()),0),"") | DX49: =IFERROR(AVERAGE(OFFSET('Data - For Rank'!$Q$2,CG49,0,COUNTIF(CG$7:CG$116,CG49)))+IFERROR(VLOOKUP((COUNT(CE$6:CE$116)/4),$ER$9:$ES$13,2,FALSE()),0),"") | DZ49: =IFERROR(AVERAGE(OFFSET('Data - For Rank'!$R$2,CL49,0,COUNTIF(CL$7:CL$116,CL49)))+IFERROR(VLOOKUP((COUNT(CJ$6:CJ$116)/4),$ER$9:$ES$13,2,FALSE()),0),"") | EB49: =IFERROR(AVERAGE(OFFSET('Data - For Rank'!$S$2,CQ49,0,COUNTIF(CQ$7:CQ$116,CQ49)))+IFERROR(VLOOKUP((COUNT(CO$6:CO$116)/4),$ER$9:$ES$13,2,FALSE()),0),"") | EC49: =AVERAGE(CS49,CU49,CW49,CY49,DA49,DC49,DE49,DG49,DI49,DK49,DM49,DO49,DQ49,DS49,DU49,DW49,DY49,EA49) -> 33 | ED49: =AVERAGE(CT49,CV49,CX49,CZ49,DB49,DD49,DF49,DH49,DJ49,DL49,DN49,DP49,DR49,DT49,DV49,DX49,DZ49,EB49) -> 10.875
B50: =B48+0.0217 -> 15.0217 | D50: AD2 | E50: cash +/- | F50: =IF(COUNT(G48:CN48)>10,SMALL(G48:CN48,COUNT(G48:CN48)-10),MIN(G48:CN48)) -> 15.5 | I50: =IF(CS50=0,"",CS50) -> -5 | K50: =IFERROR(_xlfn.RANK.EQ(I50,I$6:I$116,0),"") -> 8 | N50: =IF(CU50=0,"",CU50) | P50: =IFERROR(_xlfn.RANK.EQ(N50,N$6:N$116,0),"") | S50: =IF(CW50=0,"",CW50) -> -2 | U50: =IFERROR(_xlfn.RANK.EQ(S50,S$6:S$116,0),"") -> 7 | X50: =IF(CY50=0,"",CY50) | Z50: =IFERROR(_xlfn.RANK.EQ(X50,X$6:X$116,0),"") | AC50: =IF(DA50=0,"",DA50) | AE50: =IFERROR(_xlfn.RANK.EQ(AC50,AC$6:AC$116,0),"") | AH50: =IF(DC50=0,"",DC50) -> -0.001 | AJ50: =IFERROR(_xlfn.RANK.EQ(AH50,AH$6:AH$116,0),"") -> 8 | AM50: =IF(DE50=0,"",DE50) | AO50: =IFERROR(_xlfn.RANK.EQ(AM50,AM$6:AM$116,0),"") | AR50: =IF(DG50=0,"",DG50) | AT50: =IFERROR(_xlfn.RANK.EQ(AR50,AR$6:AR$116,0),"") | AW50: =IF(DI50=0,"",DI50) -> 21 | AY50: =IFERROR(_xlfn.RANK.EQ(AW50,AW$6:AW$116,0),"") -> 3 | BB50: =IF(DK50=0,"",DK50) | BD50: =IFERROR(_xlfn.RANK.EQ(BB50,BB$6:BB$116,0),"") | BG50: =IF(DM50=0,"",DM50) | BI50: =IFERROR(_xlfn.RANK.EQ(BG50,BG$6:BG$116,0),"") | BL50: =IF(DO50=0,"",DO50) | BN50: =IFERROR(_xlfn.RANK.EQ(BL50,BL$6:BL$116,0),"") | BQ50: =IF(DQ50=0,"",DQ50) | BS50: =IFERROR(_xlfn.RANK.EQ(BQ50,BQ$6:BQ$116,0),"") | BV50: =IF(DS50=0,"",DS50) | BX50: =IFERROR(_xlfn.RANK.EQ(BV50,BV$6:BV$116,0),"") | CA50: =IF(DU50=0,"",DU50) | CC50: =IFERROR(_xlfn.RANK.EQ(CA50,CA$6:CA$116,0),"") | CF50: =IF(DW50=0,"",DW50) | CH50: =IFERROR(_xlfn.RANK.EQ(CF50,CF$6:CF$116,0),"") | CK50: =IF(DY50=0,"",DY50) | CM50: =IFERROR(_xlfn.RANK.EQ(CK50,CK$6:CK$116,0),"") | CP50: =IF(EA50=0,"",EA50) | CR50: =IFERROR(_xlfn.RANK.EQ(CP50,CP$6:CP$116,0),"") | CS50: -5 | CT50: =IFERROR(AVERAGE(OFFSET('Data - For Rank'!B$2,K50,0,COUNTIF(K$6:K$116,K50)))+IFERROR(VLOOKUP((COUNT($I$6:$I$116)/4),$ER$9:$ES$13,2,FALSE()),0),"") -> 11 | CV50: =IFERROR(AVERAGE(OFFSET('Data - For Rank'!$C$2,P50,0,COUNTIF(P$6:P$116,P50)))+IFERROR(VLOOKUP((COUNT(N$6:N$116)/4),$ER$9:$ES$13,2,FALSE()),0),"") | CW50: -2 | CX50: =IFERROR(AVERAGE(OFFSET('Data - For Rank'!D$2,U50,0,COUNTIF(U$6:$U158,U50)))+IFERROR(VLOOKUP((COUNT(S$6:S$116)/4),$ER$9:$ES$13,2,FALSE()),0),"") -> 10 | CZ50: =IFERROR(AVERAGE(OFFSET('Data - For Rank'!E$2,Z50,0,COUNTIF(Z$6:Z$116,Z50)))+IFERROR(VLOOKUP((COUNT(W$6:W$116)/4),$ER$9:$ES$13,2,FALSE()),0),"") | DB50: =IFERROR(AVERAGE(OFFSET('Data - For Rank'!F$2,AE50,0,COUNTIF(AE$6:AE$116,AE50)))+IFERROR(VLOOKUP((COUNT(AC$6:AC$116)/4),$ER$9:$ES$13,2,FALSE()),0),"") | DC50: -0.001 | DD50: =IFERROR(AVERAGE(OFFSET('Data - For Rank'!G$2,AJ50,0,COUNTIF(AJ$6:AJ$116,AJ50)))+IFERROR(VLOOKUP((COUNT(AH$6:AH$116)/4),$ER$9:$ES$13,2,FALSE()),0),"") -> 9.5 | DF50: =IFERROR(AVERAGE(OFFSET('Data - For Rank'!$H$2,AO50,0,COUNTIF(AO$6:AO$116,AO50)))+IFERROR(VLOOKUP((COUNT(AM$6:AM$116)/4),$ER$9:$ES$13,2,FALSE()),0),"") | DH50: =IFERROR(AVERAGE(OFFSET('Data - For Rank'!$I$2,AT50,0,COUNTIF(AT$6:AT$116,AT50)))+IFERROR(VLOOKUP((COUNT(AR$6:AR$116)/4),$ER$9:$ES$13,2,FALSE()),0),"") | DI50: 21 | DJ50: =IFERROR(AVERAGE(OFFSET('Data - For Rank'!$J$2,AY50,0,COUNTIF(AY$6:AY$116,AY50)))+IFERROR(VLOOKUP((COUNT(AW$6:AW$116)/4),$ER$9:$ES$13,2,FALSE()),0),"") -> 16 | DL50: =IFERROR(AVERAGE(OFFSET('Data - For Rank'!$K$2,BD50,0,COUNTIF(BD$6:BD$116,BD50)))+IFERROR(VLOOKUP((COUNT(BB$6:BB$116)/4),$ER$9:$ES$13,2,FALSE()),0),"") | DN50: =IFERROR(AVERAGE(OFFSET('Data - For Rank'!$L$2,BI50,0,COUNTIF(BI$6:BI$116,BI50)))+IFERROR(VLOOKUP((COUNT(BG$6:BG$116)/4),$ER$9:$ES$13,2,FALSE()),0),"") | DP50: =IFERROR(AVERAGE(OFFSET('Data - For Rank'!$M$2,BN50,0,COUNTIF(BN$6:BN$116,BN50)))+IFERROR(VLOOKUP((COUNT(BL$6:BL$116)/4),$ER$9:$ES$13,2,FALSE()),0),"") | DR50: =IFERROR(AVERAGE(OFFSET('Data - For Rank'!$N$2,BS50,0,COUNTIF(BS$6:BS$116,BS50)))+IFERROR(VLOOKUP((COUNT(BQ$6:BQ$116)/4),$ER$9:$ES$13,2,FALSE()),0),"") | DT50: =IFERROR(AVERAGE(OFFSET('Data - For Rank'!$O$2,BX50,0,COUNTIF(BX$6:BX$116,BX50)))+IFERROR(VLOOKUP((COUNT(BV$6:BV$116)/4),$ER$9:$ES$13,2,FALSE()),0),"") | DV50: =IFERROR(AVERAGE(OFFSET('Data - For Rank'!$P$2,CC50,0,COUNTIF(CC$6:CC$116,CC50)))+IFERROR(VLOOKUP((COUNT(CA$6:CA$116)/4),$ER$9:$ES$13,2,FALSE()),0),"") | DX50: =IFERROR(AVERAGE(OFFSET('Data - For Rank'!$Q$2,CH50,0,COUNTIF(CH$6:CH$116,CH50)))+IFERROR(VLOOKUP((COUNT(CF$6:CF$116)/4),$ER$9:$ES$13,2,FALSE()),0),"") | DZ50: =IFERROR(AVERAGE(OFFSET('Data - For Rank'!$R$2,CM50,0,COUNTIF(CM$6:CM$116,CM50)))+IFERROR(VLOOKUP((COUNT(CK$6:CK$116)/4),$ER$9:$ES$13,2,FALSE()),0),"") | EB50: =IFERROR(AVERAGE(OFFSET('Data - For Rank'!$S$2,CR50,0,COUNTIF(CR$6:CR$116,CR50)))+IFERROR(VLOOKUP((COUNT(CP$6:CP$116)/4),$ER$9:$ES$13,2,FALSE()),0),"") | EC50: =CS50+CU50+CW50+CY50+DA50+DC50+DE50+DG50+DI50+DK50+DM50+DO50+DQ50+DS50+DU50+DW50+DY50+EA50 -> 13.999 | ED50: =AVERAGE(CT50,CV50,CX50,CZ50,DB50,DD50,DF50,DH50,DJ50,DL50,DN50,DP50,DR50,DT50,DV50,DX50,DZ50,EB50) -> 11.625
B51: =_xlfn.RANK.EQ(C51,$C$6:$C$63,) -> 16 | C51: =EC51 -> 82.5 | D51: CK | E51: Chris Keaton | F51: =COUNT(CT51,CV51,CX51,CZ51,DB51,DD51,DF51,DH51,DJ51,DL51,DN51,DP51,DR51,DT51,DV51,DX51,DZ51,EB51) -> 6 | G51: =IF(CT51=0,"",CT51) -> 17 | L51: =IF(CV51=0,"",CV51) | Q51: =IF(CX51=0,"",CX51) -> 17.5 | V51: =IF(CZ51=0,"",CZ51) | AA51: =IF(DB51=0,"",DB51) -> 9 | AF51: =IF(DD51=0,"",DD51) -> 7 | AK51: =IF(DF51=0,"",DF51) | AP51: =IF(DH51=0,"",DH51) -> 22 | AU51: =IF(DJ51=0,"",DJ51) -> 10 | AZ51: =IF(DL51=0,"",DL51) | BE51: =IF(DN51=0,"",DN51) | BJ51: =IF(DP51=0,"",DP51) | BO51: =IF(DR51=0,"",DR51) | BT51: =IF(DT51=0,"",DT51) | BY51: =IF(DV51=0,"",DV51) | CD51: =IF(DX51=0,"",DX51) | CI51: =IF(DZ51=0,"",DZ51) | CN51: =IF(EB51=0,"",EB51) | CS51: 99 | CT51: =IFERROR(CT52+CT53,"") -> 17 | CV51: =IFERROR(CV52+CV53,"") | CW51: 103 | CX51: =IFERROR(CX52+CX53,"") -> 17.5 | CZ51: =IFERROR(CZ52+CZ53,"") | DA51: 107 | DB51: =IFERROR(DB52+DB53,"") -> 9 | DC51: 108 | DD51: =IFERROR(DD52+DD53,"") -> 7 | DF51: =IFERROR(DF52+DF53,"") | DG51: 100 | DH51: =IFERROR(DH52+DH53,"") -> 22 | DI51: 103 | DJ51: =IFERROR(DJ52+DJ53,"") -> 10 | DL51: =IFERROR(DL52+DL53,"") | DN51: =IFERROR(DN52+DN53,"") | DP51: =IFERROR(DP52+DP53,"") | DR51: =IFERROR(DR52+DR53,"") | DT51: =IFERROR(DT52+DT53,"") | DV51: =IFERROR(DV52+DV53,"") | DX51: =IFERROR(DX52+DX53,"") | DZ51: =IFERROR(DZ52+DZ53,"") | EB51: =IFERROR(EB52+EB53,"") | EC51: =IFERROR(LARGE($G51:$CN51,1),0)+IFERROR(LARGE($G51:$CN51,2),0)+IFERROR(LARGE($G51:$CN51,3),0)+IFERROR(LARGE($G51:$CN51,4),0)+IFERROR(LARGE($G51:$CN51,5),0)+IFERROR(LARGE($G51:$CN51,6),0)+IFERROR(LARGE($G51:$CN51,7),0)+IFERROR(LARGE($G51:$CN51,8),0)+IFERROR(LARGE($G51:$CN51,9),0)+IFERROR(LARGE($G51:$CN51,10),0) -> 82.5 | ED51: =AVERAGE(CT51,CV51,CX51,CZ51,DB51,DD51,DF51,DH51,DJ51,DL51,DN51,DP51,DR51,DT51,DV51,DX51,DZ51,EB51) -> 13.75
B52: =B51+0.114 -> 16.114 | D52: CK1 | E52: Harvey Points | H52: =IF(CS52=0,"",CS52) -> 30 | J52: =IFERROR(RANK(H52,H$6:H$116,0),"") -> 11 | M52: =IF(CU52=0,"",CU52) | O52: =IFERROR(RANK(M52,M$6:M$116,0),"") | R52: =IF(CW52=0,"",CW52) -> 27 | T52: =IFERROR(RANK(R52,R$6:R$116,0),"") -> 8 | W52: =IF(CY52=0,"",CY52) | Y52: =IFERROR(RANK(W52,W$6:W$116,0),"") | AB52: =IF(DA52=0,"",DA52) -> 21 | AD52: =IFERROR(RANK(AB52,AB$6:AB$116,0),"") -> 14 | AG52: =IF(DC52=0,"",DC52) -> 22 | AI52: =IFERROR(RANK(AG52,AG$6:AG$116,0),"") -> 15 | AL52: =IF(DE52=0,"",DE52) | AN52: =IFERROR(RANK(AL52,AL$6:AL$116,0),"") | AQ52: =IF(DG52=0,"",DG52) -> 27 | AS52: =IFERROR(RANK(AQ52,AQ$6:AQ$116,0),"") -> 15 | AV52: =IF(DI52=0,"",DI52) -> 27 | AX52: =IFERROR(RANK(AV52,AV$6:AV$116,0),"") -> 14 | BA52: =IF(DK52=0,"",DK52) | BC52: =IFERROR(RANK(BA52,BA$6:BA$116,0),"") | BF52: =IF(DM52=0,"",DM52) | BH52: =IFERROR(RANK(BF52,BF$6:BF$116,0),"") | BK52: =IF(DO52=0,"",DO52) | BM52: =IFERROR(RANK(BK52,BK$6:BK$116,0),"") | BP52: =IF(DQ52=0,"",DQ52) | BR52: =IFERROR(RANK(BP52,BP$6:BP$116,0),"") | BU52: =IF(DS52=0,"",DS52) | BW52: =IFERROR(RANK(BU52,BU$6:BU$116,0),"") | BZ52: =IF(DU52=0,"",DU52) | CB52: =IFERROR(RANK(BZ52,BZ$6:BZ$116,0),"") | CE52: =IF(DW52=0,"",DW52) | CG52: =IFERROR(RANK(CE52,CE$6:CE$116,0),"") | CJ52: =IF(DY52=0,"",DY52) | CL52: =IFERROR(RANK(CJ52,CJ$6:CJ$116,0),"") | CO52: =IF(EA52=0,"",EA52) | CQ52: =IFERROR(RANK(CO52,CO$6:CO$116,0),"") | CS52: 30 | CT52: =IFERROR(AVERAGE(OFFSET('Data - For Rank'!B$2,J52,0,COUNTIF($J$7:J$116,J52)))+IFERROR(VLOOKUP((COUNT($H$6:$H$116)/4),$ER$9:$ES$13,2,FALSE()),0),"") -> 7.5 | CV52: =IFERROR(AVERAGE(OFFSET('Data - For Rank'!$C$2,O52,0,COUNTIF(O$7:O$116,O52)))+IFERROR(VLOOKUP((COUNT(M$6:M$116)/4),$ER$9:$ES$13,2,FALSE()),0),"") | CW52: 27 | CX52: =IFERROR(AVERAGE(OFFSET('Data - For Rank'!D$2,T52,0,COUNTIF(T$7:T$116,T52)))+IFERROR(VLOOKUP((COUNT(R$6:R$116)/4),$ER$9:$ES$13,2,FALSE()),0),"") -> 9 | CZ52: =IFERROR(AVERAGE(OFFSET('Data - For Rank'!E$2,Y52,0,COUNTIF(Y$7:Y$116,Y52)))+IFERROR(VLOOKUP((COUNT(W$6:W$116)/4),$ER$9:$ES$13,2,FALSE()),0),"") | DA52: 21 | DB52: =IFERROR(AVERAGE(OFFSET('Data - For Rank'!F$2,AD52,0,COUNTIF(AD$7:AD$116,AD52)))+IFERROR(VLOOKUP((COUNT(AB$6:AB$116)/4),$ER$9:$ES$13,2,FALSE()),0),"") -> 5 | DC52: 22 | DD52: =IFERROR(AVERAGE(OFFSET('Data - For Rank'!G$2,AI52,0,COUNTIF(AI$7:AI$116,AI52)))+IFERROR(VLOOKUP((COUNT(AG$6:AG$116)/4),$ER$9:$ES$13,2,FALSE()),0),"") -> 4 | DF52: =IFERROR(AVERAGE(OFFSET('Data - For Rank'!$H$2,AN52,0,COUNTIF(AN$7:AN$116,AN52)))+IFERROR(VLOOKUP((COUNT(AL$6:AL$116)/4),$ER$9:$ES$13,2,FALSE()),0),"") | DG52: 27 | DH52: =IFERROR(AVERAGE(OFFSET('Data - For Rank'!$I$2,AS52,0,COUNTIF(AS$7:AS$116,AS52)))+IFERROR(VLOOKUP((COUNT(AQ$6:AQ$116)/4),$ER$9:$ES$13,2,FALSE()),0),"") -> 4 | DI52: 27 | DJ52: =IFERROR(AVERAGE(OFFSET('Data - For Rank'!$J$2,AX52,0,COUNTIF(AX$7:AX$116,AX52)))+IFERROR(VLOOKUP((COUNT(AV$6:AV$116)/4),$ER$9:$ES$13,2,FALSE()),0),"") -> 5 | DL52: =IFERROR(AVERAGE(OFFSET('Data - For Rank'!$K$2,BC52,0,COUNTIF(BC$7:BC$116,BC52)))+IFERROR(VLOOKUP((COUNT(BA$6:BA$116)/4),$ER$9:$ES$13,2,FALSE()),0),"") | DN52: =IFERROR(AVERAGE(OFFSET('Data - For Rank'!$L$2,BH52,0,COUNTIF(BH$7:BH$116,BH52)))+IFERROR(VLOOKUP((COUNT(BF$6:BF$116)/4),$ER$9:$ES$13,2,FALSE()),0),"") | DP52: =IFERROR(AVERAGE(OFFSET('Data - For Rank'!$M$2,BM52,0,COUNTIF(BM$7:BM$116,BM52)))+IFERROR(VLOOKUP((COUNT(BK$6:BK$116)/4),$ER$9:$ES$13,2,FALSE()),0),"") | DR52: =IFERROR(AVERAGE(OFFSET('Data - For Rank'!$N$2,BR52,0,COUNTIF(BR$7:BR$116,BR52)))+IFERROR(VLOOKUP((COUNT(BP$6:BP$116)/4),$ER$9:$ES$13,2,FALSE()),0),"") | DT52: =IFERROR(AVERAGE(OFFSET('Data - For Rank'!$O$2,BW52,0,COUNTIF(BW$7:BW$116,BW52)))+IFERROR(VLOOKUP((COUNT(BU$6:BU$116)/4),$ER$9:$ES$13,2,FALSE()),0),"") | DV52: =IFERROR(AVERAGE(OFFSET('Data - For Rank'!$P$2,CB52,0,COUNTIF(CB$7:CB$116,CB52)))+IFERROR(VLOOKUP((COUNT(BZ$6:BZ$116)/4),$ER$9:$ES$13,2,FALSE()),0),"") | DX52: =IFERROR(AVERAGE(OFFSET('Data - For Rank'!$Q$2,CG52,0,COUNTIF(CG$7:CG$116,CG52)))+IFERROR(VLOOKUP((COUNT(CE$6:CE$116)/4),$ER$9:$ES$13,2,FALSE()),0),"") | DZ52: =IFERROR(AVERAGE(OFFSET('Data - For Rank'!$R$2,CL52,0,COUNTIF(CL$7:CL$116,CL52)))+IFERROR(VLOOKUP((COUNT(CJ$6:CJ$116)/4),$ER$9:$ES$13,2,FALSE()),0),"") | EB52: =IFERROR(AVERAGE(OFFSET('Data - For Rank'!$S$2,CQ52,0,COUNTIF(CQ$7:CQ$116,CQ52)))+IFERROR(VLOOKUP((COUNT(CO$6:CO$116)/4),$ER$9:$ES$13,2,FALSE()),0),"") | EC52: =AVERAGE(CS52,CU52,CW52,CY52,DA52,DC52,DE52,DG52,DI52,DK52,DM52,DO52,DQ52,DS52,DU52,DW52,DY52,EA52) -> 25.666667 | ED52: =AVERAGE(CT52,CV52,CX52,CZ52,DB52,DD52,DF52,DH52,DJ52,DL52,DN52,DP52,DR52,DT52,DV52,DX52,DZ52,EB52) -> 5.75
