Workbook
Name Ranking: Standings!$B$6

Sheet Auto -  Printable
C1: Rounds [Min Points] | D1: 1 | F1: 2 | H1: 3 | J1: 4 | L1: 5 | N1: 6 | P1: 7 | R1: 8 | T1: 9 | V1: 10 | X1: 11 | Z1: 12 | AB1: 13 | AD1: 14 | AF1: 15 | AH1: 16 | AJ1: 17 | AL1: 18
B2: WEEK | D2: Apr 29th | F2: May 6th | H2: May 13th | J2: May 20th | L2: May 27th | N2: June 3rd | P2: June 17th | R2: June 24th | T2: July 1st | V2: July 8th | X2: July 15th | Z2: July 22nd | AB2: July 29th | AD2: Aug 5th | AF2: Aug 12th | AH2: Aug 19th | AJ2: Aug 26th | AL2: Sept 2nd | AN2: TOTAL | AO2: AVG
B3: Side Game | D3: Closest to Pin | F3: Most Net Pars | H3: Most Under Par | J3: Skins | L3: Closest to Pin | N3: Most Net Pars | P3: Most Under Par | R3: Skins | T3: Closest to Pin | V3: Most Net Pars | X3: Most Under Par | Z3: Skins | AB3: Closest to Pin | AD3: Most Net Pars | AF3: Most Under Par | AH3: Skins | AJ3: Closest to Pin | AL3: Most Net Pars
B4: Winner | D4: RA,MB,JP,HBH | H4: HBH, MW, Bags | J4: JBx3, CPx2, MBx2, KC, MWx2 | L4: CP
B5: TEES | D5: Blue | F5: Rain Out | H5: Black | J5: White | L5: Blue | N5: Black | P5: White | R5: Blue | T5: Black | V5: White | X5: Blue | Z5: Black | AB5: White | AD5: Blue | AF5: Black | AH5: White | AJ5: Blue | AL5: Black
A6: 1 | B6: Matt White | C6: 4 | D6: 84 | E6: 20.5 | H6: 79 | I6: 31 | J6: 82 | K6: 26.5 | L6: 86 | M6: 26.5 | AN6: 104.5 | AO6: 26.125
A7: 1.11 | B7: Harvey Points | D7: 32 | E7: 12.5 | H7: 39 | I7: 15 | J7: 32 | K7: 12.5 | L7: 30 | M7: 8.5 | AN7: 33.25 | AO7: 12.125
A8: 1.021 | B8: cash +/- | C8: 20.5 | D8: -9 | E8: 8 | H8: 30 | I8: 16 | J8: 43 | K8: 14 | L8: 40 | M8: 18 | AN8: 104 | AO8: 14
A9: 2 | B9: Chris Preston | C9: 4 | D9: 82 | E9: 22 | H9: 81 | I9: 23.5 | J9: 76 | K9: 26 | L9: 80 | M9: 22.5 | AN9: 94 | AO9: 23.5
A10: 2.12 | B10: Harvey Points | D10: 29 | E10: 6 | H10: 32 | I10: 11 | J10: 33 | K10: 14 | L10: 33 | M10: 14 | AN10: 31.75 | AO10: 11.25
A11: 2.022 | B11: cash +/- | C11: 22 | D11: 12 | E11: 16 | H11: 4 | I11: 12.5 | J11: 13 | K11: 12 | L11: -6 | M11: 8.5 | AN11: 23 | AO11: 12.25
A12: 3 | B12: Jeff Madden | C12: 3 | D12: 77 | E12: 36 | H12: 83 | I12: 26.5 | L12: 85 | M12: 31 | AN12: 93.5 | AO12: 31.166667
A13: 3.13 | B13: Harvey Points | D13: 40 | E13: 18 | H13: 37 | I13: 14 | L13: 33 | M13: 14 | AN13: 36.666667 | AO13: 15.333333
A14: 3.023 | B14: cash +/- | C14: 26.5 | D14: 35 | E14: 18 | H14: 4 | I14: 12.5 | L14: 38 | M14: 17 | AN14: 77 | AO14: 15.833333
A15: 4 | B15: Kyle Cox | C15: 3 | D15: 83 | E15: 26.5 | J15: 84 | K15: 24 | L15: 87 | M15: 23 | AN15: 73.5 | AO15: 24.5
A16: 4.14 | B16: Harvey Points | D16: 33 | E16: 14.5 | J16: 30 | K16: 11 | L16: 31 | M16: 11 | AN16: 31.333333 | AO16: 12.166667
A17: 4.024 | B17: cash +/- | C17: 23 | D17: 5 | E17: 12 | J17: 41 | K17: 13 | L17: 8 | M17: 12 | AN17: 54 | AO17: 12.333333
A18: 4 | B18: Ben McGinnis | C18: 3 | D18: 80 | E18: 23 | J18: 81 | K18: 21.5 | L18: 83 | M18: 29 | AN18: 73.5 | AO18: 24.5
A19: 4.15 | B19: Harvey Points | D19: 34 | E19: 16 | J19: 32 | K19: 12.5 | L19: 33 | M19: 14 | AN19: 33 | AO19: 14.166667
A20: 4.025 | B20: cash +/- | C20: 21.5 | D20: -10 | E20: 7 | J20: -15 | K20: 9 | L20: 20 | M20: 15 | AN20: -5 | AO20: 10.333333
A21: 6 | B21: Scotty Pierson | C21: 3 | D21: 96 | E21: 27 | H21: 89 | I21: 31 | L21: 100 | M21: 12 | AN21: 70 | AO21: 23.333333
A22: 6.16 | B22: Harvey Points | D22: 31 | E22: 10 | H22: 40 | I22: 16 | L22: 27 | M22: 7 | AN22: 32.666667 | AO22: 11
A23: 6.026 | B23: cash +/- | C23: 12 | D23: 27 | E23: 17 | H23: 21 | I23: 15 | L23: -20 | M23: 5 | AN23: 28 | AO23: 12.333333
A24: 6 | B24: Ronnie A. | C24: 3 | D24: 77 | E24: 31.5 | H24: 87 | I24: 15 | L24: 81 | M24: 23.5 | AN24: 70 | AO24: 23.333333
A25: 6.17 | B25: Harvey Points | D25: 39 | E25: 17 | H25: 31 | I25: 10 | L25: 34 | M25: 16.5 | AN25: 34.666667 | AO25: 14.5
A26: 6.027 | B26: cash +/- | C26: 15 | D26: 10 | E26: 14.5 | H26: -32 | I26: 5 | L26: -8 | M26: 7 | AN26: -30 | AO26: 8.8333333
A27: 8 | B27: Jeff Biederman | C27: 3 | D27: 90 | E27: 23 | J27: 91 | K27: 19.5 | L27: 94 | M27: 23 | AN27: 65.5 | AO27: 21.833333
A28: 8.18 | B28: Harvey Points | D28: 31 | E28: 10 | J28: 28 | K28: 8.5 | L28: 31 | M28: 11 | AN28: 30 | AO28: 9.8333333
A29: 8.028 | B29: cash +/- | C29: 19.5 | D29: 6 | E29: 13 | J29: -11 | K29: 11 | L29: 8 | M29: 12 | AN29: 3 | AO29: 12
A30: 9 | B30: Chris McNeely | C30: 3 | D30: 96 | E30: 24.5 | H30: 95 | I30: 27 | L30: 102 | M30: 9 | AN30: 60.5 | AO30: 20.166667
A31: 9.19 | B31: Harvey Points | D31: 31 | E31: 10 | H31: 35 | I31: 13 | L31: 23 | M31: 6 | AN31: 29.666667 | AO31: 9.6666667
A32: 9.029 | B32: cash +/- | C32: 9 | D32: 10 | E32: 14.5 | H32: 17 | I32: 14 | L32: -74 | M32: 3 | AN32: -47 | AO32: 10.5
A33: 10 | B33: Nathan Copley | C33: 2 | D33: 85 | E33: 22 | L33: 80 | M33: 34 | AN33: 56 | AO33: 28
A34: 10.111 | B34: Harvey Points | D34: 32 | E34: 12.5 | L34: 37 | M34: 18 | AN34: 34.5 | AO34: 15.25
A35: 10.0211 | B35: cash +/- | C35: 22 | D35: -8 | E35: 9.5 | L35: 28 | M35: 16 | AN35: 20 | AO35: 12.75
A36: 11 | B36: Mike Bonner | C36: 3 | D36: 89 | E36: 18.5 | H36: 91 | I36: 19 | J36: 93 | K36: 17 | AN36: 54.5 | AO36: 18.166667
A37: 11.112 | B37: Harvey Points | D37: 33 | E37: 14.5 | H37: 33 | I37: 12 | J37: 26 | K37: 7 | AN37: 30.666667 | AO37: 11.166667
A38: 11.0212 | B38: cash +/- | C38: 17 | D38: -15 | E38: 4 | H38: -12 | I38: 7 | J38: -13 | K38: 10 | AN38: -40 | AO38: 7
A39: 12 | B39: Josh Stoll | C39: 3 | D39: 93 | E39: 10.5 | H39: 101 | I39: 14.5 | L39: 92 | M39: 25 | AN39: 50 | AO39: 16.666667
A40: 12.113 | B40: Harvey Points | D40: 30 | E40: 7.5 | H40: 24 | I40: 6 | L40: 31 | M40: 11 | AN40: 28.333333 | AO40: 8.1666667
A41: 12.0213 | B41: cash +/- | C41: 10.5 | D41: -27 | E41: 3 | H41: -9 | I41: 8.5 | L41: 18 | M41: 14 | AN41: -18 | AO41: 8.5
A42: 13 | B42: Chris Keaton | C42: 3 | D42: 99 | E42: 17 | H42: 103 | I42: 17.5 | L42: 107 | M42: 9 | AN42: 43.5 | AO42: 14.5
A43: 13.114 | B43: Harvey Points | D43: 30 | E43: 7.5 | H43: 27 | I43: 9 | L43: 21 | M43: 5 | AN43: 26 | AO43: 7.1666667
A44: 13.0214 | B44: cash +/- | C44: 9 | D44: -8 | E44: 9.5 | H44: -9 | I44: 8.5 | L44: -54 | M44: 4 | AN44: -71 | AO44: 7.3333333
A45: 14 | B45: Jay Patterson | C45: 3 | D45: 87 | E45: 9.5 | J45: 84 | K45: 16.5 | L45: 85 | M45: 17 | AN45: 43 | AO45: 14.333333
A46: 14.115 | B46: Harvey Points | D46: 28 | E46: 4.5 | J46: 28 | K46: 8.5 | L46: 30 | M46: 8.5 | AN46: 28.666667 | AO46: 7.1666667
A47: 14.0215 | B47: cash +/- | C47: 9.5 | D47: -12 | E47: 5 | J47: -17 | K47: 8 | L47: -6 | M47: 8.5 | AN47: -35 | AO47: 7.1666667
A48: 15 | B48: Alan Beasley | C48: 3 | D48: 97 | E48: 9 | H48: 125 | I48: 11 | L48: 107 | M48: 14 | AN48: 34 | AO48: 11.333333
A49: 15.116 | B49: Harvey Points | D49: 26 | E49: 3 | H49: 8 | I49: 5 | L49: 19 | M49: 4 | AN49: 17.666667 | AO49: 4
A50: 15.0216 | B50: cash +/- | C50: 9 | D50: -11 | E50: 6 | H50: -15 | I50: 6 | L50: 6 | M50: 10 | AN50: -20 | AO50: 7.3333333
A51: 16 | B51: A. Dawson | C51: 2 | D51: 99 | E51: 15.5 | H51: 103 | I51: 18 | AN51: 33.5 | AO51: 16.75
A52: 16.117 | B52: Harvey Points | D52: 28 | E52: 4.5 | H52: 26 | I52: 8 | AN52: 27 | AO52: 6.25
A53: 16.0217 | B53: cash +/- | C53: 15.5 | D53: -5 | E53: 11 | H53: -2 | I53: 10 | AN53: -7 | AO53: 10.5
A54: 17 | B54: Matt Jaquint | C54: 2 | H54: 101 | I54: 18 | L54: 107 | M54: 9 | AN54: 27 | AO54: 13.5
A55: 17.118 | B55: Harvey Points | H55: 25 | I55: 7 | L55: 17 | M55: 3 | AN55: 21 | AO55: 5
A56: 17.0218 | B56: cash +/- | C56: 9 | H56: 3 | I56: 11 | L56: -16 | M56: 6 | AN56: -13 | AO56: 8.5
A57: 18 | B57: Sean Wilson | C57: 1 | J57: 91 | K57: 17 | AN57: 17 | AO57: 17
A58: 18.19 | B58: Harvey Points | J58: 29 | K58: 10 | AN58: 29 | AO58: 10
A59: 18.0219 | B59: cash +/- | C59: 17 | J59: -41 | K59: 7 | AN59: -41 | AO59: 7
A60: 19 | B60: Moses | C60: 0 | AN60: 0 | AO60: 0
A61: 19.121 | B61: Harvey Points | AN61: 0 | AO61: 0
A62: 19.0221 | B62: cash +/- | C62: 0 | AN62: 0 | AO62: 0
B65: AVERAGE | D65: =AVERAGE(E6,E9,E12,E15,E18,E21,E24,E27,E30,E33,E36,E39,E42,E45,E48,E51,E54,E57,E60) -> 21 | F65: =AVERAGE(G6,G9,G12,G15,G18,G21,G24,G27,G30,G33,G36,G39,G42,G45,G48,G51,G54,G57,G60) -> #DIV/0! | H65: =AVERAGE(I6,I9,I12,I15,I18,I21,I24,I27,I30,I33,I36,I39,I42,I45,I48,I51,I54,I57,I60) -> 21 | J65: =AVERAGE(K6,K9,K12,K15,K18,K21,K24,K27,K30,K33,K36,K39,K42,K45,K48,K51,K54,K57,K60) -> 21 | L65: =AVERAGE(M6,M9,M12,M15,M18,M21,M24,M27,M30,M33,M36,M39,M42,M45,M48,M51,M54,M57,M60) -> 20.5 | N65: =AVERAGE(O6,O9,O12,O15,O18,O21,O24,O27,O30,O33,O36,O39,O42,O45,O48,O51,O54,O57,O60) -> #DIV/0! | P65: =AVERAGE(Q6,Q9,Q12,Q15,Q18,Q21,Q24,Q27,Q30,Q33,Q36,Q39,Q42,Q45,Q48,Q51,Q54,Q57,Q60) -> #DIV/0! | R65: =AVERAGE(S6,S9,S12,S15,S18,S21,S24,S27,S30,S33,S36,S39,S42,S45,S48,S51,S54,S57,S60) -> #DIV/0! | T65: =AVERAGE(U6,U9,U12,U15,U18,U21,U24,U27,U30,U33,U36,U39,U42,U45,U48,U51,U54,U57,U60) -> #DIV/0! | V65: =AVERAGE(W6,W9,W12,W15,W18,W21,W24,W27,W30,W33,W36,W39,W42,W45,W48,W51,W54,W57,W60) -> #DIV/0! | X65: =AVERAGE(Y6,Y9,Y12,Y15,Y18,Y21,Y24,Y27,Y30,Y33,Y36,Y39,Y42,Y45,Y48,Y51,Y54,Y57,Y60) -> #DIV/0! | Z65: =AVERAGE(AA6,AA9,AA12,AA15,AA18,AA21,AA24,AA27,AA30,AA33,AA36,AA39,AA42,AA45,AA48,AA51,AA54,AA57,AA60) -> #DIV/0! | AB65: =AVERAGE(AC6,AC9,AC12,AC15,AC18,AC21,AC24,AC27,AC30,AC33,AC36,AC39,AC42,AC45,AC48,AC51,AC54,AC57,AC60) -> #DIV/0! | AD65: =AVERAGE(AE6,AE9,AE12,AE15,AE18,AE21,AE24,AE27,AE30,AE33,AE36,AE39,AE42,AE45,AE48,AE51,AE54,AE57,AE60) -> #DIV/0! | AF65: =AVERAGE(AG6,AG9,AG12,AG15,AG18,AG21,AG24,AG27,AG30,AG33,AG36,AG39,AG42,AG45,AG48,AG51,AG54,AG57,AG60) -> #DIV/0! | AH65: =AVERAGE(AI6,AI9,AI12,AI15,AI18,AI21,AI24,AI27,AI30,AI33,AI36,AI39,AI42,AI45,AI48,AI51,AI54,AI57,AI60) -> #DIV/0! | AJ65: =AVERAGE(AK6,AK9,AK12,AK15,AK18,AK21,AK24,AK27,AK30,AK33,AK36,AK39,AK42,AK45,AK48,AK51,AK54,AK57,AK60) -> #DIV/0! | AL65: =AVERAGE(AM6,AM9,AM12,AM15,AM18,AM21,AM24,AM27,AM30,AM33,AM36,AM39,AM42,AM45,AM48,AM51,AM54,AM57,AM60) -> #DIV/0! | AM65: =AVERAGE(AN6,AN9,AN12,AN15,AN18,AN21,AN24,AN27,AN30,AN33,AN39,AN42,AN45,AN48,AN51,AN54,AN57,AN60) -> 56.055556
B67: TOTAL | D67: =E6+E9+E12+E15+E18+E21+E24+E27+E30+E33+E36+E39+E42+E45+E48+E51+E54+E57+E60 -> 336 | F67: =G6+G9+G12+G15+G18+G21+G24+G27+G30+G33+G36+G39+G42+G45+G48+G51+G54+G57+G60 -> 0 | H67: =I6+I9+I12+I15+I18+I21+I24+I27+I30+I33+I36+I39+I42+I45+I48+I51+I54+I57+I60 -> 252 | J67: =K6+K9+K12+K15+K18+K21+K24+K27+K30+K33+K36+K39+K42+K45+K48+K51+K54+K57+K60 -> 168 | L67: =M6+M9+M12+M15+M18+M21+M24+M27+M30+M33+M36+M39+M42+M45+M48+M51+M54+M57+M60 -> 307.5 | N67: =O6+O9+O12+O15+O18+O21+O24+O27+O30+O33+O36+O39+O42+O45+O48+O51+O54+O57+O60 -> 0 | P67: =Q6+Q9+Q12+Q15+Q18+Q21+Q24+Q27+Q30+Q33+Q36+Q39+Q42+Q45+Q48+Q51+Q54+Q57+Q60 -> 0 | R67: =S6+S9+S12+S15+S18+S21+S24+S27+S30+S33+S36+S39+S42+S45+S48+S51+S54+S57+S60 -> 0 | T67: =U6+U9+U12+U15+U18+U21+U24+U27+U30+U33+U36+U39+U42+U45+U48+U51+U54+U57+U60 -> 0 | V67: =W6+W9+W12+W15+W18+W21+W24+W27+W30+W33+W36+W39+W42+W45+W48+W51+W54+W57+W60 -> 0 | X67: =Y6+Y9+Y12+Y15+Y18+Y21+Y24+Y27+Y30+Y33+Y36+Y39+Y42+Y45+Y48+Y51+Y54+Y57+Y60 -> 0 | Z67: =AA6+AA9+AA12+AA15+AA18+AA21+AA24+AA27+AA30+AA33+AA36+AA39+AA42+AA45+AA48+AA51+AA54+AA57+AA60 -> 0 | AB67: =AC6+AC9+AC12+AC15+AC18+AC21+AC24+AC27+AC30+AC33+AC36+AC39+AC42+AC45+AC48+AC51+AC54+AC57+AC60 -> 0 | AD67: =AE6+AE9+AE12+AE15+AE18+AE21+AE24+AE27+AE30+AE33+AE36+AE39+AE42+AE45+AE48+AE51+AE54+AE57+AE60 -> 0 | AF67: =AG6+AG9+AG12+AG15+AG18+AG21+AG24+AG27+AG30+AG33+AG36+AG39+AG42+AG45+AG48+AG51+AG54+AG57+AG60 -> 0 | AH67: =AI6+AI9+AI12+AI15+AI18+AI21+AI24+AI27+AI30+AI33+AI36+AI39+AI42+AI45+AI48+AI51+AI54+AI57+AI60 -> 0 | AJ67: =AK6+AK9+AK12+AK15+AK18+AK21+AK24+AK27+AK30+AK33+AK36+AK39+AK42+AK45+AK48+AK51+AK54+AK57+AK60 -> 0 | AL67: =AM6+AM9+AM12+AM15+AM18+AM21+AM24+AM27+AM30+AM33+AM36+AM39+AM42+AM45+AM48+AM51+AM54+AM57+AM60 -> 0 | AM67: =AN6+AN9+AN12+AN15+AN18+AN21+AN24+AN27+AN30+AN33+AN36+AN39+AN42+AN45+AN48+AN51+AN54+AN57+AN60 -> 1063.5
D69: =+Standings!CT72+Standings!CT76+Standings!CT79+Standings!CT82+Standings!CT85+Standings!CT88+Standings!CT91+Standings!CT94+Standings!CT97+Standings!CT100+Standings!CT103+D67 -> #VALUE! | F69: =+Standings!CV72+Standings!CV76+Standings!CV79+Standings!CV82+Standings!CV85+Standings!CV88+Standings!CV91+Standings!CV94+Standings!CV97+Standings!CV100+Standings!CV103+F67 -> #VALUE! | H69: =+Standings!CX72+Standings!CX76+Standings!CX79+Standings!CX82+Standings!CX85+Standings!CX88+Standings!CX91+Standings!CX94+Standings!CX97+Standings!CX100+Standings!CX103+H67 -> #VALUE! | J69: =+Standings!CZ72+Standings!CZ76+Standings!CZ79+Standings!CZ82+Standings!CZ85+Standings!CZ88+Standings!CZ91+Standings!CZ94+Standings!CZ97+Standings!CZ100+Standings!CZ103+J67 -> #VALUE! | L69: =+Standings!DB72+Standings!DB76+Standings!DB79+Standings!DB82+Standings!DB85+Standings!DB88+Standings!DB91+Standings!DB94+Standings!DB97+Standings!DB100+Standings!DB103+L67 -> #VALUE! | N69: =+Standings!DD72+Standings!DD76+Standings!DD79+Standings!DD82+Standings!DD85+Standings!DD88+Standings!DD91+Standings!DD94+Standings!DD97+Standings!DD100+Standings!DD103+N67 -> #VALUE! | P69: =+Standings!DF72+Standings!DF76+Standings!DF79+Standings!DF82+Standings!DF85+Standings!DF88+Standings!DF91+Standings!DF94+Standings!DF97+Standings!DF100+Standings!DF103+P67 -> #VALUE! | R69: =+Standings!DH72+Standings!DH76+Standings!DH79+Standings!DH82+Standings!DH85+Standings!DH88+Standings!DH91+Standings!DH94+Standings!DH97+Standings!DH100+Standings!DH103+R67 -> #VALUE! | T69: =+Standings!DJ72+Standings!DJ76+Standings!DJ79+Standings!DJ82+Standings!DJ85+Standings!DJ88+Standings!DJ91+Standings!DJ94+Standings!DJ97+Standings!DJ100+Standings!DJ103+T67 -> #VALUE! | V69: =+Standings!DL72+Standings!DL76+Standings!DL79+Standings!DL82+Standings!DL85+Standings!DL88+Standings!DL91+Standings!DL94+Standings!DL97+Standings!DL100+Standings!DL103+V67 -> #VALUE! | X69: =+Standings!DN72+Standings!DN76+Standings!DN79+Standings!DN82+Standings!DN85+Standings!DN88+Standings!DN91+Standings!DN94+Standings!DN97+Standings!DN100+Standings!DN103+X67 -> #VALUE! | Z69: =+Standings!DP72+Standings!DP76+Standings!DP79+Standings!DP82+Standings!DP85+Standings!DP88+Standings!DP91+Standings!DP94+Standings!DP97+Standings!DP100+Standings!DP103+Z67 -> #VALUE! | AB69: =+Standings!DR72+Standings!DR76+Standings!DR79+Standings!DR82+Standings!DR85+Standings!DR88+Standings!DR91+Standings!DR94+Standings!DR97+Standings!DR100+Standings!DR103+AB67 -> #VALUE! | AD69: =+Standings!DT72+Standings!DT76+Standings!DT79+Standings!DT82+Standings!DT85+Standings!DT88+Standings!DT91+Standings!DT94+Standings!DT97+Standings!DT100+Standings!DT103+AD67 -> #VALUE! | AF69: =+Standings!DV72+Standings!DV76+Standings!DV79+Standings!DV82+Standings!DV85+Standings!DV88+Standings!DV91+Standings!DV94+Standings!DV97+Standings!DV100+Standings!DV103+AF67 -> #VALUE! | AH69: =+Standings!DX72+Standings!DX76+Standings!DX79+Standings!DX82+Standings!DX85+Standings!DX88+Standings!DX91+Standings!DX94+Standings!DX97+Standings!DX100+Standings!DX103+AH67 -> #VALUE! | AJ69: =+Standings!DZ72+Standings!DZ76+Standings!DZ79+Standings!DZ82+Standings!DZ85+Standings!DZ88+Standings!DZ91+Standings!DZ94+Standings!DZ97+Standings!DZ100+Standings!DZ103+AJ67 -> #VALUE! | AL69: =+Standings!EB72+Standings!EB76+Standings!EB79+Standings!EB82+Standings!EB85+Standings!EB88+Standings!EB91+Standings!EB94+Standings!EB97+Standings!EB100+Standings!EB103+AL67 -> #VALUE!

Sheet Printable
C1: Rounds Min | D1: 15
B2: WEEK | D2: Aug 20th | J2: TOTAL | K2: AVG
B3: Side Game | D3: Holes < Par
B4: Winners | D4: Cox?
A5: 1 | B5: =VLOOKUP(A5,Standings!B:E,3,FALSE()) -> MW | C5: =VLOOKUP(B5,Standings!$E$6:$F$62,2,FALSE()) -> #N/A | J5: =VLOOKUP(B5,Standings!$E$5:$EC$62,57,FALSE()) -> #N/A | K5: =VLOOKUP(B5,Standings!$E$5:$ED$63,58,FALSE()) -> #N/A
A6: =A5+0.1 -> 1.1 | B6: Harvey Points | J6: =VLOOKUP(A6,Standings!$B$6:$EC$62,59,FALSE()) -> #N/A | K6: =VLOOKUP(A6,Standings!$B$6:$ED$62,60,FALSE()) -> #N/A
A7: =A5+0.02 -> 1.02 | B7: cash +/- | C7: =VLOOKUP(A7,Standings!B:F,4,FALSE()) -> #N/A | J7: =VLOOKUP(A7,Standings!$B$6:$EC$62,59,FALSE()) -> #N/A | K7: =VLOOKUP(A7,Standings!$B$6:$ED$62,60,FALSE()) -> #N/A
A8: 2 | B8: =VLOOKUP(A8,Standings!B:E,3,FALSE()) -> CP | C8: =VLOOKUP(B8,Standings!$E$6:$F$62,2,FALSE()) -> #N/A | D8: 77 | E8: 17.5 | J8: =VLOOKUP(B8,Standings!$E$5:$EC$62,57,FALSE()) -> #N/A | K8: =VLOOKUP(B8,Standings!$E$5:$ED$63,58,FALSE()) -> #N/A
A9: =A8+0.1 -> 2.1 | B9: Harvey Points | D9: 36 | E9: 10.5 | J9: =VLOOKUP(A9,Standings!$B$6:$EC$62,59,FALSE()) -> #N/A | K9: =VLOOKUP(A9,Standings!$B$6:$ED$62,60,FALSE()) -> #N/A
A10: =A8+0.02 -> 2.02 | B10: cash +/- | C10: =VLOOKUP(A10,Standings!B:F,4,FALSE()) -> #N/A | D10: -11 | E10: 7 | J10: =VLOOKUP(A10,Standings!$B$6:$EC$62,59,FALSE()) -> #N/A | K10: =VLOOKUP(A10,Standings!$B$6:$ED$62,60,FALSE()) -> #N/A
A11: 3 | B11: =VLOOKUP(A11,Standings!B:E,3,FALSE()) -> #N/A | C11: =VLOOKUP(B11,Standings!$E$6:$F$62,2,FALSE()) -> #N/A | D11: 73 | E11: 17.5 | J11: =VLOOKUP(B11,Standings!$E$5:$EC$62,57,FALSE()) -> #N/A | K11: =VLOOKUP(B11,Standings!$E$5:$ED$63,58,FALSE()) -> #N/A
A12: =A11+0.1 -> 3.1 | B12: Harvey Points | D12: 34 | E12: 7 | J12: =VLOOKUP(A12,Standings!$B$6:$EC$62,59,FALSE()) -> #N/A | K12: =VLOOKUP(A12,Standings!$B$6:$ED$62,60,FALSE()) -> #N/A
A13: =A11+0.02 -> 3.02 | B13: cash +/- | C13: =VLOOKUP(A13,Standings!B:F,4,FALSE()) -> #N/A | D13: 16 | E13: 10.5 | J13: =VLOOKUP(A13,Standings!$B$6:$EC$62,59,FALSE()) -> #N/A | K13: =VLOOKUP(A13,Standings!$B$6:$ED$62,60,FALSE()) -> #N/A
A14: 4 | B14: =VLOOKUP(A14,Standings!B:E,3,FALSE()) -> KC | C14: =VLOOKUP(B14,Standings!$E$6:$F$62,2,FALSE()) -> #N/A | J14: =VLOOKUP(B14,Standings!$E$5:$EC$62,57,FALSE()) -> #N/A | K14: =VLOOKUP(B14,Standings!$E$5:$ED$63,58,FALSE()) -> #N/A
A15: =A14+0.1 -> 4.1 | B15: Harvey Points | J15: =VLOOKUP(A15,Standings!$B$6:$EC$62,59,FALSE()) -> #N/A | K15: =VLOOKUP(A15,Standings!$B$6:$ED$62,60,FALSE()) -> #N/A
A16: =A14+0.02 -> 4.02 | B16: cash +/- | C16: =VLOOKUP(A16,Standings!B:F,4,FALSE()) -> #N/A | J16: =VLOOKUP(A16,Standings!$B$6:$EC$62,59,FALSE()) -> #N/A | K16: =VLOOKUP(A16,Standings!$B$6:$ED$62,60,FALSE()) -> #N/A
A17: 5 | B17: =VLOOKUP(A17,Standings!B:E,3,FALSE()) -> #N/A | C17: =VLOOKUP(B17,Standings!$E$6:$F$62,2,FALSE()) -> #N/A | D17: 77 | E17: 16.5 | J17: =VLOOKUP(B17,Standings!$E$5:$EC$62,57,FALSE()) -> #N/A | K17: =VLOOKUP(B17,Standings!$E$5:$ED$63,58,FALSE()) -> #N/A
A18: =A17+0.1 -> 5.1 | B18: Harvey Points | D18: 36 | E18: 10.5 | J18: =VLOOKUP(A18,Standings!$B$6:$EC$62,59,FALSE()) -> #N/A | K18: =VLOOKUP(A18,Standings!$B$6:$ED$62,60,FALSE()) -> #N/A
A19: =A17+0.02 -> 5.02 | B19: cash +/- | C19: =VLOOKUP(A19,Standings!B:F,4,FALSE()) -> #N/A | D19: -23 | E19: 6 | J19: =VLOOKUP(A19,Standings!$B$6:$EC$62,59,FALSE()) -> #N/A | K19: =VLOOKUP(A19,Standings!$B$6:$ED$62,60,FALSE()) -> #N/A
A20: 6 | B20: =VLOOKUP(A20,Standings!B:E,3,FALSE()) -> SP | C20: =VLOOKUP(B20,Standings!$E$6:$F$62,2,FALSE()) -> #N/A | J20: =VLOOKUP(B20,Standings!$E$5:$EC$62,57,FALSE()) -> #N/A | K20: =VLOOKUP(B20,Standings!$E$5:$ED$63,58,FALSE()) -> #N/A
A21: =A20+0.1 -> 6.1 | B21: Harvey Points | J21: =VLOOKUP(A21,Standings!$B$6:$EC$62,59,FALSE()) -> #N/A | K21: =VLOOKUP(A21,Standings!$B$6:$ED$62,60,FALSE()) -> #N/A
A22: =A20+0.02 -> 6.02 | B22: cash +/- | C22: =VLOOKUP(A22,Standings!B:F,4,FALSE()) -> #N/A | J22: =VLOOKUP(A22,Standings!$B$6:$EC$62,59,FALSE()) -> #N/A | K22: =VLOOKUP(A22,Standings!$B$6:$ED$62,60,FALSE()) -> #N/A
A23: 7 | B23: =VLOOKUP(A23,Standings!B:E,3,FALSE()) -> #N/A | C23: =VLOOKUP(B23,Standings!$E$6:$F$62,2,FALSE()) -> #N/A | D23: 87 | E23: 13.5 | J23: =VLOOKUP(B23,Standings!$E$5:$EC$62,57,FALSE()) -> #N/A | K23: =VLOOKUP(B23,Standings!$E$5:$ED$63,58,FALSE()) -> #N/A
A24: =A23+0.1 -> 7.1 | B24: Harvey Points | D24: 35 | E24: 8.5 | J24: =VLOOKUP(A24,Standings!$B$6:$EC$62,59,FALSE()) -> #N/A | K24: =VLOOKUP(A24,Standings!$B$6:$ED$62,60,FALSE()) -> #N/A
A25: =A23+0.02 -> 7.02 | B25: cash +/- | C25: =VLOOKUP(A25,Standings!B:F,4,FALSE()) -> #N/A | D25: -34 | E25: 5 | J25: =VLOOKUP(A25,Standings!$B$6:$EC$62,59,FALSE()) -> #N/A | K25: =VLOOKUP(A25,Standings!$B$6:$ED$62,60,FALSE()) -> #N/A
A26: 8 | B26: =VLOOKUP(A26,Standings!B:E,3,FALSE()) -> JB | C26: =VLOOKUP(B26,Standings!$E$6:$F$62,2,FALSE()) -> #N/A | D26: 75 | E26: 24 | J26: =VLOOKUP(B26,Standings!$E$5:$EC$62,57,FALSE()) -> #N/A | K26: =VLOOKUP(B26,Standings!$E$5:$ED$63,58,FALSE()) -> #N/A
A27: =A26+0.1 -> 8.1 | B27: Harvey Points | D27: 37 | E27: 12 | J27: =VLOOKUP(A27,Standings!$B$6:$EC$62,59,FALSE()) -> #N/A | K27: =VLOOKUP(A27,Standings!$B$6:$ED$62,60,FALSE()) -> #N/A
A28: =A26+0.02 -> 8.02 | B28: cash +/- | C28: =VLOOKUP(A28,Standings!B:F,4,FALSE()) -> #N/A | D28: 25 | E28: 12 | J28: =VLOOKUP(A28,Standings!$B$6:$EC$62,59,FALSE()) -> #N/A | K28: =VLOOKUP(A28,Standings!$B$6:$ED$62,60,FALSE()) -> #N/A
A29: 9 | B29: =VLOOKUP(A29,Standings!B:E,3,FALSE()) -> CM | C29: =VLOOKUP(B29,Standings!$E$6:$F$62,2,FALSE()) -> #N/A | J29: =VLOOKUP(B29,Standings!$E$5:$EC$62,57,FALSE()) -> #N/A | K29: =VLOOKUP(B29,Standings!$E$5:$ED$63,58,FALSE()) -> #N/A
A30: =A29+0.1 -> 9.1 | B30: Harvey Points | J30: =VLOOKUP(A30,Standings!$B$6:$EC$62,59,FALSE()) -> #N/A | K30: =VLOOKUP(A30,Standings!$B$6:$ED$62,60,FALSE()) -> #N/A
A31: =A29+0.02 -> 9.02 | B31: cash +/- | C31: =VLOOKUP(A31,Standings!B:F,4,FALSE()) -> #N/A | J31: =VLOOKUP(A31,Standings!$B$6:$EC$62,59,FALSE()) -> #N/A | K31: =VLOOKUP(A31,Standings!$B$6:$ED$62,60,FALSE()) -> #N/A
A32: 10 | B32: =VLOOKUP(A32,Standings!B:E,3,FALSE()) -> NC | C32: =VLOOKUP(B32,Standings!$E$6:$F$62,2,FALSE()) -> #N/A | J32: =VLOOKUP(B32,Standings!$E$5:$EC$62,57,FALSE()) -> #N/A | K32: =VLOOKUP(B32,Standings!$E$5:$ED$63,58,FALSE()) -> #N/A
A33: =A32+0.1 -> 10.1 | B33: Harvey Points | J33: =VLOOKUP(A33,Standings!$B$6:$EC$62,59,FALSE()) -> #N/A | K33: =VLOOKUP(A33,Standings!$B$6:$ED$62,60,FALSE()) -> #N/A
A34: =A32+0.02 -> 10.02 | B34: cash +/- | C34: =VLOOKUP(A34,Standings!B:F,4,FALSE()) -> #N/A | J34: =VLOOKUP(A34,Standings!$B$6:$EC$62,59,FALSE()) -> #N/A | K34: =VLOOKUP(A34,Standings!$B$6:$ED$62,60,FALSE()) -> #N/A
A35: 11 | B35: =VLOOKUP(A35,Standings!B:E,3,FALSE()) -> MB | C35: =VLOOKUP(B35,Standings!$E$6:$F$62,2,FALSE()) -> #N/A | D35: 88 | E35: 19 | J35: =VLOOKUP(B35,Standings!$E$5:$EC$62,57,FALSE()) -> #N/A | K35: =VLOOKUP(B35,Standings!$E$5:$ED$63,58,FALSE()) -> #N/A
A36: =A35+0.1 -> 11.1 | B36: Harvey Points | D36: 35 | E36: 8.5 | J36: =VLOOKUP(A36,Standings!$B$6:$EC$62,59,FALSE()) -> #N/A | K36: =VLOOKUP(A36,Standings!$B$6:$ED$62,60,FALSE()) -> #N/A
A37: =A35+0.02 -> 11.02 | B37: cash +/- | C37: =VLOOKUP(A37,Standings!B:F,4,FALSE()) -> #N/A | D37: 16 | E37: 10.5 | J37: =VLOOKUP(A37,Standings!$B$6:$EC$62,59,FALSE()) -> #N/A | K37: =VLOOKUP(A37,Standings!$B$6:$ED$62,60,FALSE()) -> #N/A
A38: 12 | B38: =VLOOKUP(A38,Standings!B:E,3,FALSE()) -> JS | C38: =VLOOKUP(B38,Standings!$E$6:$F$62,2,FALSE()) -> #N/A | D38: 80 | E38: 15 | J38: =VLOOKUP(B38,Standings!$E$5:$EC$62,57,FALSE()) -> #N/A | K38: =VLOOKUP(B38,Standings!$E$5:$ED$63,58,FALSE()) -> #N/A
A39: =A38+0.1 -> 12.1 | B39: Harvey Points | D39: 33 | E39: 6 | J39: =VLOOKUP(A39,Standings!$B$6:$EC$62,59,FALSE()) -> #N/A | K39: =VLOOKUP(A39,Standings!$B$6:$ED$62,60,FALSE()) -> #N/A
A40: =A38+0.02 -> 12.02 | B40: cash +/- | C40: =VLOOKUP(A40,Standings!B:F,4,FALSE()) -> #N/A | D40: 9 | E40: 9 | J40: =VLOOKUP(A40,Standings!$B$6:$EC$62,59,FALSE()) -> #N/A | K40: =VLOOKUP(A40,Standings!$B$6:$ED$62,60,FALSE()) -> #N/A
A41: 13 | B41: =VLOOKUP(A41,Standings!B:E,3,FALSE()) -> CK | C41: =VLOOKUP(B41,Standings!$E$6:$F$62,2,FALSE()) -> #N/A | D41: 95 | E41: 13 | J41: =VLOOKUP(B41,Standings!$E$5:$EC$62,57,FALSE()) -> #N/A | K41: =VLOOKUP(B41,Standings!$E$5:$ED$63,58,FALSE()) -> #N/A
A42: =A41+0.1 -> 13.1 | B42: Harvey Points | D42: 27 | E42: 5 | J42: =VLOOKUP(A42,Standings!$B$6:$EC$62,59,FALSE()) -> #N/A | K42: =VLOOKUP(A42,Standings!$B$6:$ED$62,60,FALSE()) -> #N/A
A43: =A41+0.02 -> 13.02 | B43: cash +/- | C43: =VLOOKUP(A43,Standings!B:F,4,FALSE()) -> #N/A | D43: 2 | E43: 8 | J43: =VLOOKUP(A43,Standings!$B$6:$EC$62,59,FALSE()) -> #N/A | K43: =VLOOKUP(A43,Standings!$B$6:$ED$62,60,FALSE()) -> #N/A
A44: 14 | B44: =VLOOKUP(A44,Standings!B:E,3,FALSE()) -> #N/A | C44: =VLOOKUP(B44,Standings!$E$6:$F$62,2,FALSE()) -> #N/A | J44: =VLOOKUP(B44,Standings!$E$5:$EC$62,57,FALSE()) -> #N/A | K44: =VLOOKUP(B44,Standings!$E$5:$ED$63,58,FALSE()) -> #N/A
A45: =A44+0.1 -> 14.1 | B45: Harvey Points | J45: =VLOOKUP(A45,Standings!$B$6:$EC$62,59,FALSE()) -> #N/A | K45: =VLOOKUP(A45,Standings!$B$6:$ED$62,60,FALSE()) -> #N/A
A46: =A44+0.02 -> 14.02 | B46: cash +/- | C46: =VLOOKUP(A46,Standings!B:F,4,FALSE()) -> #N/A | J46: =VLOOKUP(A46,Standings!$B$6:$EC$62,59,FALSE()) -> #N/A | K46: =VLOOKUP(A46,Standings!$B$6:$ED$62,60,FALSE()) -> #N/A
A47: 15 | B47: =VLOOKUP(A47,Standings!B:E,3,FALSE()) -> AB | C47: =VLOOKUP(B47,Standings!$E$6:$F$62,2,FALSE()) -> #N/A | J47: =VLOOKUP(B47,Standings!$E$5:$EC$62,57,FALSE()) -> #N/A | K47: =VLOOKUP(B47,Standings!$E$5:$ED$63,58,FALSE()) -> #N/A
A48: =A47+0.1 -> 15.1 | B48: Harvey Points | J48: =VLOOKUP(A48,Standings!$B$6:$EC$62,59,FALSE()) -> #N/A | K48: =VLOOKUP(A48,Standings!$B$6:$ED$62,60,FALSE()) -> #N/A
A49: =A47+0.02 -> 15.02 | B49: cash +/- | C49: =VLOOKUP(A49,Standings!B:F,4,FALSE()) -> #N/A | J49: =VLOOKUP(A49,Standings!$B$6:$EC$62,59,FALSE()) -> #N/A | K49: =VLOOKUP(A49,Standings!$B$6:$ED$62,60,FALSE()) -> #N/A
A50: 16 | B50: =VLOOKUP(A50,Standings!B:E,3,FALSE()) -> AD | C50: =VLOOKUP(B50,Standings!$E$6:$F$62,2,FALSE()) -> #N/A | J50: =VLOOKUP(B50,Standings!$E$5:$EC$62,57,FALSE()) -> #N/A | K50: =VLOOKUP(B50,Standings!$E$5:$ED$63,58,FALSE()) -> #N/A
A51: =A50+0.1 -> 16.1 | B51: Harvey Points | J51: =VLOOKUP(A51,Standings!$B$6:$EC$62,59,FALSE()) -> #N/A | K51: =VLOOKUP(A51,Standings!$B$6:$ED$62,60,FALSE()) -> #N/A
A52: =A50+0.02 -> 16.02 | B52: cash +/- | C52: =VLOOKUP(A52,Standings!B:F,4,FALSE()) -> #N/A | J52: =VLOOKUP(A52,Standings!$B$6:$EC$62,59,FALSE()) -> #N/A | K52: =VLOOKUP(A52,Standings!$B$6:$ED$62,60,FALSE()) -> #N/A
A53: 17 | B53: =VLOOKUP(A53,Standings!B:E,3,FALSE()) -> MJ | C53: =VLOOKUP(B53,Standings!$E$6:$F$62,2,FALSE()) -> #N/A | J53: =VLOOKUP(B53,Standings!$E$5:$EC$62,57,FALSE()) -> #N/A | K53: =VLOOKUP(B53,Standings!$E$5:$ED$63,58,FALSE()) -> #N/A
A54: =A53+0.1 -> 17.1 | B54: Harvey Points | J54: =VLOOKUP(A54,Standings!$B$6:$EC$62,59,FALSE()) -> #N/A | K54: =VLOOKUP(A54,Standings!$B$6:$ED$62,60,FALSE()) -> #N/A
A55: =A53+0.02 -> 17.02 | B55: cash +/- | C55: =VLOOKUP(A55,Standings!B:F,4,FALSE()) -> #N/A | J55: =VLOOKUP(A55,Standings!$B$6:$EC$62,59,FALSE()) -> #N/A | K55: =VLOOKUP(A55,Standings!$B$6:$ED$62,60,FALSE()) -> #N/A
A56: 18 | B56: =VLOOKUP(A56,Standings!B:E,3,FALSE()) -> SW | C56: =VLOOKUP(B56,Standings!$E$6:$F$62,2,FALSE()) -> #N/A | J56: =VLOOKUP(B56,Standings!$E$5:$EC$62,57,FALSE()) -> #N/A | K56: =VLOOKUP(B56,Standings!$E$5:$ED$63,58,FALSE()) -> #N/A
A57: =A56+0.1 -> 18.1 | B57: Harvey Points | J57: =VLOOKUP(A57,Standings!$B$6:$EC$62,59,FALSE()) -> #N/A | K57: =VLOOKUP(A57,Standings!$B$6:$ED$62,60,FALSE()) -> #N/A
A58: =A56+0.02 -> 18.02 | B58: cash +/- | C58: =VLOOKUP(A58,Standings!B:F,4,FALSE()) -> #N/A | J58: =VLOOKUP(A58,Standings!$B$6:$EC$62,59,FALSE()) -> #N/A | K58: =VLOOKUP(A58,Standings!$B$6:$ED$62,60,FALSE()) -> #N/A
A59: 19 | B59: =VLOOKUP(A59,Standings!B:E,3,FALSE()) -> Moses | C59: =VLOOKUP(B59,Standings!$E$6:$F$62,2,FALSE()) -> 0 | J59: =VLOOKUP(B59,Standings!$E$5:$EC$62,57,FALSE()) -> 0 | K59: =VLOOKUP(B59,Standings!$E$5:$ED$63,58,FALSE())
A60: =A59+0.1 -> 19.1 | B60: Harvey Points | J60: =VLOOKUP(A60,Standings!$B$6:$EC$62,59,FALSE()) -> #N/A | K60: =VLOOKUP(A60,Standings!$B$6:$ED$62,60,FALSE()) -> #N/A
A61: =A59+0.02 -> 19.02 | B61: cash +/- | C61: =VLOOKUP(A61,Standings!B:F,4,FALSE()) -> #N/A | J61: =VLOOKUP(A61,Standings!$B$6:$EC$62,59,FALSE()) -> #N/A | K61: =VLOOKUP(A61,Standings!$B$6:$ED$62,60,FALSE()) -> #N/A

Sheet Standings
F1: Rounds [Min Points] | CS1: 1 | CU1: =CS1+1 -> 2 | CW1: =CU1+1 -> 3 | CY1: =CW1+1 -> 4 | DA1: =CY1+1 -> 5 | DC1: =DA1+1 -> 6 | DE1: =DC1+1 -> 7 | DG1: =DE1+1 -> 8 | DI1: =DG1+1 -> 9 | DK1: =DI1+1 -> 10 | DM1: =DK1+1 -> 11 | DO1: =DM1+1 -> 12 | DQ1: =DO1+1 -> 13 | DS1: =DQ1+1 -> 14 | DU1: =DS1+1 -> 15 | DW1: =DU1+1 -> 16 | DY1: =DW1+1 -> 17 | EA1: =DY1+1 -> 18
E2: WEEK | CS2: Apr 29th | CU2: May 6th | CW2: May 13th | CY2: May 20th | DA2: May 27th | DC2: June 3rd | DE2: June 17th | DG2: June 24th | DI2: July 1st | DK2: July 8th | DM2: July 15th | DO2: July 22nd | DQ2: July 29th | DS2: Aug 5th | DU2: Aug 12th | DW2: Aug 19th | DY2: Aug 26th | EA2: Sept 2nd | EC2: TOTAL | ED2: AVG
E3: Side Game | CS3: Closest to Pin | CU3: Most Net Pars | CW3: Most Under Par | CY3: Skins | DA3: Most Net Pars | DC3: Closest to Pin | DE3: Most Under Par | DG3: Skins | DI3: Most Net Pars | DK3: Closest to Pin | DM3: Most Under Par | DO3: Skins | DQ3: Most Net Pars | DS3: Closest to Pin | DU3: Most Under Par | DW3: Skins | DY3: Most Net Pars | EA3: Closest to Pin
E4: Winner | G4: 44680 | L4: 44687 | Q4: 44694 | V4: 44701 | AA4: 44708 | AF4: 44715 | AK4: 44729 | AP4: 44736 | AU4: 44743 | AZ4: 44750 | BE4: 44757 | BJ4: 44764 | BO4: 44771 | BT4: 44778 | BY4: 44785 | CD4: 44792 | CI4: 44799 | CN4: 44806 | CS4: RA,MB,JP,HBH | CW4: HBH, MW, Bags | CY4: JBx3, CPx2, MBx2, KC, MWx2 | DA4: CP
E5: TEES | G5: Score | H5: Harvey | I5: Money | J5: H Rank | K5: M Rank | L5: Score | M5: Harvey | N5: Money | O5: H Rank | P5: M Rank | Q5: Score | R5: Harvey | S5: Money | T5: H Rank | U5: M Rank | V5: Score | W5: Harvey | X5: Money | Y5: H Rank | Z5: M Rank | AA5: Score | AB5: Harvey | AC5: Money | AD5: H Rank | AE5: M Rank | AF5: Score | AG5: Harvey | AH5: Money | AI5: H Rank | AJ5: M Rank | AK5: Score | AL5: Harvey | AM5: Money | AN5: H Rank | AO5: M Rank | AP5: Score | AQ5: Harvey | AR5: Money | AS5: H Rank | AT5: M Rank | AU5: Score | AV5: Harvey | AW5: Money | AX5: H Rank | AY5: M Rank | AZ5: Score | BA5: Harvey | BB5: Money | BC5: H Rank | BD5: M Rank | BE5: Score | BF5: Harvey | BG5: Money | BH5: H Rank | BI5: M Rank | BJ5: Score | BK5: Harvey | BL5: Money | BM5: H Rank | BN5: M Rank | BO5: Score | BP5: Harvey | BQ5: Money | BR5: H Rank | BS5: M Rank | BT5: Score | BU5: Harvey | BV5: Money | BW5: H Rank | BX5: M Rank | BY5: Score | BZ5: Harvey | CA5: Money | CB5: H Rank | CC5: M Rank | CD5: Score | CE5: Harvey | CF5: Money | CG5: H Rank | CH5: M Rank | CI5: Score | CJ5: Harvey | CK5: Money | CL5: H Rank | CM5: M Rank | CN5: Score | CO5: Harvey | CP5: Money | CQ5: H Rank | CR5: M Rank | CS5: Blue | CU5: Rain Out | CW5: Black | CY5: White | DA5: Blue | DC5: Black | DE5: White | DG5: Blue | DI5: Black | DK5: White | DM5: Blue | DO5: Black | DQ5: White | DS5: Blue | DU5: Black | DW5: White | DY5: Blue | EA5: Black
B6: =_xlfn.RANK.EQ(C6,$C$6:$C$63,) -> 1 | C6: =EC6 -> 104.5 | D6: MW | E6: Matt White | F6: =COUNT(CT6,CV6,CX6,CZ6,DB6,DD6,DF6,DH6,DJ6,DL6,DN6,DP6,DR6,DT6,DV6,DX6,DZ6,EB6) -> 4 | G6: =IF(CT6=0,"",CT6) -> 20.5 | L6: =IF(CV6=0,"",CV6) | Q6: =IF(CX6=0,"",CX6) -> 31 | V6: =IF(CZ6=0,"",CZ6) -> 26.5 | AA6: =IF(DB6=0,"",DB6) -> 26.5 | AF6: =IF(DD6=0,"",DD6) | AK6: =IF(DF6=0,"",DF6) | AP6: =IF(DH6=0,"",DH6) | AU6: =IF(DJ6=0,"",DJ6) | AZ6: =IF(DL6=0,"",DL6) | BE6: =IF(DN6=0,"",DN6) | BJ6: =IF(DP6=0,"",DP6) | BO6: =IF(DR6=0,"",DR6) | BT6: =IF(DT6=0,"",DT6) | BY6: =IF(DV6=0,"",DV6) | CD6: =IF(DX6=0,"",DX6) | CI6: =IF(DZ6=0,"",DZ6) | CN6: =IF(EB6=0,"",EB6) | CS6: 84 | CT6: =IFERROR(CT7+CT8,"") -> 20.5 | CV6: =IFERROR(CV7+CV8,"") | CW6: 79 | CX6: =IFERROR(CX7+CX8,"") -> 31 | CY6: 82 | CZ6: =IFERROR(CZ7+CZ8,"") -> 26.5 | DA6: 86 | DB6: =IFERROR(DB7+DB8,"") -> 26.5 | DD6: =IFERROR(DD7+DD8,"") | DF6: =IFERROR(DF7+DF8,"") | DH6: =IFERROR(DH7+DH8,"") | DJ6: =IFERROR(DJ7+DJ8,"") | DL6: =IFERROR(DL7+DL8,"") | DN6: =IFERROR(DN7+DN8,"") | DP6: =IFERROR(DP7+DP8,"") | DR6: =IFERROR(DR7+DR8,"") | DT6: =IFERROR(DT7+DT8,"") | DV6: =IFERROR(DV7+DV8,"") | DX6: =IFERROR(DX7+DX8,"") | DZ6: =IFERROR(DZ7+DZ8,"") | EB6: =IFERROR(EB7+EB8,"") | EC6: =IFERROR(LARGE($G6:$CN6,1),0)+IFERROR(LARGE($G6:$CN6,2),0)+IFERROR(LARGE($G6:$CN6,3),0)+IFERROR(LARGE($G6:$CN6,4),0)+IFERROR(LARGE($G6:$CN6,5),0)+IFERROR(LARGE($G6:$CN6,6),0)+IFERROR(LARGE($G6:$CN6,7),0)+IFERROR(LARGE($G6:$CN6,8),0)+IFERROR(LARGE($G6:$CN6,9),0)+IFERROR(LARGE($G6:$CN6,10),0) -> 104.5 | ED6: =AVERAGE(CT6,CV6,CX6,CZ6,DB6,DD6,DF6,DH6,DJ6,DL6,DN6,DP6,DR6,DT6,DV6,DX6,DZ6,EB6) -> 26.125
B7: =B6+0.11 -> 1.11 | D7: MW1 | E7: Harvey Points | H7: =IF(CS7=0,"",CS7) -> 32 | J7: =IFERROR(RANK(H7,H$6:H$115,0),"") -> 6 | M7: =IF(CU7=0,"",CU7) | O7: =IFERROR(RANK(M7,M$6:M$115,0),"") | R7: =IF(CW7=0,"",CW7) -> 39 | T7: =IFERROR(RANK(R7,R$6:R$115,0),"") -> 2 | W7: =IF(CY7=0,"",CY7) -> 32 | Y7: =IFERROR(RANK(W7,W$6:W$115,0),"") -> 2 | AB7: =IF(DA7=0,"",DA7) -> 30 | AD7: =IFERROR(RANK(AB7,AB$6:AB$115,0),"") -> 10 | AG7: =IF(DC7=0,"",DC7) | AI7: =IFERROR(RANK(AG7,AG$6:AG$115,0),"") | AL7: =IF(DE7=0,"",DE7) | AN7: =IFERROR(RANK(AL7,AL$6:AL$115,0),"") | AQ7: =IF(DG7=0,"",DG7) | AS7: =IFERROR(RANK(AQ7,AQ$6:AQ$115,0),"") | AV7: =IF(DI7=0,"",DI7) | AX7: =IFERROR(RANK(AV7,AV$6:AV$115,0),"") | BA7: =IF(DK7=0,"",DK7) | BC7: =IFERROR(RANK(BA7,BA$6:BA$115,0),"") | BF7: =IF(DM7=0,"",DM7) | BH7: =IFERROR(RANK(BF7,BF$6:BF$115,0),"") | BK7: =IF(DO7=0,"",DO7) | BM7: =IFERROR(RANK(BK7,BK$6:BK$115,0),"") | BP7: =IF(DQ7=0,"",DQ7) | BR7: =IFERROR(RANK(BP7,BP$6:BP$115,0),"") | BU7: =IF(DS7=0,"",DS7) | BW7: =IFERROR(RANK(BU7,BU$6:BU$115,0),"") | BZ7: =IF(DU7=0,"",DU7) | CB7: =IFERROR(RANK(BZ7,BZ$6:BZ$115,0),"") | CE7: =IF(DW7=0,"",DW7) | CG7: =IFERROR(RANK(CE7,CE$6:CE$115,0),"") | CJ7: =IF(DY7=0,"",DY7) | CL7: =IFERROR(RANK(CJ7,CJ$6:CJ$115,0),"") | CO7: =IF(EA7=0,"",EA7) | CQ7: =IFERROR(RANK(CO7,CO$6:CO$115,0),"") | CS7: 32 | CT7: =IFERROR(AVERAGE(OFFSET('Data - For Rank'!B$2,J7,0,COUNTIF($J$7:J$115,J7)))+IFERROR(VLOOKUP((COUNT($H$6:$H$115)/4),$ER$8:$ES$12,2,FALSE()),0),"") -> 12.5 | CV7: =IFERROR(AVERAGE(OFFSET('Data - For Rank'!$C$2,O7,0,COUNTIF(O$7:O$115,O7)))+IFERROR(VLOOKUP((COUNT(M$6:M$115)/4),$ER$8:$ES$12,2,FALSE()),0),"") | CW7: 39 | CX7: =IFERROR(AVERAGE(OFFSET('Data - For Rank'!D$2,T7,0,COUNTIF(T$7:T$115,T7)))+IFERROR(VLOOKUP((COUNT(R$6:R$115)/4),$ER$8:$ES$12,2,FALSE()),0),"") -> 15 | CY7: 32 | CZ7: =IFERROR(AVERAGE(OFFSET('Data - For Rank'!E$2,Y7,0,COUNTIF(Y$7:Y$115,Y7)))+IFERROR(VLOOKUP((COUNT(W$6:W$115)/4),$ER$8:$ES$12,2,FALSE()),0),"") -> 12.5 | DA7: 30 | DB7: =IFERROR(AVERAGE(OFFSET('Data - For Rank'!F$2,AD7,0,COUNTIF(AD$7:AD$115,AD7)))+IFERROR(VLOOKUP((COUNT(AB$6:AB$115)/4),$ER$8:$ES$12,2,FALSE()),0),"") -> 8.5 | DD7: =IFERROR(AVERAGE(OFFSET('Data - For Rank'!G$2,AI7,0,COUNTIF(AI$7:AI$115,AI7)))+IFERROR(VLOOKUP((COUNT(AG$6:AG$115)/4),$ER$8:$ES$12,2,FALSE()),0),"") | DF7: =IFERROR(AVERAGE(OFFSET('Data - For Rank'!$H$2,AN7,0,COUNTIF(AN$7:AN$115,AN7)))+IFERROR(VLOOKUP((COUNT(AL$6:AL$115)/4),$ER$8:$ES$12,2,FALSE()),0),"") | DH7: =IFERROR(AVERAGE(OFFSET('Data - For Rank'!$I$2,AS7,0,COUNTIF(AS$7:AS$115,AS7)))+IFERROR(VLOOKUP((COUNT(AQ$6:AQ$115)/4),$ER$8:$ES$12,2,FALSE()),0),"") | DJ7: =IFERROR(AVERAGE(OFFSET('Data - For Rank'!$J$2,AX7,0,COUNTIF(AX$7:AX$115,AX7)))+IFERROR(VLOOKUP((COUNT(AV$6:AV$115)/4),$ER$8:$ES$12,2,FALSE()),0),"") | DL7: =IFERROR(AVERAGE(OFFSET('Data - For Rank'!$K$2,BC7,0,COUNTIF(BC$7:BC$115,BC7)))+IFERROR(VLOOKUP((COUNT(BA$6:BA$115)/4),$ER$8:$ES$12,2,FALSE()),0),"") | DN7: =IFERROR(AVERAGE(OFFSET('Data - For Rank'!$L$2,BH7,0,COUNTIF(BH$7:BH$115,BH7)))+IFERROR(VLOOKUP((COUNT(BF$6:BF$115)/4),$ER$8:$ES$12,2,FALSE()),0),"") | DP7: =IFERROR(AVERAGE(OFFSET('Data - For Rank'!$M$2,BM7,0,COUNTIF(BM$7:BM$115,BM7)))+IFERROR(VLOOKUP((COUNT(BK$6:BK$115)/4),$ER$8:$ES$12,2,FALSE()),0),"") | DR7: =IFERROR(AVERAGE(OFFSET('Data - For Rank'!$N$2,BR7,0,COUNTIF(BR$7:BR$115,BR7)))+IFERROR(VLOOKUP((COUNT(BP$6:BP$115)/4),$ER$8:$ES$12,2,FALSE()),0),"") | DT7: =IFERROR(AVERAGE(OFFSET('Data - For Rank'!$O$2,BW7,0,COUNTIF(BW$7:BW$115,BW7)))+IFERROR(VLOOKUP((COUNT(BU$6:BU$115)/4),$ER$8:$ES$12,2,FALSE()),0),"") | DV7: =IFERROR(AVERAGE(OFFSET('Data - For Rank'!$P$2,CB7,0,COUNTIF(CB$7:CB$115,CB7)))+IFERROR(VLOOKUP((COUNT(BZ$6:BZ$115)/4),$ER$8:$ES$12,2,FALSE()),0),"") | DX7: =IFERROR(AVERAGE(OFFSET('Data - For Rank'!$Q$2,CG7,0,COUNTIF(CG$7:CG$115,CG7)))+IFERROR(VLOOKUP((COUNT(CE$6:CE$115)/4),$ER$8:$ES$12,2,FALSE()),0),"") | DZ7: =IFERROR(AVERAGE(OFFSET('Data - For Rank'!$R$2,CL7,0,COUNTIF(CL$7:CL$115,CL7)))+IFERROR(VLOOKUP((COUNT(CJ$6:CJ$115)/4),$ER$8:$ES$12,2,FALSE()),0),"") | EB7: =IFERROR(AVERAGE(OFFSET('Data - For Rank'!$S$2,CQ7,0,COUNTIF(CQ$7:CQ$115,CQ7)))+IFERROR(VLOOKUP((COUNT(CO$6:CO$115)/4),$ER$8:$ES$12,2,FALSE()),0),"") | EC7: =AVERAGE(CS7,CU7,CW7,CY7,DA7,DC7,DE7,DG7,DI7,DK7,DM7,DO7,DQ7,DS7,DU7,DW7,DY7,EA7) -> 33.25 | ED7: =AVERAGE(CT7,CV7,CX7,CZ7,DB7,DD7,DF7,DH7,DJ7,DL7,DN7,DP7,DR7,DT7,DV7,DX7,DZ7,EB7) -> 12.125 | ER7: Groups
B8: =B6+0.021 -> 1.021 | D8: MW2 | E8: cash +/- | F8: =IF(COUNT(CT6:EB6)>10,SMALL(G6:CN6,COUNT(G6:CN6)-10),MIN(CT6:EB6)) -> 20.5 | I8: =IF(CS8=0,"",CS8) -> -9 | K8: =IFERROR(_xlfn.RANK.EQ(I8,I$6:I$115,0),"") -> 11 | N8: =IF(CU8=0,"",CU8) | P8: =IFERROR(_xlfn.RANK.EQ(N8,N$6:N$115,0),"") | S8: =IF(CW8=0,"",CW8) -> 30 | U8: =IFERROR(_xlfn.RANK.EQ(S8,S$6:S$115,0),"") -> 1 | X8: =IF(CY8=0,"",CY8) -> 43 | Z8: =IFERROR(_xlfn.RANK.EQ(X8,X$6:X$115,0),"") -> 1 | AC8: =IF(DA8=0,"",DA8) -> 40 | AE8: =IFERROR(_xlfn.RANK.EQ(AC8,AC$6:AC$115,0),"") -> 1 | AH8: =IF(DC8=0,"",DC8) | AJ8: =IFERROR(_xlfn.RANK.EQ(AH8,AH$6:AH$115,0),"") | AM8: =IF(DE8=0,"",DE8) | AO8: =IFERROR(_xlfn.RANK.EQ(AM8,AM$6:AM$115,0),"") | AR8: =IF(DG8=0,"",DG8) | AT8: =IFERROR(_xlfn.RANK.EQ(AR8,AR$6:AR$115,0),"") | AW8: =IF(DI8=0,"",DI8) | AY8: =IFERROR(_xlfn.RANK.EQ(AW8,AW$6:AW$115,0),"") | BB8: =IF(DK8=0,"",DK8) | BD8: =IFERROR(_xlfn.RANK.EQ(BB8,BB$6:BB$115,0),"") | BG8: =IF(DM8=0,"",DM8) | BI8: =IFERROR(_xlfn.RANK.EQ(BG8,BG$6:BG$115,0),"") | BL8: =IF(DO8=0,"",DO8) | BN8: =IFERROR(_xlfn.RANK.EQ(BL8,BL$6:BL$115,0),"") | BQ8: =IF(DQ8=0,"",DQ8) | BS8: =IFERROR(_xlfn.RANK.EQ(BQ8,BQ$6:BQ$115,0),"") | BV8: =IF(DS8=0,"",DS8) | BX8: =IFERROR(_xlfn.RANK.EQ(BV8,BV$6:BV$115,0),"") | CA8: =IF(DU8=0,"",DU8) | CC8: =IFERROR(_xlfn.RANK.EQ(CA8,CA$6:CA$115,0),"") | CF8: =IF(DW8=0,"",DW8) | CH8: =IFERROR(_xlfn.RANK.EQ(CF8,CF$6:CF$115,0),"") | CK8: =IF(DY8=0,"",DY8) | CM8: =IFERROR(_xlfn.RANK.EQ(CK8,CK$6:CK$115,0),"") | CP8: =IF(EA8=0,"",EA8) | CR8: =IFERROR(_xlfn.RANK.EQ(CP8,CP$6:CP$115,0),"") | CS8: -9 | CT8: =IFERROR(AVERAGE(OFFSET('Data - For Rank'!B$2,K8,0,COUNTIF(K$6:K$115,K8)))+IFERROR(VLOOKUP((COUNT($I$6:$I$115)/4),$ER$8:$ES$12,2,FALSE()),0),"") -> 8 | CV8: =IFERROR(AVERAGE(OFFSET('Data - For Rank'!$C$2,P8,0,COUNTIF(P$6:P$115,P8)))+IFERROR(VLOOKUP((COUNT(N$6:N$115)/4),$ER$8:$ES$12,2,FALSE()),0),"") | CW8: 30 | CX8: =IFERROR(AVERAGE(OFFSET('Data - For Rank'!D$2,U8,0,COUNTIF(U$6:$U115,U8)))+IFERROR(VLOOKUP((COUNT(S$6:S$115)/4),$ER$8:$ES$12,2,FALSE()),0),"") -> 16 | CY8: 43 | CZ8: =IFERROR(AVERAGE(OFFSET('Data - For Rank'!E$2,Z8,0,COUNTIF(Z$6:Z$115,Z8)))+IFERROR(VLOOKUP((COUNT(W$6:W$115)/4),$ER$8:$ES$12,2,FALSE()),0),"") -> 14 | DA8: 40 | DB8: =IFERROR(AVERAGE(OFFSET('Data - For Rank'!F$2,AE8,0,COUNTIF(AE$6:AE$115,AE8)))+IFERROR(VLOOKUP((COUNT(AC$6:AC$115)/4),$ER$8:$ES$12,2,FALSE()),0),"") -> 18 | DD8: =IFERROR(AVERAGE(OFFSET('Data - For Rank'!G$2,AJ8,0,COUNTIF(AJ$6:AJ$115,AJ8)))+IFERROR(VLOOKUP((COUNT(AH$6:AH$115)/4),$ER$8:$ES$12,2,FALSE()),0),"") | DF8: =IFERROR(AVERAGE(OFFSET('Data - For Rank'!$H$2,AO8,0,COUNTIF(AO$6:AO$115,AO8)))+IFERROR(VLOOKUP((COUNT(AM$6:AM$115)/4),$ER$8:$ES$12,2,FALSE()),0),"") | DH8: =IFERROR(AVERAGE(OFFSET('Data - For Rank'!$I$2,AT8,0,COUNTIF(AT$6:AT$115,AT8)))+IFERROR(VLOOKUP((COUNT(AR$6:AR$115)/4),$ER$8:$ES$12,2,FALSE()),0),"") | DJ8: =IFERROR(AVERAGE(OFFSET('Data - For Rank'!$J$2,AY8,0,COUNTIF(AY$6:AY$115,AY8)))+IFERROR(VLOOKUP((COUNT(AW$6:AW$115)/4),$ER$8:$ES$12,2,FALSE()),0),"") | DL8: =IFERROR(AVERAGE(OFFSET('Data - For Rank'!$K$2,BD8,0,COUNTIF(BD$6:BD$115,BD8)))+IFERROR(VLOOKUP((COUNT(BB$6:BB$115)/4),$ER$8:$ES$12,2,FALSE()),0),"") | DN8: =IFERROR(AVERAGE(OFFSET('Data - For Rank'!$L$2,BI8,0,COUNTIF(BI$6:BI$115,BI8)))+IFERROR(VLOOKUP((COUNT(BG$6:BG$115)/4),$ER$8:$ES$12,2,FALSE()),0),"") | DP8: =IFERROR(AVERAGE(OFFSET('Data - For Rank'!$M$2,BN8,0,COUNTIF(BN$6:BN$115,BN8)))+IFERROR(VLOOKUP((COUNT(BL$6:BL$115)/4),$ER$8:$ES$12,2,FALSE()),0),"") | DR8: =IFERROR(AVERAGE(OFFSET('Data - For Rank'!$N$2,BS8,0,COUNTIF(BS$6:BS$115,BS8)))+IFERROR(VLOOKUP((COUNT(BQ$6:BQ$115)/4),$ER$8:$ES$12,2,FALSE()),0),"") | DT8: =IFERROR(AVERAGE(OFFSET('Data - For Rank'!$O$2,BX8,0,COUNTIF(BX$6:BX$115,BX8)))+IFERROR(VLOOKUP((COUNT(BV$6:BV$115)/4),$ER$8:$ES$12,2,FALSE()),0),"") | DV8: =IFERROR(AVERAGE(OFFSET('Data - For Rank'!$P$2,CC8,0,COUNTIF(CC$6:CC$115,CC8)))+IFERROR(VLOOKUP((COUNT(CA$6:CA$115)/4),$ER$8:$ES$12,2,FALSE()),0),"") | DX8: =IFERROR(AVERAGE(OFFSET('Data - For Rank'!$Q$2,CH8,0,COUNTIF(CH$6:CH$115,CH8)))+IFERROR(VLOOKUP((COUNT(CF$6:CF$115)/4),$ER$8:$ES$12,2,FALSE()),0),"") | DZ8: =IFERROR(AVERAGE(OFFSET('Data - For Rank'!$R$2,CM8,0,COUNTIF(CM$6:CM$115,CM8)))+IFERROR(VLOOKUP((COUNT(CK$6:CK$115)/4),$ER$8:$ES$12,2,FALSE()),0),"") | EB8: =IFERROR(AVERAGE(OFFSET('Data - For Rank'!$S$2,CR8,0,COUNTIF(CR$6:CR$115,CR8)))+IFERROR(VLOOKUP((COUNT(CP$6:CP$115)/4),$ER$8:$ES$12,2,FALSE()),0),"") | EC8: =CS8+CU8+CW8+CY8+DA8+DC8+DE8+DG8+DI8+DK8+DM8+DO8+DQ8+DS8+DU8+DW8+DY8+EA8 -> 104 | ED8: =AVERAGE(CT8,CV8,CX8,CZ8,DB8,DD8,DF8,DH8,DJ8,DL8,DN8,DP8,DR8,DT8,DV8,DX8,DZ8,EB8) -> 14 | EM8: Points | ER8: 5 | ES8: 0 | EU8: Total Points Out
B9: =_xlfn.RANK.EQ(C9,$C$6:$C$63,) -> 2 | C9: =EC9 -> 93.5 | D9: CP | E9: Chris Preston | F9: =COUNT(CT9,CV9,CX9,CZ9,DB9,DD9,DF9,DH9,DJ9,DL9,DN9,DP9,DR9,DT9,DV9,DX9,DZ9,EB9) -> 4 | G9: =IF(CT9=0,"",CT9) -> 22 | L9: =IF(CV9=0,"",CV9) | Q9: =IF(CX9=0,"",CX9) -> 23.5 | V9: =IF(CZ9=0,"",CZ9) -> 26 | AA9: =IF(DB9=0,"",DB9) -> 22 | AF9: =IF(DD9=0,"",DD9) | AK9: =IF(DF9=0,"",DF9) | AP9: =IF(DH9=0,"",DH9) | AU9: =IF(DJ9=0,"",DJ9) | AZ9: =IF(DL9=0,"",DL9) | BE9: =IF(DN9=0,"",DN9) | BJ9: =IF(DP9=0,"",DP9) | BO9: =IF(DR9=0,"",DR9) | BT9: =IF(DT9=0,"",DT9) | BY9: =IF(DV9=0,"",DV9) | CD9: =IF(DX9=0,"",DX9) | CI9: =IF(DZ9=0,"",DZ9) | CN9: =IF(EB9=0,"",EB9) | CS9: 82 | CT9: =IFERROR(CT10+CT11,"") -> 22 | CV9: =IFERROR(CV10+CV11,"") | CW9: 81 | CX9: =IFERROR(CX10+CX11,"") -> 23.5 | CY9: 76 | CZ9: =IFERROR(CZ10+CZ11,"") -> 26 | DA9: 80 | DB9: =IFERROR(DB10+DB11,"") -> 22 | DD9: =IFERROR(DD10+DD11,"") | DF9: =IFERROR(DF10+DF11,"") | DH9: =IFERROR(DH10+DH11,"") | DJ9: =IFERROR(DJ10+DJ11,"") | DL9: =IFERROR(DL10+DL11,"") | DN9: =IFERROR(DN10+DN11,"") | DP9: =IFERROR(DP10+DP11,"") | DR9: =IFERROR(DR10+DR11,"") | DT9: =IFERROR(DT10+DT11,"") | DV9: =IFERROR(DV10+DV11,"") | DX9: =IFERROR(DX10+DX11,"") | DZ9: =IFERROR(DZ10+DZ11,"") | EB9: =IFERROR(EB10+EB11,"") | EC9: =IFERROR(LARGE($G9:$CN9,1),0)+IFERROR(LARGE($G9:$CN9,2),0)+IFERROR(LARGE($G9:$CN9,3),0)+IFERROR(LARGE($G9:$CN9,4),0)+IFERROR(LARGE($G9:$CN9,5),0)+IFERROR(LARGE($G9:$CN9,6),0)+IFERROR(LARGE($G9:$CN9,7),0)+IFERROR(LARGE($G9:$CN9,8),0)+IFERROR(LARGE($G9:$CN9,9),0)+IFERROR(LARGE($G9:$CN9,10),0) -> 93.5 | ED9: =AVERAGE(CT9,CV9,CX9,CZ9,DB9,DD9,DF9,DH9,DJ9,DL9,DN9,DP9,DR9,DT9,DV9,DX9,DZ9,EB9) -> 23.375 | EM9: 5 foursomes – first gets 20, last gets 1 | ER9: 4 | ES9: 2 | EU9: =40+38+36+34+32+30+28+26+24+22+20+18+16+14+12+10+8+6+4+2 -> 420
B10: =B9+0.12 -> 2.12 | D10: CP1 | E10: Harvey Points | H10: =IF(CS10=0,"",CS10) -> 29 | J10: =IFERROR(RANK(H10,H$6:H$115,0),"") -> 13 | M10: =IF(CU10=0,"",CU10) | O10: =IFERROR(RANK(M10,M$6:M$115,0),"") | R10: =IF(CW10=0,"",CW10) -> 32 | T10: =IFERROR(RANK(R10,R$6:R$115,0),"") -> 6 | W10: =IF(CY10=0,"",CY10) -> 33 | Y10: =IFERROR(RANK(W10,W$6:W$115,0),"") -> 1 | AB10: =IF(DA10=0,"",DA10) -> 33 | AD10: =IFERROR(RANK(AB10,AB$6:AB$115,0),"") -> 4 | AG10: =IF(DC10=0,"",DC10) | AI10: =IFERROR(RANK(AG10,AG$6:AG$115,0),"") | AL10: =IF(DE10=0,"",DE10) | AN10: =IFERROR(RANK(AL10,AL$6:AL$115,0),"") | AQ10: =IF(DG10=0,"",DG10) | AS10: =IFERROR(RANK(AQ10,AQ$6:AQ$115,0),"") | AV10: =IF(DI10=0,"",DI10) | AX10: =IFERROR(RANK(AV10,AV$6:AV$115,0),"") | BA10: =IF(DK10=0,"",DK10) | BC10: =IFERROR(RANK(BA10,BA$6:BA$115,0),"") | BF10: =IF(DM10=0,"",DM10) | BH10: =IFERROR(RANK(BF10,BF$6:BF$115,0),"") | BK10: =IF(DO10=0,"",DO10) | BM10: =IFERROR(RANK(BK10,BK$6:BK$115,0),"") | BP10: =IF(DQ10=0,"",DQ10) | BR10: =IFERROR(RANK(BP10,BP$6:BP$115,0),"") | BU10: =IF(DS10=0,"",DS10) | BW10: =IFERROR(RANK(BU10,BU$6:BU$115,0),"") | BZ10: =IF(DU10=0,"",DU10) | CB10: =IFERROR(RANK(BZ10,BZ$6:BZ$115,0),"") | CE10: =IF(DW10=0,"",DW10) | CG10: =IFERROR(RANK(CE10,CE$6:CE$115,0),"") | CJ10: =IF(DY10=0,"",DY10) | CL10: =IFERROR(RANK(CJ10,CJ$6:CJ$115,0),"") | CO10: =IF(EA10=0,"",EA10) | CQ10: =IFERROR(RANK(CO10,CO$6:CO$115,0),"") | CS10: 29 | CT10: =IFERROR(AVERAGE(OFFSET('Data - For Rank'!B$2,J10,0,COUNTIF($J$7:J$115,J10)))+IFERROR(VLOOKUP((COUNT($H$6:$H$115)/4),$ER$8:$ES$12,2,FALSE()),0),"") -> 6 | CV10: =IFERROR(AVERAGE(OFFSET('Data - For Rank'!$C$2,O10,0,COUNTIF(O$7:O$115,O10)))+IFERROR(VLOOKUP((COUNT(M$6:M$115)/4),$ER$8:$ES$12,2,FALSE()),0),"") | CW10: 32 | CX10: =IFERROR(AVERAGE(OFFSET('Data - For Rank'!D$2,T10,0,COUNTIF(T$7:T$115,T10)))+IFERROR(VLOOKUP((COUNT(R$6:R$115)/4),$ER$8:$ES$12,2,FALSE()),0),"") -> 11 | CY10: 33 | CZ10: =IFERROR(AVERAGE(OFFSET('Data - For Rank'!E$2,Y10,0,COUNTIF(Y$7:Y$115,Y10)))+IFERROR(VLOOKUP((COUNT(W$6:W$115)/4),$ER$8:$ES$12,2,FALSE()),0),"") -> 14 | DA10: 33 | DB10: =IFERROR(AVERAGE(OFFSET('Data - For Rank'!F$2,AD10,0,COUNTIF(AD$7:AD$115,AD10)))+IFERROR(VLOOKUP((COUNT(AB$6:AB$115)/4),$ER$8:$ES$12,2,FALSE()),0),"") -> 14 | DD10: =IFERROR(AVERAGE(OFFSET('Data - For Rank'!G$2,AI10,0,COUNTIF(AI$7:AI$115,AI10)))+IFERROR(VLOOKUP((COUNT(AG$6:AG$115)/4),$ER$8:$ES$12,2,FALSE()),0),"") | DF10: =IFERROR(AVERAGE(OFFSET('Data - For Rank'!$H$2,AN10,0,COUNTIF(AN$7:AN$115,AN10)))+IFERROR(VLOOKUP((COUNT(AL$6:AL$115)/4),$ER$8:$ES$12,2,FALSE()),0),"") | DH10: =IFERROR(AVERAGE(OFFSET('Data - For Rank'!$I$2,AS10,0,COUNTIF(AS$7:AS$115,AS10)))+IFERROR(VLOOKUP((COUNT(AQ$6:AQ$115)/4),$ER$8:$ES$12,2,FALSE()),0),"") | DJ10: =IFERROR(AVERAGE(OFFSET('Data - For Rank'!$J$2,AX10,0,COUNTIF(AX$7:AX$115,AX10)))+IFERROR(VLOOKUP((COUNT(AV$6:AV$115)/4),$ER$8:$ES$12,2,FALSE()),0),"") | DL10: =IFERROR(AVERAGE(OFFSET('Data - For Rank'!$K$2,BC10,0,COUNTIF(BC$7:BC$115,BC10)))+IFERROR(VLOOKUP((COUNT(BA$6:BA$115)/4),$ER$8:$ES$12,2,FALSE()),0),"") | DN10: =IFERROR(AVERAGE(OFFSET('Data - For Rank'!$L$2,BH10,0,COUNTIF(BH$7:BH$115,BH10)))+IFERROR(VLOOKUP((COUNT(BF$6:BF$115)/4),$ER$8:$ES$12,2,FALSE()),0),"") | DP10: =IFERROR(AVERAGE(OFFSET('Data - For Rank'!$M$2,BM10,0,COUNTIF(BM$7:BM$115,BM10)))+IFERROR(VLOOKUP((COUNT(BK$6:BK$115)/4),$ER$8:$ES$12,2,FALSE()),0),"") | DR10: =IFERROR(AVERAGE(OFFSET('Data - For Rank'!$N$2,BR10,0,COUNTIF(BR$7:BR$115,BR10)))+IFERROR(VLOOKUP((COUNT(BP$6:BP$115)/4),$ER$8:$ES$12,2,FALSE()),0),"") | DT10: =IFERROR(AVERAGE(OFFSET('Data - For Rank'!$O$2,BW10,0,COUNTIF(BW$7:BW$115,BW10)))+IFERROR(VLOOKUP((COUNT(BU$6:BU$115)/4),$ER$8:$ES$12,2,FALSE()),0),"") | DV10: =IFERROR(AVERAGE(OFFSET('Data - For Rank'!$P$2,CB10,0,COUNTIF(CB$7:CB$115,CB10)))+IFERROR(VLOOKUP((COUNT(BZ$6:BZ$115)/4),$ER$8:$ES$12,2,FALSE()),0),"") | DX10: =IFERROR(AVERAGE(OFFSET('Data - For Rank'!$Q$2,CG10,0,COUNTIF(CG$7:CG$115,CG10)))+IFERROR(VLOOKUP((COUNT(CE$6:CE$115)/4),$ER$8:$ES$12,2,FALSE()),0),"") | DZ10: =IFERROR(AVERAGE(OFFSET('Data - For Rank'!$R$2,CL10,0,COUNTIF(CL$7:CL$115,CL10)))+IFERROR(VLOOKUP((COUNT(CJ$6:CJ$115)/4),$ER$8:$ES$12,2,FALSE()),0),"") | EB10: =IFERROR(AVERAGE(OFFSET('Data - For Rank'!$S$2,CQ10,0,COUNTIF(CQ$7:CQ$115,CQ10)))+IFERROR(VLOOKUP((COUNT(CO$6:CO$115)/4),$ER$8:$ES$12,2,FALSE()),0),"") | EC10: =AVERAGE(CS10,CU10,CW10,CY10,DA10,DC10,DE10,DG10,DI10,DK10,DM10,DO10,DQ10,DS10,DU10,DW10,DY10,EA10) -> 31.75 | ED10: =AVERAGE(CT10,CV10,CX10,CZ10,DB10,DD10,DF10,DH10,DJ10,DL10,DN10,DP10,DR10,DT10,DV10,DX10,DZ10,EB10) -> 11.25 | EM10: 4 foursomes – first gets 18, last gets 3 | ER10: 3 | ES10: 4 | EU10: =36+34+32+30+28+26+24+22+20+18+16+14+12+10+8+6 -> 336
B11: =B9+0.022 -> 2.022 | D11: CP2 | E11: cash +/- | F11: =IF(COUNT(CT9:EB9)>10,SMALL(G9:CN9,COUNT(G9:CN9)-10),MIN(CT9:EB9)) -> 22 | I11: =IF(CS11=0,"",CS11) -> 12 | K11: =IFERROR(_xlfn.RANK.EQ(I11,I$6:I$115,0),"") -> 3 | N11: =IF(CU11=0,"",CU11) | P11: =IFERROR(_xlfn.RANK.EQ(N11,N$6:N$115,0),"") | S11: =IF(CW11=0,"",CW11) -> 4 | U11: =IFERROR(_xlfn.RANK.EQ(S11,S$6:S$115,0),"") -> 4 | X11: =IF(CY11=0,"",CY11) -> 13 | Z11: =IFERROR(_xlfn.RANK.EQ(X11,X$6:X$115,0),"") -> 3 | AC11: =IF(DA11=0,"",DA11) -> -6 | AE11: =IFERROR(_xlfn.RANK.EQ(AC11,AC$6:AC$115,0),"") -> 11 | AH11: =IF(DC11=0,"",DC11) | AJ11: =IFERROR(_xlfn.RANK.EQ(AH11,AH$6:AH$115,0),"") | AM11: =IF(DE11=0,"",DE11) | AO11: =IFERROR(_xlfn.RANK.EQ(AM11,AM$6:AM$115,0),"") | AR11: =IF(DG11=0,"",DG11) | AT11: =IFERROR(_xlfn.RANK.EQ(AR11,AR$6:AR$115,0),"") | AW11: =IF(DI11=0,"",DI11) | AY11: =IFERROR(_xlfn.RANK.EQ(AW11,AW$6:AW$115,0),"") | BB11: =IF(DK11=0,"",DK11) | BD11: =IFERROR(_xlfn.RANK.EQ(BB11,BB$6:BB$115,0),"") | BG11: =IF(DM11=0,"",DM11) | BI11: =IFERROR(_xlfn.RANK.EQ(BG11,BG$6:BG$115,0),"") | BL11: =IF(DO11=0,"",DO11) | BN11: =IFERROR(_xlfn.RANK.EQ(BL11,BL$6:BL$115,0),"") | BQ11: =IF(DQ11=0,"",DQ11) | BS11: =IFERROR(_xlfn.RANK.EQ(BQ11,BQ$6:BQ$115,0),"") | BV11: =IF(DS11=0,"",DS11) | BX11: =IFERROR(_xlfn.RANK.EQ(BV11,BV$6:BV$115,0),"") | CA11: =IF(DU11=0,"",DU11) | CC11: =IFERROR(_xlfn.RANK.EQ(CA11,CA$6:CA$115,0),"") | CF11: =IF(DW11=0,"",DW11) | CH11: =IFERROR(_xlfn.RANK.EQ(CF11,CF$6:CF$115,0),"") | CK11: =IF(DY11=0,"",DY11) | CM11: =IFERROR(_xlfn.RANK.EQ(CK11,CK$6:CK$115,0),"") | CP11: =IF(EA11=0,"",EA11) | CR11: =IFERROR(_xlfn.RANK.EQ(CP11,CP$6:CP$115,0),"") | CS11: 12 | CT11: =IFERROR(AVERAGE(OFFSET('Data - For Rank'!B$2,K11,0,COUNTIF(K$6:K$115,K11)))+IFERROR(VLOOKUP((COUNT($I$6:$I$115)/4),$ER$8:$ES$12,2,FALSE()),0),"") -> 16 | CV11: =IFERROR(AVERAGE(OFFSET('Data - For Rank'!$C$2,P11,0,COUNTIF(P$6:P$115,P11)))+IFERROR(VLOOKUP((COUNT(N$6:N$115)/4),$ER$8:$ES$12,2,FALSE()),0),"") | CW11: 4 | CX11: =IFERROR(AVERAGE(OFFSET('Data - For Rank'!D$2,U11,0,COUNTIF(U$6:$U118,U11)))+IFERROR(VLOOKUP((COUNT(S$6:S$115)/4),$ER$8:$ES$12,2,FALSE()),0),"") -> 12.5 | CY11: 13 | CZ11: =IFERROR(AVERAGE(OFFSET('Data - For Rank'!E$2,Z11,0,COUNTIF(Z$6:Z$115,Z11)))+IFERROR(VLOOKUP((COUNT(W$6:W$115)/4),$ER$8:$ES$12,2,FALSE()),0),"") -> 12 | DA11: -6 | DB11: =IFERROR(AVERAGE(OFFSET('Data - For Rank'!F$2,AE11,0,COUNTIF(AE$6:AE$115,AE11)))+IFERROR(VLOOKUP((COUNT(AC$6:AC$115)/4),$ER$8:$ES$12,2,FALSE()),0),"") -> 8 | DD11: =IFERROR(AVERAGE(OFFSET('Data - For Rank'!G$2,AJ11,0,COUNTIF(AJ$6:AJ$115,AJ11)))+IFERROR(VLOOKUP((COUNT(AH$6:AH$115)/4),$ER$8:$ES$12,2,FALSE()),0),"") | DF11: =IFERROR(AVERAGE(OFFSET('Data - For Rank'!$H$2,AO11,0,COUNTIF(AO$6:AO$115,AO11)))+IFERROR(VLOOKUP((COUNT(AM$6:AM$115)/4),$ER$8:$ES$12,2,FALSE()),0),"") | DH11: =IFERROR(AVERAGE(OFFSET('Data - For Rank'!$I$2,AT11,0,COUNTIF(AT$6:AT$115,AT11)))+IFERROR(VLOOKUP((COUNT(AR$6:AR$115)/4),$ER$8:$ES$12,2,FALSE()),0),"") | DJ11: =IFERROR(AVERAGE(OFFSET('Data - For Rank'!$J$2,AY11,0,COUNTIF(AY$6:AY$115,AY11)))+IFERROR(VLOOKUP((COUNT(AW$6:AW$115)/4),$ER$8:$ES$12,2,FALSE()),0),"") | DL11: =IFERROR(AVERAGE(OFFSET('Data - For Rank'!$K$2,BD11,0,COUNTIF(BD$6:BD$115,BD11)))+IFERROR(VLOOKUP((COUNT(BB$6:BB$115)/4),$ER$8:$ES$12,2,FALSE()),0),"") | DN11: =IFERROR(AVERAGE(OFFSET('Data - For Rank'!$L$2,BI11,0,COUNTIF(BI$6:BI$115,BI11)))+IFERROR(VLOOKUP((COUNT(BG$6:BG$115)/4),$ER$8:$ES$12,2,FALSE()),0),"") | DP11: =IFERROR(AVERAGE(OFFSET('Data - For Rank'!$M$2,BN11,0,COUNTIF(BN$6:BN$115,BN11)))+IFERROR(VLOOKUP((COUNT(BL$6:BL$115)/4),$ER$8:$ES$12,2,FALSE()),0),"") | DR11: =IFERROR(AVERAGE(OFFSET('Data - For Rank'!$N$2,BS11,0,COUNTIF(BS$6:BS$115,BS11)))+IFERROR(VLOOKUP((COUNT(BQ$6:BQ$115)/4),$ER$8:$ES$12,2,FALSE()),0),"") | DT11: =IFERROR(AVERAGE(OFFSET('Data - For Rank'!$O$2,BX11,0,COUNTIF(BX$6:BX$115,BX11)))+IFERROR(VLOOKUP((COUNT(BV$6:BV$115)/4),$ER$8:$ES$12,2,FALSE()),0),"") | DV11: =IFERROR(AVERAGE(OFFSET('Data - For Rank'!$P$2,CC11,0,COUNTIF(CC$6:CC$115,CC11)))+IFERROR(VLOOKUP((COUNT(CA$6:CA$115)/4),$ER$8:$ES$12,2,FALSE()),0),"") | DX11: =IFERROR(AVERAGE(OFFSET('Data - For Rank'!$Q$2,CH11,0,COUNTIF(CH$6:CH$115,CH11)))+IFERROR(VLOOKUP((COUNT(CF$6:CF$115)/4),$ER$8:$ES$12,2,FALSE()),0),"") | DZ11: =IFERROR(AVERAGE(OFFSET('Data - For Rank'!$R$2,CM11,0,COUNTIF(CM$6:CM$115,CM11)))+IFERROR(VLOOKUP((COUNT(CK$6:CK$115)/4),$ER$8:$ES$12,2,FALSE()),0),"") | EB11: =IFERROR(AVERAGE(OFFSET('Data - For Rank'!$S$2,CR11,0,COUNTIF(CR$6:CR$115,CR11)))+IFERROR(VLOOKUP((COUNT(CP$6:CP$115)/4),$ER$8:$ES$12,2,FALSE()),0),"") | EC11: =CS11+CU11+CW11+CY11+DA11+DC11+DE11+DG11+DI11+DK11+DM11+DO11+DQ11+DS11+DU11+DW11+DY11+EA11 -> 23 | ED11: =AVERAGE(CT11,CV11,CX11,CZ11,DB11,DD11,DF11,DH11,DJ11,DL11,DN11,DP11,DR11,DT11,DV11,DX11,DZ11,EB11) -> 12.125 | EM11: 3 foursomes – first gets 16, last gets 5 | ER11: 2 | ES11: 6 | EU11: =32+30+28+26+24+22+20+18+16+14+12+10 -> 252
B12: =_xlfn.RANK.EQ(C12,$C$6:$C$63,) -> 2 | C12: =EC12 -> 93.5 | D12: JM | E12: Jeff Madden | F12: =COUNT(CT12,CV12,CX12,CZ12,DB12,DD12,DF12,DH12,DJ12,DL12,DN12,DP12,DR12,DT12,DV12,DX12,DZ12,EB12) -> 3 | G12: =IF(CT12=0,"",CT12) -> 36 | L12: =IF(CV12=0,"",CV12) | Q12: =IF(CX12=0,"",CX12) -> 26.5 | V12: =IF(CZ12=0,"",CZ12) | AA12: =IF(DB12=0,"",DB12) -> 31 | AF12: =IF(DD12=0,"",DD12) | AK12: =IF(DF12=0,"",DF12) | AP12: =IF(DH12=0,"",DH12) | AU12: =IF(DJ12=0,"",DJ12) | AZ12: =IF(DL12=0,"",DL12) | BE12: =IF(DN12=0,"",DN12) | BJ12: =IF(DP12=0,"",DP12) | BO12: =IF(DR12=0,"",DR12) | BT12: =IF(DT12=0,"",DT12) | BY12: =IF(DV12=0,"",DV12) | CD12: =IF(DX12=0,"",DX12) | CI12: =IF(DZ12=0,"",DZ12) | CN12: =IF(EB12=0,"",EB12) | CS12: 77 | CT12: =IFERROR(CT13+CT14,"") -> 36 | CV12: =IFERROR(CV13+CV14,"") | CW12: 83 | CX12: =IFERROR(CX13+CX14,"") -> 26.5 | CZ12: =IFERROR(CZ13+CZ14,"") | DA12: 85 | DB12: =IFERROR(DB13+DB14,"") -> 31 | DD12: =IFERROR(DD13+DD14,"") | DF12: =IFERROR(DF13+DF14,"") | DH12: =IFERROR(DH13+DH14,"") | DJ12: =IFERROR(DJ13+DJ14,"") | DL12: =IFERROR(DL13+DL14,"") | DN12: =IFERROR(DN13+DN14,"") | DP12: =IFERROR(DP13+DP14,"") | DR12: =IFERROR(DR13+DR14,"") | DT12: =IFERROR(DT13+DT14,"") | DV12: =IFERROR(DV13+DV14,"") | DX12: =IFERROR(DX13+DX14,"") | DZ12: =IFERROR(DZ13+DZ14,"") | EB12: =IFERROR(EB13+EB14,"") | EC12: =IFERROR(LARGE($G12:$CN12,1),0)+IFERROR(LARGE($G12:$CN12,2),0)+IFERROR(LARGE($G12:$CN12,3),0)+IFERROR(LARGE($G12:$CN12,4),0)+IFERROR(LARGE($G12:$CN12,5),0)+IFERROR(LARGE($G12:$CN12,6),0)+IFERROR(LARGE($G12:$CN12,7),0)+IFERROR(LARGE($G12:$CN12,8),0)+IFERROR(LARGE($G12:$CN12,9),0)+IFERROR(LARGE($G12:$CN12,10),0) -> 93.5 | ED12: =AVERAGE(CT12,CV12,CX12,CZ12,DB12,DD12,DF12,DH12,DJ12,DL12,DN12,DP12,DR12,DT12,DV12,DX12,DZ12,EB12) -> 31.166667 | EM12: 2 foursomes – first gets 14, last gets 7 | ER12: 1 | ES12: 8 | EU12: =28+26+24+22+20+18+16+14 -> 168
B13: =B12+0.13 -> 2.13 | D13: JM1 | E13: Harvey Points | H13: =IF(CS13=0,"",CS13) -> 40 | J13: =IFERROR(RANK(H13,H$6:H$115,0),"") -> 1 | M13: =IF(CU13=0,"",CU13) | O13: =IFERROR(RANK(M13,M$6:M$115,0),"") | R13: =IF(CW13=0,"",CW13) -> 37 | T13: =IFERROR(RANK(R13,R$6:R$115,0),"") -> 3 | W13: =IF(CY13=0,"",CY13) | Y13: =IFERROR(RANK(W13,W$6:W$115,0),"") | AB13: =IF(DA13=0,"",DA13) -> 33 | AD13: =IFERROR(RANK(AB13,AB$6:AB$115,0),"") -> 4 | AG13: =IF(DC13=0,"",DC13) | AI13: =IFERROR(RANK(AG13,AG$6:AG$115,0),"") | AL13: =IF(DE13=0,"",DE13) | AN13: =IFERROR(RANK(AL13,AL$6:AL$115,0),"") | AQ13: =IF(DG13=0,"",DG13) | AS13: =IFERROR(RANK(AQ13,AQ$6:AQ$115,0),"") | AV13: =IF(DI13=0,"",DI13) | AX13: =IFERROR(RANK(AV13,AV$6:AV$115,0),"") | BA13: =IF(DK13=0,"",DK13) | BC13: =IFERROR(RANK(BA13,BA$6:BA$115,0),"") | BF13: =IF(DM13=0,"",DM13) | BH13: =IFERROR(RANK(BF13,BF$6:BF$115,0),"") | BK13: =IF(DO13=0,"",DO13) | BM13: =IFERROR(RANK(BK13,BK$6:BK$115,0),"") | BP13: =IF(DQ13=0,"",DQ13) | BR13: =IFERROR(RANK(BP13,BP$6:BP$115,0),"") | BU13: =IF(DS13=0,"",DS13) | BW13: =IFERROR(RANK(BU13,BU$6:BU$115,0),"") | BZ13: =IF(DU13=0,"",DU13) | CB13: =IFERROR(RANK(BZ13,BZ$6:BZ$115,0),"") | CE13: =IF(DW13=0,"",DW13) | CG13: =IFERROR(RANK(CE13,CE$6:CE$115,0),"") | CJ13: =IF(DY13=0,"",DY13) | CL13: =IFERROR(RANK(CJ13,CJ$6:CJ$115,0),"") | CO13: =IF(EA13=0,"",EA13) | CQ13: =IFERROR(RANK(CO13,CO$6:CO$115,0),"") | CS13: 40 | CT13: =IFERROR(AVERAGE(OFFSET('Data - For Rank'!B$2,J13,0,COUNTIF($J$7:J$115,J13)))+IFERROR(VLOOKUP((COUNT($H$6:$H$115)/4),$ER$8:$ES$12,2,FALSE()),0),"") -> 18 | CV13: =IFERROR(AVERAGE(OFFSET('Data - For Rank'!$C$2,O13,0,COUNTIF(O$7:O$115,O13)))+IFERROR(VLOOKUP((COUNT(M$6:M$115)/4),$ER$8:$ES$12,2,FALSE()),0),"") | CW13: 37 | CX13: =IFERROR(AVERAGE(OFFSET('Data - For Rank'!D$2,T13,0,COUNTIF(T$7:T$115,T13)))+IFERROR(VLOOKUP((COUNT(R$6:R$115)/4),$ER$8:$ES$12,2,FALSE()),0),"") -> 14 | CZ13: =IFERROR(AVERAGE(OFFSET('Data - For Rank'!E$2,Y13,0,COUNTIF(Y$7:Y$115,Y13)))+IFERROR(VLOOKUP((COUNT(W$6:W$115)/4),$ER$8:$ES$12,2,FALSE()),0),"") | DA13: 33 | DB13: =IFERROR(AVERAGE(OFFSET('Data - For Rank'!F$2,AD13,0,COUNTIF(AD$7:AD$115,AD13)))+IFERROR(VLOOKUP((COUNT(AB$6:AB$115)/4),$ER$8:$ES$12,2,FALSE()),0),"") -> 14 | DD13: =IFERROR(AVERAGE(OFFSET('Data - For Rank'!G$2,AI13,0,COUNTIF(AI$7:AI$115,AI13)))+IFERROR(VLOOKUP((COUNT(AG$6:AG$115)/4),$ER$8:$ES$12,2,FALSE()),0),"") | DF13: =IFERROR(AVERAGE(OFFSET('Data - For Rank'!$H$2,AN13,0,COUNTIF(AN$7:AN$115,AN13)))+IFERROR(VLOOKUP((COUNT(AL$6:AL$115)/4),$ER$8:$ES$12,2,FALSE()),0),"") | DH13: =IFERROR(AVERAGE(OFFSET('Data - For Rank'!$I$2,AS13,0,COUNTIF(AS$7:AS$115,AS13)))+IFERROR(VLOOKUP((COUNT(AQ$6:AQ$115)/4),$ER$8:$ES$12,2,FALSE()),0),"") | DJ13: =IFERROR(AVERAGE(OFFSET('Data - For Rank'!$J$2,AX13,0,COUNTIF(AX$7:AX$115,AX13)))+IFERROR(VLOOKUP((COUNT(AV$6:AV$115)/4),$ER$8:$ES$12,2,FALSE()),0),"") | DL13: =IFERROR(AVERAGE(OFFSET('Data - For Rank'!$K$2,BC13,0,COUNTIF(BC$7:BC$115,BC13)))+IFERROR(VLOOKUP((COUNT(BA$6:BA$115)/4),$ER$8:$ES$12,2,FALSE()),0),"") | DN13: =IFERROR(AVERAGE(OFFSET('Data - For Rank'!$L$2,BH13,0,COUNTIF(BH$7:BH$115,BH13)))+IFERROR(VLOOKUP((COUNT(BF$6:BF$115)/4),$ER$8:$ES$12,2,FALSE()),0),"") | DP13: =IFERROR(AVERAGE(OFFSET('Data - For Rank'!$M$2,BM13,0,COUNTIF(BM$7:BM$115,BM13)))+IFERROR(VLOOKUP((COUNT(BK$6:BK$115)/4),$ER$8:$ES$12,2,FALSE()),0),"") | DR13: =IFERROR(AVERAGE(OFFSET('Data - For Rank'!$N$2,BR13,0,COUNTIF(BR$7:BR$115,BR13)))+IFERROR(VLOOKUP((COUNT(BP$6:BP$115)/4),$ER$8:$ES$12,2,FALSE()),0),"") | DT13: =IFERROR(AVERAGE(OFFSET('Data - For Rank'!$O$2,BW13,0,COUNTIF(BW$7:BW$115,BW13)))+IFERROR(VLOOKUP((COUNT(BU$6:BU$115)/4),$ER$8:$ES$12,2,FALSE()),0),"") | DV13: =IFERROR(AVERAGE(OFFSET('Data - For Rank'!$P$2,CB13,0,COUNTIF(CB$7:CB$115,CB13)))+IFERROR(VLOOKUP((COUNT(BZ$6:BZ$115)/4),$ER$8:$ES$12,2,FALSE()),0),"") | DX13: =IFERROR(AVERAGE(OFFSET('Data - For Rank'!$Q$2,CG13,0,COUNTIF(CG$7:CG$115,CG13)))+IFERROR(VLOOKUP((COUNT(CE$6:CE$115)/4),$ER$8:$ES$12,2,FALSE()),0),"") | DZ13: =IFERROR(AVERAGE(OFFSET('Data - For Rank'!$R$2,CL13,0,COUNTIF(CL$7:CL$115,CL13)))+IFERROR(VLOOKUP((COUNT(CJ$6:CJ$115)/4),$ER$8:$ES$12,2,FALSE()),0),"") | EB13: =IFERROR(AVERAGE(OFFSET('Data - For Rank'!$S$2,CQ13,0,COUNTIF(CQ$7:CQ$115,CQ13)))+IFERROR(VLOOKUP((COUNT(CO$6:CO$115)/4),$ER$8:$ES$12,2,FALSE()),0),"") | EC13: =AVERAGE(CS13,CU13,CW13,CY13,DA13,DC13,DE13,DG13,DI13,DK13,DM13,DO13,DQ13,DS13,DU13,DW13,DY13,EA13) -> 36.666667 | ED13: =AVERAGE(CX13,CT13,CV13,CZ13,DB13,DD13,DF13,DH13,DJ13,DL13,DN13,DP13,DR13,DT13,DV13,DX13,DZ13,EB13) -> 15.333333 | EM13: 1 foursome – first gets 12, last gets 9 | EU13: =24+22+20+18 -> 84
B14: =B12+0.023 -> 2.023 | D14: JM2 | E14: cash +/- | F14: =IF(COUNT(CT12:EB12)>10,SMALL(G12:CN12,COUNT(G12:CN12)-10),MIN(CT12:EB12)) -> 26.5 | I14: =IF(CS14=0,"",CS14) -> 35 | K14: =IFERROR(_xlfn.RANK.EQ(I14,I$6:I$115,0),"") -> 1 | N14: =IF(CU14=0,"",CU14) | P14: =IFERROR(_xlfn.RANK.EQ(N14,N$6:N$115,0),"") | S14: =IF(CW14=0,"",CW14) -> 4 | U14: =IFERROR(_xlfn.RANK.EQ(S14,S$6:S$115,0),"") -> 4 | X14: =IF(CY14=0,"",CY14) | Z14: =IFERROR(_xlfn.RANK.EQ(X14,X$6:X$115,0),"") | AC14: =IF(DA14=0,"",DA14) -> 38 | AE14: =IFERROR(_xlfn.RANK.EQ(AC14,AC$6:AC$115,0),"") -> 2 | AH14: =IF(DC14=0,"",DC14) | AJ14: =IFERROR(_xlfn.RANK.EQ(AH14,AH$6:AH$115,0),"") | AM14: =IF(DE14=0,"",DE14) | AO14: =IFERROR(_xlfn.RANK.EQ(AM14,AM$6:AM$115,0),"") | AR14: =IF(DG14=0,"",DG14) | AT14: =IFERROR(_xlfn.RANK.EQ(AR14,AR$6:AR$115,0),"") | AW14: =IF(DI14=0,"",DI14) | AY14: =IFERROR(_xlfn.RANK.EQ(AW14,AW$6:AW$115,0),"") | BB14: =IF(DK14=0,"",DK14) | BD14: =IFERROR(_xlfn.RANK.EQ(BB14,BB$6:BB$115,0),"") | BG14: =IF(DM14=0,"",DM14) | BI14: =IFERROR(_xlfn.RANK.EQ(BG14,BG$6:BG$115,0),"") | BL14: =IF(DO14=0,"",DO14) | BN14: =IFERROR(_xlfn.RANK.EQ(BL14,BL$6:BL$115,0),"") | BQ14: =IF(DQ14=0,"",DQ14) | BS14: =IFERROR(_xlfn.RANK.EQ(BQ14,BQ$6:BQ$115,0),"") | BV14: =IF(DS14=0,"",DS14) | BX14: =IFERROR(_xlfn.RANK.EQ(BV14,BV$6:BV$115,0),"") | CA14: =IF(DU14=0,"",DU14) | CC14: =IFERROR(_xlfn.RANK.EQ(CA14,CA$6:CA$115,0),"") | CF14: =IF(DW14=0,"",DW14) | CH14: =IFERROR(_xlfn.RANK.EQ(CF14,CF$6:CF$115,0),"") | CK14: =IF(DY14=0,"",DY14) | CM14: =IFERROR(_xlfn.RANK.EQ(CK14,CK$6:CK$115,0),"") | CP14: =IF(EA14=0,"",EA14) | CR14: =IFERROR(_xlfn.RANK.EQ(CP14,CP$6:CP$115,0),"") | CS14: 35 | CT14: =IFERROR(AVERAGE(OFFSET('Data - For Rank'!B$2,K14,0,COUNTIF(K$6:K$115,K14)))+IFERROR(VLOOKUP((COUNT($I$6:$I$115)/4),$ER$8:$ES$12,2,FALSE()),0),"") -> 18 | CV14: =IFERROR(AVERAGE(OFFSET('Data - For Rank'!$C$2,P14,0,COUNTIF(P$6:P$115,P14)))+IFERROR(VLOOKUP((COUNT(N$6:N$115)/4),$ER$8:$ES$12,2,FALSE()),0),"") | CW14: 4 | CX14: =IFERROR(AVERAGE(OFFSET('Data - For Rank'!D$2,U14,0,COUNTIF(U$6:$U121,U14)))+IFERROR(VLOOKUP((COUNT(S$6:S$115)/4),$ER$8:$ES$12,2,FALSE()),0),"") -> 12.5 | CZ14: =IFERROR(AVERAGE(OFFSET('Data - For Rank'!E$2,Z14,0,COUNTIF(Z$6:Z$115,Z14)))+IFERROR(VLOOKUP((COUNT(W$6:W$115)/4),$ER$8:$ES$12,2,FALSE()),0),"") | DA14: 38 | DB14: =IFERROR(AVERAGE(OFFSET('Data - For Rank'!F$2,AE14,0,COUNTIF(AE$6:AE$115,AE14)))+IFERROR(VLOOKUP((COUNT(AC$6:AC$115)/4),$ER$8:$ES$12,2,FALSE()),0),"") -> 17 | DD14: =IFERROR(AVERAGE(OFFSET('Data - For Rank'!G$2,AJ14,0,COUNTIF(AJ$6:AJ$115,AJ14)))+IFERROR(VLOOKUP((COUNT(AH$6:AH$115)/4),$ER$8:$ES$12,2,FALSE()),0),"") | DF14: =IFERROR(AVERAGE(OFFSET('Data - For Rank'!$H$2,AO14,0,COUNTIF(AO$6:AO$115,AO14)))+IFERROR(VLOOKUP((COUNT(AM$6:AM$115)/4),$ER$8:$ES$12,2,FALSE()),0),"") | DH14: =IFERROR(AVERAGE(OFFSET('Data - For Rank'!$I$2,AT14,0,COUNTIF(AT$6:AT$115,AT14)))+IFERROR(VLOOKUP((COUNT(AR$6:AR$115)/4),$ER$8:$ES$12,2,FALSE()),0),"") | DJ14: =IFERROR(AVERAGE(OFFSET('Data - For Rank'!$J$2,AY14,0,COUNTIF(AY$6:AY$115,AY14)))+IFERROR(VLOOKUP((COUNT(AW$6:AW$115)/4),$ER$8:$ES$12,2,FALSE()),0),"") | DL14: =IFERROR(AVERAGE(OFFSET('Data - For Rank'!$K$2,BD14,0,COUNTIF(BD$6:BD$115,BD14)))+IFERROR(VLOOKUP((COUNT(BB$6:BB$115)/4),$ER$8:$ES$12,2,FALSE()),0),"") | DN14: =IFERROR(AVERAGE(OFFSET('Data - For Rank'!$L$2,BI14,0,COUNTIF(BI$6:BI$115,BI14)))+IFERROR(VLOOKUP((COUNT(BG$6:BG$115)/4),$ER$8:$ES$12,2,FALSE()),0),"") | DP14: =IFERROR(AVERAGE(OFFSET('Data - For Rank'!$M$2,BN14,0,COUNTIF(BN$6:BN$115,BN14)))+IFERROR(VLOOKUP((COUNT(BL$6:BL$115)/4),$ER$8:$ES$12,2,FALSE()),0),"") | DR14: =IFERROR(AVERAGE(OFFSET('Data - For Rank'!$N$2,BS14,0,COUNTIF(BS$6:BS$115,BS14)))+IFERROR(VLOOKUP((COUNT(BQ$6:BQ$115)/4),$ER$8:$ES$12,2,FALSE()),0),"") | DT14: =IFERROR(AVERAGE(OFFSET('Data - For Rank'!$O$2,BX14,0,COUNTIF(BX$6:BX$115,BX14)))+IFERROR(VLOOKUP((COUNT(BV$6:BV$115)/4),$ER$8:$ES$12,2,FALSE()),0),"") | DV14: =IFERROR(AVERAGE(OFFSET('Data - For Rank'!$P$2,CC14,0,COUNTIF(CC$6:CC$115,CC14)))+IFERROR(VLOOKUP((COUNT(CA$6:CA$115)/4),$ER$8:$ES$12,2,FALSE()),0),"") | DX14: =IFERROR(AVERAGE(OFFSET('Data - For Rank'!$Q$2,CH14,0,COUNTIF(CH$6:CH$115,CH14)))+IFERROR(VLOOKUP((COUNT(CF$6:CF$115)/4),$ER$8:$ES$12,2,FALSE()),0),"") | DZ14: =IFERROR(AVERAGE(OFFSET('Data - For Rank'!$R$2,CM14,0,COUNTIF(CM$6:CM$115,CM14)))+IFERROR(VLOOKUP((COUNT(CK$6:CK$115)/4),$ER$8:$ES$12,2,FALSE()),0),"") | EB14: =IFERROR(AVERAGE(OFFSET('Data - For Rank'!$S$2,CR14,0,COUNTIF(CR$6:CR$115,CR14)))+IFERROR(VLOOKUP((COUNT(CP$6:CP$115)/4),$ER$8:$ES$12,2,FALSE()),0),"") | EC14: =CS14+CU14+CW14+CY14+DA14+DC14+DE14+DG14+DI14+DK14+DM14+DO14+DQ14+DS14+DU14+DW14+DY14+EA14 -> 77 | ED14: =AVERAGE(CT14,CV14,CX14,CZ14,DB14,DD14,DF14,DH14,DJ14,DL14,DN14,DP14,DR14,DT14,DV14,DX14,DZ14,EB14) -> 15.833333
B15: =_xlfn.RANK.EQ(C15,$C$6:$C$63,) -> 4 | C15: =EC15 -> 73.5 | D15: KC | E15: Kyle Cox | F15: =COUNT(CT15,CV15,CX15,CZ15,DB15,DD15,DF15,DH15,DJ15,DL15,DN15,DP15,DR15,DT15,DV15,DX15,DZ15,EB15) -> 3 | G15: =IF(CT15=0,"",CT15) -> 26.5 | L15: =IF(CV15=0,"",CV15) | Q15: =IF(CX15=0,"",CX15) | V15: =IF(CZ15=0,"",CZ15) -> 24 | AA15: =IF(DB15=0,"",DB15) -> 23 | AF15: =IF(DD15=0,"",DD15) | AK15: =IF(DF15=0,"",DF15) | AP15: =IF(DH15=0,"",DH15) | AU15: =IF(DJ15=0,"",DJ15) | AZ15: =IF(DL15=0,"",DL15) | BE15: =IF(DN15=0,"",DN15) | BJ15: =IF(DP15=0,"",DP15) | BO15: =IF(DR15=0,"",DR15) | BT15: =IF(DT15=0,"",DT15) | BY15: =IF(DV15=0,"",DV15) | CD15: =IF(DX15=0,"",DX15) | CI15: =IF(DZ15=0,"",DZ15) | CN15: =IF(EB15=0,"",EB15) | CS15: 83 | CT15: =IFERROR(CT16+CT17,"") -> 26.5 | CV15: =IFERROR(CV16+CV17,"") | CX15: =IFERROR(CX16+CX17,"") | CY15: 84 | CZ15: =IFERROR(CZ16+CZ17,"") -> 24 | DA15: 87 | DB15: =IFERROR(DB16+DB17,"") -> 23 | DD15: =IFERROR(DD16+DD17,"") | DF15: =IFERROR(DF16+DF17,"") | DH15: =IFERROR(DH16+DH17,"") | DJ15: =IFERROR(DJ16+DJ17,"") | DL15: =IFERROR(DL16+DL17,"") | DN15: =IFERROR(DN16+DN17,"") | DP15: =IFERROR(DP16+DP17,"") | DR15: =IFERROR(DR16+DR17,"") | DT15: =IFERROR(DT16+DT17,"") | DV15: =IFERROR(DV16+DV17,"") | DX15: =IFERROR(DX16+DX17,"") | DZ15: =IFERROR(DZ16+DZ17,"") | EB15: =IFERROR(EB16+EB17,"") | EC15: =IFERROR(LARGE($G15:$CN15,1),0)+IFERROR(LARGE($G15:$CN15,2),0)+IFERROR(LARGE($G15:$CN15,3),0)+IFERROR(LARGE($G15:$CN15,4),0)+IFERROR(LARGE($G15:$CN15,5),0)+IFERROR(LARGE($G15:$CN15,6),0)+IFERROR(LARGE($G15:$CN15,7),0)+IFERROR(LARGE($G15:$CN15,8),0)+IFERROR(LARGE($G15:$CN15,9),0)+IFERROR(LARGE($G15:$CN15,10),0) -> 73.5 | ED15: =AVERAGE(CT15,CV15,CX15,CZ15,DB15,DD15,DF15,DH15,DJ15,DL15,DN15,DP15,DR15,DT15,DV15,DX15,DZ15,EB15) -> 24.5
B16: =B15+0.14 -> 4.14 | D16: KC1 | E16: Harvey Points | H16: =IF(CS16=0,"",CS16) -> 33 | J16: =IFERROR(RANK(H16,H$6:H$115,0),"") -> 4 | M16: =IF(CU16=0,"",CU16) | O16: =IFERROR(RANK(M16,M$6:M$115,0),"") | R16: =IF(CW16=0,"",CW16) | T16: =IFERROR(RANK(R16,R$6:R$115,0),"") | W16: =IF(CY16=0,"",CY16) -> 30 | Y16: =IFERROR(RANK(W16,W$6:W$115,0),"") -> 4 | AB16: =IF(DA16=0,"",DA16) -> 31 | AD16: =IFERROR(RANK(AB16,AB$6:AB$115,0),"") -> 7 | AG16: =IF(DC16=0,"",DC16) | AI16: =IFERROR(RANK(AG16,AG$6:AG$115,0),"") | AL16: =IF(DE16=0,"",DE16) | AN16: =IFERROR(RANK(AL16,AL$6:AL$115,0),"") | AQ16: =IF(DG16=0,"",DG16) | AS16: =IFERROR(RANK(AQ16,AQ$6:AQ$115,0),"") | AV16: =IF(DI16=0,"",DI16) | AX16: =IFERROR(RANK(AV16,AV$6:AV$115,0),"") | BA16: =IF(DK16=0,"",DK16) | BC16: =IFERROR(RANK(BA16,BA$6:BA$115,0),"") | BF16: =IF(DM16=0,"",DM16) | BH16: =IFERROR(RANK(BF16,BF$6:BF$115,0),"") | BK16: =IF(DO16=0,"",DO16) | BM16: =IFERROR(RANK(BK16,BK$6:BK$115,0),"") | BP16: =IF(DQ16=0,"",DQ16) | BR16: =IFERROR(RANK(BP16,BP$6:BP$115,0),"") | BU16: =IF(DS16=0,"",DS16) | BW16: =IFERROR(RANK(BU16,BU$6:BU$115,0),"") | BZ16: =IF(DU16=0,"",DU16) | CB16: =IFERROR(RANK(BZ16,BZ$6:BZ$115,0),"") | CE16: =IF(DW16=0,"",DW16) | CG16: =IFERROR(RANK(CE16,CE$6:CE$115,0),"") | CJ16: =IF(DY16=0,"",DY16) | CL16: =IFERROR(RANK(CJ16,CJ$6:CJ$115,0),"") | CO16: =IF(EA16=0,"",EA16) | CQ16: =IFERROR(RANK(CO16,CO$6:CO$115,0),"") | CS16: 33 | CT16: =IFERROR(AVERAGE(OFFSET('Data - For Rank'!B$2,J16,0,COUNTIF($J$7:J$115,J16)))+IFERROR(VLOOKUP((COUNT($H$6:$H$115)/4),$ER$8:$ES$12,2,FALSE()),0),"") -> 14.5 | CV16: =IFERROR(AVERAGE(OFFSET('Data - For Rank'!$C$2,O16,0,COUNTIF(O$7:O$115,O16)))+IFERROR(VLOOKUP((COUNT(M$6:M$115)/4),$ER$8:$ES$12,2,FALSE()),0),"") | CX16: =IFERROR(AVERAGE(OFFSET('Data - For Rank'!D$2,T16,0,COUNTIF(T$7:T$115,T16)))+IFERROR(VLOOKUP((COUNT(R$6:R$115)/4),$ER$8:$ES$12,2,FALSE()),0),"") | CY16: 30 | CZ16: =IFERROR(AVERAGE(OFFSET('Data - For Rank'!E$2,Y16,0,COUNTIF(Y$7:Y$115,Y16)))+IFERROR(VLOOKUP((COUNT(W$6:W$115)/4),$ER$8:$ES$12,2,FALSE()),0),"") -> 11 | DA16: 31 | DB16: =IFERROR(AVERAGE(OFFSET('Data - For Rank'!F$2,AD16,0,COUNTIF(AD$7:AD$115,AD16)))+IFERROR(VLOOKUP((COUNT(AB$6:AB$115)/4),$ER$8:$ES$12,2,FALSE()),0),"") -> 11 | DD16: =IFERROR(AVERAGE(OFFSET('Data - For Rank'!G$2,AI16,0,COUNTIF(AI$7:AI$115,AI16)))+IFERROR(VLOOKUP((COUNT(AG$6:AG$115)/4),$ER$8:$ES$12,2,FALSE()),0),"") | DF16: =IFERROR(AVERAGE(OFFSET('Data - For Rank'!$H$2,AN16,0,COUNTIF(AN$7:AN$115,AN16)))+IFERROR(VLOOKUP((COUNT(AL$6:AL$115)/4),$ER$8:$ES$12,2,FALSE()),0),"") | DH16: =IFERROR(AVERAGE(OFFSET('Data - For Rank'!$I$2,AS16,0,COUNTIF(AS$7:AS$115,AS16)))+IFERROR(VLOOKUP((COUNT(AQ$6:AQ$115)/4),$ER$8:$ES$12,2,FALSE()),0),"") | DJ16: =IFERROR(AVERAGE(OFFSET('Data - For Rank'!$J$2,AX16,0,COUNTIF(AX$7:AX$115,AX16)))+IFERROR(VLOOKUP((COUNT(AV$6:AV$115)/4),$ER$8:$ES$12,2,FALSE()),0),"") | DL16: =IFERROR(AVERAGE(OFFSET('Data - For Rank'!$K$2,BC16,0,COUNTIF(BC$7:BC$115,BC16)))+IFERROR(VLOOKUP((COUNT(BA$6:BA$115)/4),$ER$8:$ES$12,2,FALSE()),0),"") | DN16: =IFERROR(AVERAGE(OFFSET('Data - For Rank'!$L$2,BH16,0,COUNTIF(BH$7:BH$115,BH16)))+IFERROR(VLOOKUP((COUNT(BF$6:BF$115)/4),$ER$8:$ES$12,2,FALSE()),0),"") | DP16: =IFERROR(AVERAGE(OFFSET('Data - For Rank'!$M$2,BM16,0,COUNTIF(BM$7:BM$115,BM16)))+IFERROR(VLOOKUP((COUNT(BK$6:BK$115)/4),$ER$8:$ES$12,2,FALSE()),0),"") | DR16: =IFERROR(AVERAGE(OFFSET('Data - For Rank'!$N$2,BR16,0,COUNTIF(BR$7:BR$115,BR16)))+IFERROR(VLOOKUP((COUNT(BP$6:BP$115)/4),$ER$8:$ES$12,2,FALSE()),0),"") | DT16: =IFERROR(AVERAGE(OFFSET('Data - For Rank'!$O$2,BW16,0,COUNTIF(BW$7:BW$115,BW16)))+IFERROR(VLOOKUP((COUNT(BU$6:BU$115)/4),$ER$8:$ES$12,2,FALSE()),0),"") | DV16: =IFERROR(AVERAGE(OFFSET('Data - For Rank'!$P$2,CB16,0,COUNTIF(CB$7:CB$115,CB16)))+IFERROR(VLOOKUP((COUNT(BZ$6:BZ$115)/4),$ER$8:$ES$12,2,FALSE()),0),"") | DX16: =IFERROR(AVERAGE(OFFSET('Data - For Rank'!$Q$2,CG16,0,COUNTIF(CG$7:CG$115,CG16)))+IFERROR(VLOOKUP((COUNT(CE$6:CE$115)/4),$ER$8:$ES$12,2,FALSE()),0),"") | DZ16: =IFERROR(AVERAGE(OFFSET('Data - For Rank'!$R$2,CL16,0,COUNTIF(CL$7:CL$115,CL16)))+IFERROR(VLOOKUP((COUNT(CJ$6:CJ$115)/4),$ER$8:$ES$12,2,FALSE()),0),"") | EB16: =IFERROR(AVERAGE(OFFSET('Data - For Rank'!$S$2,CQ16,0,COUNTIF(CQ$7:CQ$115,CQ16)))+IFERROR(VLOOKUP((COUNT(CO$6:CO$115)/4),$ER$8:$ES$12,2,FALSE()),0),"") | EC16: =AVERAGE(CS16,CU16,CW16,CY16,DA16,DC16,DE16,DG16,DI16,DK16,DM16,DO16,DQ16,DS16,DU16,DW16,DY16,EA16) -> 31.333333 | ED16: =AVERAGE(CT16,CV16,CX16,CZ16,DB16,DD16,DF16,DH16,DJ16,DL16,DN16,DP16,DR16,DT16,DV16,DX16,DZ16,EB16) -> 12.166667 | EM16: Basically, one point for every player and you take two from the top and the bottom
B17: =B15+0.024 -> 4.024 | D17: KC2 | E17: cash +/- | F17: =IF(COUNT(CT15:EB15)>10,SMALL(G15:CN15,COUNT(G15:CN15)-10),MIN(CT15:EB15)) -> 23 | I17: =IF(CS17=0,"",CS17) -> 5 | K17: =IFERROR(_xlfn.RANK.EQ(I17,I$6:I$115,0),"") -> 7 | N17: =IF(CU17=0,"",CU17) | P17: =IFERROR(_xlfn.RANK.EQ(N17,N$6:N$115,0),"") | S17: =IF(CW17=0,"",CW17) | U17: =IFERROR(_xlfn.RANK.EQ(S17,S$6:S$115,0),"") | X17: =IF(CY17=0,"",CY17) -> 41 | Z17: =IFERROR(_xlfn.RANK.EQ(X17,X$6:X$115,0),"") -> 2 | AC17: =IF(DA17=0,"",DA17) -> 8 | AE17: =IFERROR(_xlfn.RANK.EQ(AC17,AC$6:AC$115,0),"") -> 6 | AH17: =IF(DC17=0,"",DC17) | AJ17: =IFERROR(_xlfn.RANK.EQ(AH17,AH$6:AH$115,0),"") | AM17: =IF(DE17=0,"",DE17) | AO17: =IFERROR(_xlfn.RANK.EQ(AM17,AM$6:AM$115,0),"") | AR17: =IF(DG17=0,"",DG17) | AT17: =IFERROR(_xlfn.RANK.EQ(AR17,AR$6:AR$115,0),"") | AW17: =IF(DI17=0,"",DI17) | AY17: =IFERROR(_xlfn.RANK.EQ(AW17,AW$6:AW$115,0),"") | BB17: =IF(DK17=0,"",DK17) | BD17: =IFERROR(_xlfn.RANK.EQ(BB17,BB$6:BB$115,0),"") | BG17: =IF(DM17=0,"",DM17) | BI17: =IFERROR(_xlfn.RANK.EQ(BG17,BG$6:BG$115,0),"") | BL17: =IF(DO17=0,"",DO17) | BN17: =IFERROR(_xlfn.RANK.EQ(BL17,BL$6:BL$115,0),"") | BQ17: =IF(DQ17=0,"",DQ17) | BS17: =IFERROR(_xlfn.RANK.EQ(BQ17,BQ$6:BQ$115,0),"") | BV17: =IF(DS17=0,"",DS17) | BX17: =IFERROR(_xlfn.RANK.EQ(BV17,BV$6:BV$115,0),"") | CA17: =IF(DU17=0,"",DU17) | CC17: =IFERROR(_xlfn.RANK.EQ(CA17,CA$6:CA$115,0),"") | CF17: =IF(DW17=0,"",DW17) | CH17: =IFERROR(_xlfn.RANK.EQ(CF17,CF$6:CF$115,0),"") | CK17: =IF(DY17=0,"",DY17) | CM17: =IFERROR(_xlfn.RANK.EQ(CK17,CK$6:CK$115,0),"") | CP17: =IF(EA17=0,"",EA17) | CR17: =IFERROR(_xlfn.RANK.EQ(CP17,CP$6:CP$115,0),"") | CS17: 5 | CT17: =IFERROR(AVERAGE(OFFSET('Data - For Rank'!B$2,K17,0,COUNTIF(K$6:K$115,K17)))+IFERROR(VLOOKUP((COUNT($I$6:$I$115)/4),$ER$8:$ES$12,2,FALSE()),0),"") -> 12 | CV17: =IFERROR(AVERAGE(OFFSET('Data - For Rank'!$C$2,P17,0,COUNTIF(P$6:P$115,P17)))+IFERROR(VLOOKUP((COUNT(N$6:N$115)/4),$ER$8:$ES$12,2,FALSE()),0),"") | CX17: =IFERROR(AVERAGE(OFFSET('Data - For Rank'!D$2,U17,0,COUNTIF(U$6:$U124,U17)))+IFERROR(VLOOKUP((COUNT(S$6:S$115)/4),$ER$8:$ES$12,2,FALSE()),0),"") | CY17: 41 | CZ17: =IFERROR(AVERAGE(OFFSET('Data - For Rank'!E$2,Z17,0,COUNTIF(Z$6:Z$115,Z17)))+IFERROR(VLOOKUP((COUNT(W$6:W$115)/4),$ER$8:$ES$12,2,FALSE()),0),"") -> 13 | DA17: 8 | DB17: =IFERROR(AVERAGE(OFFSET('Data - For Rank'!F$2,AE17,0,COUNTIF(AE$6:AE$115,AE17)))+IFERROR(VLOOKUP((COUNT(AC$6:AC$115)/4),$ER$8:$ES$12,2,FALSE()),0),"") -> 12 | DD17: =IFERROR(AVERAGE(OFFSET('Data - For Rank'!G$2,AJ17,0,COUNTIF(AJ$6:AJ$115,AJ17)))+IFERROR(VLOOKUP((COUNT(AH$6:AH$115)/4),$ER$8:$ES$12,2,FALSE()),0),"") | DF17: =IFERROR(AVERAGE(OFFSET('Data - For Rank'!$H$2,AO17,0,COUNTIF(AO$6:AO$115,AO17)))+IFERROR(VLOOKUP((COUNT(AM$6:AM$115)/4),$ER$8:$ES$12,2,FALSE()),0),"") | DH17: =IFERROR(AVERAGE(OFFSET('Data - For Rank'!$I$2,AT17,0,COUNTIF(AT$6:AT$115,AT17)))+IFERROR(VLOOKUP((COUNT(AR$6:AR$115)/4),$ER$8:$ES$12,2,FALSE()),0),"") | DJ17: =IFERROR(AVERAGE(OFFSET('Data - For Rank'!$J$2,AY17,0,COUNTIF(AY$6:AY$115,AY17)))+IFERROR(VLOOKUP((COUNT(AW$6:AW$115)/4),$ER$8:$ES$12,2,FALSE()),0),"") | DL17: =IFERROR(AVERAGE(OFFSET('Data - For Rank'!$K$2,BD17,0,COUNTIF(BD$6:BD$115,BD17)))+IFERROR(VLOOKUP((COUNT(BB$6:BB$115)/4),$ER$8:$ES$12,2,FALSE()),0),"") | DN17: =IFERROR(AVERAGE(OFFSET('Data - For Rank'!$L$2,BI17,0,COUNTIF(BI$6:BI$115,BI17)))+IFERROR(VLOOKUP((COUNT(BG$6:BG$115)/4),$ER$8:$ES$12,2,FALSE()),0),"") | DP17: =IFERROR(AVERAGE(OFFSET('Data - For Rank'!$M$2,BN17,0,COUNTIF(BN$6:BN$115,BN17)))+IFERROR(VLOOKUP((COUNT(BL$6:BL$115)/4),$ER$8:$ES$12,2,FALSE()),0),"") | DR17: =IFERROR(AVERAGE(OFFSET('Data - For Rank'!$N$2,BS17,0,COUNTIF(BS$6:BS$115,BS17)))+IFERROR(VLOOKUP((COUNT(BQ$6:BQ$115)/4),$ER$8:$ES$12,2,FALSE()),0),"") | DT17: =IFERROR(AVERAGE(OFFSET('Data - For Rank'!$O$2,BX17,0,COUNTIF(BX$6:BX$115,BX17)))+IFERROR(VLOOKUP((COUNT(BV$6:BV$115)/4),$ER$8:$ES$12,2,FALSE()),0),"") | DV17: =IFERROR(AVERAGE(OFFSET('Data - For Rank'!$P$2,CC17,0,COUNTIF(CC$6:CC$115,CC17)))+IFERROR(VLOOKUP((COUNT(CA$6:CA$115)/4),$ER$8:$ES$12,2,FALSE()),0),"") | DX17: =IFERROR(AVERAGE(OFFSET('Data - For Rank'!$Q$2,CH17,0,COUNTIF(CH$6:CH$115,CH17)))+IFERROR(VLOOKUP((COUNT(CF$6:CF$115)/4),$ER$8:$ES$12,2,FALSE()),0),"") | DZ17: =IFERROR(AVERAGE(OFFSET('Data - For Rank'!$R$2,CM17,0,COUNTIF(CM$6:CM$115,CM17)))+IFERROR(VLOOKUP((COUNT(CK$6:CK$115)/4),$ER$8:$ES$12,2,FALSE()),0),"") | EB17: =IFERROR(AVERAGE(OFFSET('Data - For Rank'!$S$2,CR17,0,COUNTIF(CR$6:CR$115,CR17)))+IFERROR(VLOOKUP((COUNT(CP$6:CP$115)/4),$ER$8:$ES$12,2,FALSE()),0),"") | EC17: =CS17+CU17+CW17+CY17+DA17+DC17+DE17+DG17+DI17+DK17+DM17+DO17+DQ17+DS17+DU17+DW17+DY17+EA17 -> 54 | ED17: =AVERAGE(CT17,CV17,CX17,CZ17,DB17,DD17,DF17,DH17,DJ17,DL17,DN17,DP17,DR17,DT17,DV17,DX17,DZ17,EB17) -> 12.333333
B18: =_xlfn.RANK.EQ(C18,$C$6:$C$63,) -> 4 | C18: =EC18 -> 73.5 | D18: BM | E18: Ben McGinnis | F18: =COUNT(CT18,CV18,CX18,CZ18,DB18,DD18,DF18,DH18,DJ18,DL18,DN18,DP18,DR18,DT18,DV18,DX18,DZ18,EB18) -> 3 | G18: =IF(CT18=0,"",CT18) -> 23 | L18: =IF(CV18=0,"",CV18) | Q18: =IF(CX18=0,"",CX18) | V18: =IF(CZ18=0,"",CZ18) -> 21.5 | AA18: =IF(DB18=0,"",DB18) -> 29 | AF18: =IF(DD18=0,"",DD18) | AK18: =IF(DF18=0,"",DF18) | AP18: =IF(DH18=0,"",DH18) | AU18: =IF(DJ18=0,"",DJ18) | AZ18: =IF(DL18=0,"",DL18) | BE18: =IF(DN18=0,"",DN18) | BJ18: =IF(DP18=0,"",DP18) | BO18: =IF(DR18=0,"",DR18) | BT18: =IF(DT18=0,"",DT18) | BY18: =IF(DV18=0,"",DV18) | CD18: =IF(DX18=0,"",DX18) | CI18: =IF(DZ18=0,"",DZ18) | CN18: =IF(EB18=0,"",EB18) | CS18: 80 | CT18: =IFERROR(CT19+CT20,"") -> 23 | CV18: =IFERROR(CV19+CV20,"") | CX18: =IFERROR(CX19+CX20,"") | CY18: 81 | CZ18: =IFERROR(CZ19+CZ20,"") -> 21.5 | DA18: 83 | DB18: =IFERROR(DB19+DB20,"") -> 29 | DD18: =IFERROR(DD19+DD20,"") | DF18: =IFERROR(DF19+DF20,"") | DH18: =IFERROR(DH19+DH20,"") | DJ18: =IFERROR(DJ19+DJ20,"") | DL18: =IFERROR(DL19+DL20,"") | DN18: =IFERROR(DN19+DN20,"") | DP18: =IFERROR(DP19+DP20,"") | DR18: =IFERROR(DR19+DR20,"") | DT18: =IFERROR(DT19+DT20,"") | DV18: =IFERROR(DV19+DV20,"") | DX18: =IFERROR(DX19+DX20,"") | DZ18: =IFERROR(DZ19+DZ20,"") | EB18: =IFERROR(EB19+EB20,"") | EC18: =IFERROR(LARGE($G18:$CN18,1),0)+IFERROR(LARGE($G18:$CN18,2),0)+IFERROR(LARGE($G18:$CN18,3),0)+IFERROR(LARGE($G18:$CN18,4),0)+IFERROR(LARGE($G18:$CN18,5),0)+IFERROR(LARGE($G18:$CN18,6),0)+IFERROR(LARGE($G18:$CN18,7),0)+IFERROR(LARGE($G18:$CN18,8),0)+IFERROR(LARGE($G18:$CN18,9),0)+IFERROR(LARGE($G18:$CN18,10),0) -> 73.5 | ED18: =AVERAGE(CT18,CV18,CX18,CZ18,DB18,DD18,DF18,DH18,DJ18,DL18,DN18,DP18,DR18,DT18,DV18,DX18,DZ18,EB18) -> 24.5
B19: =B18+0.15 -> 4.15 | D19: BM1 | E19: Harvey Points | H19: =IF(CS19=0,"",CS19) -> 34 | J19: =IFERROR(RANK(H19,H$6:H$115,0),"") -> 3 | M19: =IF(CU19=0,"",CU19) | O19: =IFERROR(RANK(M19,M$6:M$115,0),"") | R19: =IF(CW19=0,"",CW19) | T19: =IFERROR(RANK(R19,R$6:R$115,0),"") | W19: =IF(CY19=0,"",CY19) -> 32 | Y19: =IFERROR(RANK(W19,W$6:W$115,0),"") -> 2 | AB19: =IF(DA19=0,"",DA19) -> 33 | AD19: =IFERROR(RANK(AB19,AB$6:AB$115,0),"") -> 4 | AG19: =IF(DC19=0,"",DC19) | AI19: =IFERROR(RANK(AG19,AG$6:AG$115,0),"") | AL19: =IF(DE19=0,"",DE19) | AN19: =IFERROR(RANK(AL19,AL$6:AL$115,0),"") | AQ19: =IF(DG19=0,"",DG19) | AS19: =IFERROR(RANK(AQ19,AQ$6:AQ$115,0),"") | AV19: =IF(DI19=0,"",DI19) | AX19: =IFERROR(RANK(AV19,AV$6:AV$115,0),"") | BA19: =IF(DK19=0,"",DK19) | BC19: =IFERROR(RANK(BA19,BA$6:BA$115,0),"") | BF19: =IF(DM19=0,"",DM19) | BH19: =IFERROR(RANK(BF19,BF$6:BF$115,0),"") | BK19: =IF(DO19=0,"",DO19) | BM19: =IFERROR(RANK(BK19,BK$6:BK$115,0),"") | BP19: =IF(DQ19=0,"",DQ19) | BR19: =IFERROR(RANK(BP19,BP$6:BP$115,0),"") | BU19: =IF(DS19=0,"",DS19) | BW19: =IFERROR(RANK(BU19,BU$6:BU$115,0),"") | BZ19: =IF(DU19=0,"",DU19) | CB19: =IFERROR(RANK(BZ19,BZ$6:BZ$115,0),"") | CE19: =IF(DW19=0,"",DW19) | CG19: =IFERROR(RANK(CE19,CE$6:CE$115,0),"") | CJ19: =IF(DY19=0,"",DY19) | CL19: =IFERROR(RANK(CJ19,CJ$6:CJ$115,0),"") | CO19: =IF(EA19=0,"",EA19) | CQ19: =IFERROR(RANK(CO19,CO$6:CO$115,0),"") | CS19: 34 | CT19: =IFERROR(AVERAGE(OFFSET('Data - For Rank'!B$2,J19,0,COUNTIF($J$7:J$115,J19)))+IFERROR(VLOOKUP((COUNT($H$6:$H$115)/4),$ER$8:$ES$12,2,FALSE()),0),"") -> 16 | CV19: =IFERROR(AVERAGE(OFFSET('Data - For Rank'!$C$2,O19,0,COUNTIF(O$7:O$115,O19)))+IFERROR(VLOOKUP((COUNT(M$6:M$115)/4),$ER$8:$ES$12,2,FALSE()),0),"") | CX19: =IFERROR(AVERAGE(OFFSET('Data - For Rank'!D$2,T19,0,COUNTIF(T$7:T$115,T19)))+IFERROR(VLOOKUP((COUNT(R$6:R$115)/4),$ER$8:$ES$12,2,FALSE()),0),"") | CY19: 32 | CZ19: =IFERROR(AVERAGE(OFFSET('Data - For Rank'!E$2,Y19,0,COUNTIF(Y$7:Y$115,Y19)))+IFERROR(VLOOKUP((COUNT(W$6:W$115)/4),$ER$8:$ES$12,2,FALSE()),0),"") -> 12.5 | DA19: 33 | DB19: =IFERROR(AVERAGE(OFFSET('Data - For Rank'!F$2,AD19,0,COUNTIF(AD$7:AD$115,AD19)))+IFERROR(VLOOKUP((COUNT(AB$6:AB$115)/4),$ER$8:$ES$12,2,FALSE()),0),"") -> 14 | DD19: =IFERROR(AVERAGE(OFFSET('Data - For Rank'!G$2,AI19,0,COUNTIF(AI$7:AI$115,AI19)))+IFERROR(VLOOKUP((COUNT(AG$6:AG$115)/4),$ER$8:$ES$12,2,FALSE()),0),"") | DF19: =IFERROR(AVERAGE(OFFSET('Data - For Rank'!$H$2,AN19,0,COUNTIF(AN$7:AN$115,AN19)))+IFERROR(VLOOKUP((COUNT(AL$6:AL$115)/4),$ER$8:$ES$12,2,FALSE()),0),"") | DH19: =IFERROR(AVERAGE(OFFSET('Data - For Rank'!$I$2,AS19,0,COUNTIF(AS$7:AS$115,AS19)))+IFERROR(VLOOKUP((COUNT(AQ$6:AQ$115)/4),$ER$8:$ES$12,2,FALSE()),0),"") | DJ19: =IFERROR(AVERAGE(OFFSET('Data - For Rank'!$J$2,AX19,0,COUNTIF(AX$7:AX$115,AX19)))+IFERROR(VLOOKUP((COUNT(AV$6:AV$115)/4),$ER$8:$ES$12,2,FALSE()),0),"") | DL19: =IFERROR(AVERAGE(OFFSET('Data - For Rank'!$K$2,BC19,0,COUNTIF(BC$7:BC$115,BC19)))+IFERROR(VLOOKUP((COUNT(BA$6:BA$115)/4),$ER$8:$ES$12,2,FALSE()),0),"") | DN19: =IFERROR(AVERAGE(OFFSET('Data - For Rank'!$L$2,BH19,0,COUNTIF(BH$7:BH$115,BH19)))+IFERROR(VLOOKUP((COUNT(BF$6:BF$115)/4),$ER$8:$ES$12,2,FALSE()),0),"") | DP19: =IFERROR(AVERAGE(OFFSET('Data - For Rank'!$M$2,BM19,0,COUNTIF(BM$7:BM$115,BM19)))+IFERROR(VLOOKUP((COUNT(BK$6:BK$115)/4),$ER$8:$ES$12,2,FALSE()),0),"") | DR19: =IFERROR(AVERAGE(OFFSET('Data - For Rank'!$N$2,BR19,0,COUNTIF(BR$7:BR$115,BR19)))+IFERROR(VLOOKUP((COUNT(BP$6:BP$115)/4),$ER$8:$ES$12,2,FALSE()),0),"") | DT19: =IFERROR(AVERAGE(OFFSET('Data - For Rank'!$O$2,BW19,0,COUNTIF(BW$7:BW$115,BW19)))+IFERROR(VLOOKUP((COUNT(BU$6:BU$115)/4),$ER$8:$ES$12,2,FALSE()),0),"") | DV19: =IFERROR(AVERAGE(OFFSET('Data - For Rank'!$P$2,CB19,0,COUNTIF(CB$7:CB$115,CB19)))+IFERROR(VLOOKUP((COUNT(BZ$6:BZ$115)/4),$ER$8:$ES$12,2,FALSE()),0),"") | DX19: =IFERROR(AVERAGE(OFFSET('Data - For Rank'!$Q$2,CG19,0,COUNTIF(CG$7:CG$115,CG19)))+IFERROR(VLOOKUP((COUNT(CE$6:CE$115)/4),$ER$8:$ES$12,2,FALSE()),0),"") | DZ19: =IFERROR(AVERAGE(OFFSET('Data - For Rank'!$R$2,CL19,0,COUNTIF(CL$7:CL$115,CL19)))+IFERROR(VLOOKUP((COUNT(CJ$6:CJ$115)/4),$ER$8:$ES$12,2,FALSE()),0),"") | EB19: =IFERROR(AVERAGE(OFFSET('Data - For Rank'!$S$2,CQ19,0,COUNTIF(CQ$7:CQ$115,CQ19)))+IFERROR(VLOOKUP((COUNT(CO$6:CO$115)/4),$ER$8:$ES$12,2,FALSE()),0),"") | EC19: =AVERAGE(CS19,CU19,CW19,CY19,DA19,DC19,DE19,DG19,DI19,DK19,DM19,DO19,DQ19,DS19,DU19,DW19,DY19,EA19) -> 33 | ED19: =AVERAGE(CT19,CV19,CX19,CZ19,DB19,DD19,DF19,DH19,DJ19,DL19,DN19,DP19,DR19,DT19,DV19,DX19,DZ19,EB19) -> 14.166667
B20: =B18+0.025 -> 4.025 | D20: BM2 | E20: cash +/- | F20: =IF(COUNT(CT18:EB18)>10,SMALL(G18:CN18,COUNT(G18:CN18)-10),MIN(CT18:EB18)) -> 21.5 | I20: =IF(CS20=0,"",CS20) -> -10 | K20: =IFERROR(_xlfn.RANK.EQ(I20,I$6:I$115,0),"") -> 12 | N20: =IF(CU20=0,"",CU20) | P20: =IFERROR(_xlfn.RANK.EQ(N20,N$6:N$115,0),"") | S20: =IF(CW20=0,"",CW20) | U20: =IFERROR(_xlfn.RANK.EQ(S20,S$6:S$115,0),"") | X20: =IF(CY20=0,"",CY20) -> -15 | Z20: =IFERROR(_xlfn.RANK.EQ(X20,X$6:X$115,0),"") -> 6 | AC20: =IF(DA20=0,"",DA20) -> 20 | AE20: =IFERROR(_xlfn.RANK.EQ(AC20,AC$6:AC$115,0),"") -> 4 | AH20: =IF(DC20=0,"",DC20) | AJ20: =IFERROR(_xlfn.RANK.EQ(AH20,AH$6:AH$115,0),"") | AM20: =IF(DE20=0,"",DE20) | AO20: =IFERROR(_xlfn.RANK.EQ(AM20,AM$6:AM$115,0),"") | AR20: =IF(DG20=0,"",DG20) | AT20: =IFERROR(_xlfn.RANK.EQ(AR20,AR$6:AR$115,0),"") | AW20: =IF(DI20=0,"",DI20) | AY20: =IFERROR(_xlfn.RANK.EQ(AW20,AW$6:AW$115,0),"") | BB20: =IF(DK20=0,"",DK20) | BD20: =IFERROR(_xlfn.RANK.EQ(BB20,BB$6:BB$115,0),"") | BG20: =IF(DM20=0,"",DM20) | BI20: =IFERROR(_xlfn.RANK.EQ(BG20,BG$6:BG$115,0),"") | BL20: =IF(DO20=0,"",DO20) | BN20: =IFERROR(_xlfn.RANK.EQ(BL20,BL$6:BL$115,0),"") | BQ20: =IF(DQ20=0,"",DQ20) | BS20: =IFERROR(_xlfn.RANK.EQ(BQ20,BQ$6:BQ$115,0),"") | BV20: =IF(DS20=0,"",DS20) | BX20: =IFERROR(_xlfn.RANK.EQ(BV20,BV$6:BV$115,0),"") | CA20: =IF(DU20=0,"",DU20) | CC20: =IFERROR(_xlfn.RANK.EQ(CA20,CA$6:CA$115,0),"") | CF20: =IF(DW20=0,"",DW20) | CH20: =IFERROR(_xlfn.RANK.EQ(CF20,CF$6:CF$115,0),"") | CK20: =IF(DY20=0,"",DY20) | CM20: =IFERROR(_xlfn.RANK.EQ(CK20,CK$6:CK$115,0),"") | CP20: =IF(EA20=0,"",EA20) | CR20: =IFERROR(_xlfn.RANK.EQ(CP20,CP$6:CP$115,0),"") | CS20: -10 | CT20: =IFERROR(AVERAGE(OFFSET('Data - For Rank'!B$2,K20,0,COUNTIF(K$6:K$115,K20)))+IFERROR(VLOOKUP((COUNT($I$6:$I$115)/4),$ER$8:$ES$12,2,FALSE()),0),"") -> 7 | CV20: =IFERROR(AVERAGE(OFFSET('Data - For Rank'!$C$2,P20,0,COUNTIF(P$6:P$115,P20)))+IFERROR(VLOOKUP((COUNT(N$6:N$115)/4),$ER$8:$ES$12,2,FALSE()),0),"") | CX20: =IFERROR(AVERAGE(OFFSET('Data - For Rank'!D$2,U20,0,COUNTIF(U$6:$U127,U20)))+IFERROR(VLOOKUP((COUNT(S$6:S$115)/4),$ER$8:$ES$12,2,FALSE()),0),"") | CY20: -15 | CZ20: =IFERROR(AVERAGE(OFFSET('Data - For Rank'!E$2,Z20,0,COUNTIF(Z$6:Z$115,Z20)))+IFERROR(VLOOKUP((COUNT(W$6:W$115)/4),$ER$8:$ES$12,2,FALSE()),0),"") -> 9 | DA20: 20 | DB20: =IFERROR(AVERAGE(OFFSET('Data - For Rank'!F$2,AE20,0,COUNTIF(AE$6:AE$115,AE20)))+IFERROR(VLOOKUP((COUNT(AC$6:AC$115)/4),$ER$8:$ES$12,2,FALSE()),0),"") -> 15 | DD20: =IFERROR(AVERAGE(OFFSET('Data - For Rank'!G$2,AJ20,0,COUNTIF(AJ$6:AJ$115,AJ20)))+IFERROR(VLOOKUP((COUNT(AH$6:AH$115)/4),$ER$8:$ES$12,2,FALSE()),0),"") | DF20: =IFERROR(AVERAGE(OFFSET('Data - For Rank'!$H$2,AO20,0,COUNTIF(AO$6:AO$115,AO20)))+IFERROR(VLOOKUP((COUNT(AM$6:AM$115)/4),$ER$8:$ES$12,2,FALSE()),0),"") | DH20: =IFERROR(AVERAGE(OFFSET('Data - For Rank'!$I$2,AT20,0,COUNTIF(AT$6:AT$115,AT20)))+IFERROR(VLOOKUP((COUNT(AR$6:AR$115)/4),$ER$8:$ES$12,2,FALSE()),0),"") | DJ20: =IFERROR(AVERAGE(OFFSET('Data - For Rank'!$J$2,AY20,0,COUNTIF(AY$6:AY$115,AY20)))+IFERROR(VLOOKUP((COUNT(AW$6:AW$115)/4),$ER$8:$ES$12,2,FALSE()),0),"") | DL20: =IFERROR(AVERAGE(OFFSET('Data - For Rank'!$K$2,BD20,0,COUNTIF(BD$6:BD$115,BD20)))+IFERROR(VLOOKUP((COUNT(BB$6:BB$115)/4),$ER$8:$ES$12,2,FALSE()),0),"") | DN20: =IFERROR(AVERAGE(OFFSET('Data - For Rank'!$L$2,BI20,0,COUNTIF(BI$6:BI$115,BI20)))+IFERROR(VLOOKUP((COUNT(BG$6:BG$115)/4),$ER$8:$ES$12,2,FALSE()),0),"") | DP20: =IFERROR(AVERAGE(OFFSET('Data - For Rank'!$M$2,BN20,0,COUNTIF(BN$6:BN$115,BN20)))+IFERROR(VLOOKUP((COUNT(BL$6:BL$115)/4),$ER$8:$ES$12,2,FALSE()),0),"") | DR20: =IFERROR(AVERAGE(OFFSET('Data - For Rank'!$N$2,BS20,0,COUNTIF(BS$6:BS$115,BS20)))+IFERROR(VLOOKUP((COUNT(BQ$6:BQ$115)/4),$ER$8:$ES$12,2,FALSE()),0),"") | DT20: =IFERROR(AVERAGE(OFFSET('Data - For Rank'!$O$2,BX20,0,COUNTIF(BX$6:BX$115,BX20)))+IFERROR(VLOOKUP((COUNT(BV$6:BV$115)/4),$ER$8:$ES$12,2,FALSE()),0),"") | DV20: =IFERROR(AVERAGE(OFFSET('Data - For Rank'!$P$2,CC20,0,COUNTIF(CC$6:CC$115,CC20)))+IFERROR(VLOOKUP((COUNT(CA$6:CA$115)/4),$ER$8:$ES$12,2,FALSE()),0),"") | DX20: =IFERROR(AVERAGE(OFFSET('Data - For Rank'!$Q$2,CH20,0,COUNTIF(CH$6:CH$115,CH20)))+IFERROR(VLOOKUP((COUNT(CF$6:CF$115)/4),$ER$8:$ES$12,2,FALSE()),0),"") | DZ20: =IFERROR(AVERAGE(OFFSET('Data - For Rank'!$R$2,CM20,0,COUNTIF(CM$6:CM$115,CM20)))+IFERROR(VLOOKUP((COUNT(CK$6:CK$115)/4),$ER$8:$ES$12,2,FALSE()),0),"") | EB20: =IFERROR(AVERAGE(OFFSET('Data - For Rank'!$S$2,CR20,0,COUNTIF(CR$6:CR$115,CR20)))+IFERROR(VLOOKUP((COUNT(CP$6:CP$115)/4),$ER$8:$ES$12,2,FALSE()),0),"") | EC20: =CS20+CU20+CW20+CY20+DA20+DC20+DE20+DG20+DI20+DK20+DM20+DO20+DQ20+DS20+DU20+DW20+DY20+EA20 -> -5 | ED20: =AVERAGE(CT20,CV20,CX20,CZ20,DB20,DD20,DF20,DH20,DJ20,DL20,DN20,DP20,DR20,DT20,DV20,DX20,DZ20,EB20) -> 10.333333 | EM20: Count the rounds and divide by 4 to determine the points
B21: =_xlfn.RANK.EQ(C21,$C$6:$C$63,) -> 6 | C21: =EC21 -> 70 | D21: SP | E21: Scotty Pierson | F21: =COUNT(CT21,CV21,CX21,CZ21,DB21,DD21,DF21,DH21,DJ21,DL21,DN21,DP21,DR21,DT21,DV21,DX21,DZ21,EB21) -> 3 | G21: =IF(CT21=0,"",CT21) -> 27 | L21: =IF(CV21=0,"",CV21) | Q21: =IF(CX21=0,"",CX21) -> 31 | V21: =IF(CZ21=0,"",CZ21) | AA21: =IF(DB21=0,"",DB21) -> 12 | AF21: =IF(DD21=0,"",DD21) | AK21: =IF(DF21=0,"",DF21) | AP21: =IF(DH21=0,"",DH21) | AU21: =IF(DJ21=0,"",DJ21) | AZ21: =IF(DL21=0,"",DL21) | BE21: =IF(DN21=0,"",DN21) | BJ21: =IF(DP21=0,"",DP21) | BO21: =IF(DR21=0,"",DR21) | BT21: =IF(DT21=0,"",DT21) | BY21: =IF(DV21=0,"",DV21) | CD21: =IF(DX21=0,"",DX21) | CI21: =IF(DZ21=0,"",DZ21) | CN21: =IF(EB21=0,"",EB21) | CS21: 96 | CT21: =IFERROR(CT22+CT23,"") -> 27 | CV21: =IFERROR(CV22+CV23,"") | CW21: 89 | CX21: =IFERROR(CX22+CX23,"") -> 31 | CZ21: =IFERROR(CZ22+CZ23,"") | DA21: 100 | DB21: =IFERROR(DB22+DB23,"") -> 12 | DD21: =IFERROR(DD22+DD23,"") | DF21: =IFERROR(DF22+DF23,"") | DH21: =IFERROR(DH22+DH23,"") | DJ21: =IFERROR(DJ22+DJ23,"") | DL21: =IFERROR(DL22+DL23,"") | DN21: =IFERROR(DN22+DN23,"") | DP21: =IFERROR(DP22+DP23,"") | DR21: =IFERROR(DR22+DR23,"") | DT21: =IFERROR(DT22+DT23,"") | DV21: =IFERROR(DV22+DV23,"") | DX21: =IFERROR(DX22+DX23,"") | DZ21: =IFERROR(DZ22+DZ23,"") | EB21: =IFERROR(EB22+EB23,"") | EC21: =IFERROR(LARGE($G21:$CN21,1),0)+IFERROR(LARGE($G21:$CN21,2),0)+IFERROR(LARGE($G21:$CN21,3),0)+IFERROR(LARGE($G21:$CN21,4),0)+IFERROR(LARGE($G21:$CN21,5),0)+IFERROR(LARGE($G21:$CN21,6),0)+IFERROR(LARGE($G21:$CN21,7),0)+IFERROR(LARGE($G21:$CN21,8),0)+IFERROR(LARGE($G21:$CN21,9),0)+IFERROR(LARGE($G21:$CN21,10),0) -> 70 | ED21: =AVERAGE(CT21,CV21,CX21,CZ21,DB21,DD21,DF21,DH21,DJ21,DL21,DN21,DP21,DR21,DT21,DV21,DX21,DZ21,EB21) -> 23.333333 | EM21: Rank the scores and add the points based on count above.
B22: =B21+0.16 -> 6.16 | D22: SP1 | E22: Harvey Points | H22: =IF(CS22=0,"",CS22) -> 31 | J22: =IFERROR(RANK(H22,H$6:H$115,0),"") -> 8 | M22: =IF(CU22=0,"",CU22) | O22: =IFERROR(RANK(M22,M$6:M$115,0),"") | R22: =IF(CW22=0,"",CW22) -> 40 | T22: =IFERROR(RANK(R22,R$6:R$115,0),"") -> 1 | W22: =IF(CY22=0,"",CY22) | Y22: =IFERROR(RANK(W22,W$6:W$115,0),"") | AB22: =IF(DA22=0,"",DA22) -> 27 | AD22: =IFERROR(RANK(AB22,AB$6:AB$115,0),"") -> 12 | AG22: =IF(DC22=0,"",DC22) | AI22: =IFERROR(RANK(AG22,AG$6:AG$115,0),"") | AL22: =IF(DE22=0,"",DE22) | AN22: =IFERROR(RANK(AL22,AL$6:AL$115,0),"") | AQ22: =IF(DG22=0,"",DG22) | AS22: =IFERROR(RANK(AQ22,AQ$6:AQ$115,0),"") | AV22: =IF(DI22=0,"",DI22) | AX22: =IFERROR(RANK(AV22,AV$6:AV$115,0),"") | BA22: =IF(DK22=0,"",DK22) | BC22: =IFERROR(RANK(BA22,BA$6:BA$115,0),"") | BF22: =IF(DM22=0,"",DM22) | BH22: =IFERROR(RANK(BF22,BF$6:BF$115,0),"") | BK22: =IF(DO22=0,"",DO22) | BM22: =IFERROR(RANK(BK22,BK$6:BK$115,0),"") | BP22: =IF(DQ22=0,"",DQ22) | BR22: =IFERROR(RANK(BP22,BP$6:BP$115,0),"") | BU22: =IF(DS22=0,"",DS22) | BW22: =IFERROR(RANK(BU22,BU$6:BU$115,0),"") | BZ22: =IF(DU22=0,"",DU22) | CB22: =IFERROR(RANK(BZ22,BZ$6:BZ$115,0),"") | CE22: =IF(DW22=0,"",DW22) | CG22: =IFERROR(RANK(CE22,CE$6:CE$115,0),"") | CJ22: =IF(DY22=0,"",DY22) | CL22: =IFERROR(RANK(CJ22,CJ$6:CJ$115,0),"") | CO22: =IF(EA22=0,"",EA22) | CQ22: =IFERROR(RANK(CO22,CO$6:CO$115,0),"") | CS22: 31 | CT22: =IFERROR(AVERAGE(OFFSET('Data - For Rank'!B$2,J22,0,COUNTIF($J$7:J$115,J22)))+IFERROR(VLOOKUP((COUNT($H$6:$H$115)/4),$ER$8:$ES$12,2,FALSE()),0),"") -> 10 | CV22: =IFERROR(AVERAGE(OFFSET('Data - For Rank'!$C$2,O22,0,COUNTIF(O$7:O$115,O22)))+IFERROR(VLOOKUP((COUNT(M$6:M$115)/4),$ER$8:$ES$12,2,FALSE()),0),"") | CW22: 40 | CX22: =IFERROR(AVERAGE(OFFSET('Data - For Rank'!D$2,T22,0,COUNTIF(T$7:T$115,T22)))+IFERROR(VLOOKUP((COUNT(R$6:R$115)/4),$ER$8:$ES$12,2,FALSE()),0),"") -> 16 | CZ22: =IFERROR(AVERAGE(OFFSET('Data - For Rank'!E$2,Y22,0,COUNTIF(Y$7:Y$115,Y22)))+IFERROR(VLOOKUP((COUNT(W$6:W$115)/4),$ER$8:$ES$12,2,FALSE()),0),"") | DA22: 27 | DB22: =IFERROR(AVERAGE(OFFSET('Data - For Rank'!F$2,AD22,0,COUNTIF(AD$7:AD$115,AD22)))+IFERROR(VLOOKUP((COUNT(AB$6:AB$115)/4),$ER$8:$ES$12,2,FALSE()),0),"") -> 7 | DD22: =IFERROR(AVERAGE(OFFSET('Data - For Rank'!G$2,AI22,0,COUNTIF(AI$7:AI$115,AI22)))+IFERROR(VLOOKUP((COUNT(AG$6:AG$115)/4),$ER$8:$ES$12,2,FALSE()),0),"") | DF22: =IFERROR(AVERAGE(OFFSET('Data - For Rank'!$H$2,AN22,0,COUNTIF(AN$7:AN$115,AN22)))+IFERROR(VLOOKUP((COUNT(AL$6:AL$115)/4),$ER$8:$ES$12,2,FALSE()),0),"") | DH22: =IFERROR(AVERAGE(OFFSET('Data - For Rank'!$I$2,AS22,0,COUNTIF(AS$7:AS$115,AS22)))+IFERROR(VLOOKUP((COUNT(AQ$6:AQ$115)/4),$ER$8:$ES$12,2,FALSE()),0),"") | DJ22: =IFERROR(AVERAGE(OFFSET('Data - For Rank'!$J$2,AX22,0,COUNTIF(AX$7:AX$115,AX22)))+IFERROR(VLOOKUP((COUNT(AV$6:AV$115)/4),$ER$8:$ES$12,2,FALSE()),0),"") | DL22: =IFERROR(AVERAGE(OFFSET('Data - For Rank'!$K$2,BC22,0,COUNTIF(BC$7:BC$115,BC22)))+IFERROR(VLOOKUP((COUNT(BA$6:BA$115)/4),$ER$8:$ES$12,2,FALSE()),0),"") | DN22: =IFERROR(AVERAGE(OFFSET('Data - For Rank'!$L$2,BH22,0,COUNTIF(BH$7:BH$115,BH22)))+IFERROR(VLOOKUP((COUNT(BF$6:BF$115)/4),$ER$8:$ES$12,2,FALSE()),0),"") | DP22: =IFERROR(AVERAGE(OFFSET('Data - For Rank'!$M$2,BM22,0,COUNTIF(BM$7:BM$115,BM22)))+IFERROR(VLOOKUP((COUNT(BK$6:BK$115)/4),$ER$8:$ES$12,2,FALSE()),0),"") | DR22: =IFERROR(AVERAGE(OFFSET('Data - For Rank'!$N$2,BR22,0,COUNTIF(BR$7:BR$115,BR22)))+IFERROR(VLOOKUP((COUNT(BP$6:BP$115)/4),$ER$8:$ES$12,2,FALSE()),0),"") | DT22: =IFERROR(AVERAGE(OFFSET('Data - For Rank'!$O$2,BW22,0,COUNTIF(BW$7:BW$115,BW22)))+IFERROR(VLOOKUP((COUNT(BU$6:BU$115)/4),$ER$8:$ES$12,2,FALSE()),0),"") | DV22: =IFERROR(AVERAGE(OFFSET('Data - For Rank'!$P$2,CB22,0,COUNTIF(CB$7:CB$115,CB22)))+IFERROR(VLOOKUP((COUNT(BZ$6:BZ$115)/4),$ER$8:$ES$12,2,FALSE()),0),"") | DX22: =IFERROR(AVERAGE(OFFSET('Data - For Rank'!$Q$2,CG22,0,COUNTIF(CG$7:CG$115,CG22)))+IFERROR(VLOOKUP((COUNT(CE$6:CE$115)/4),$ER$8:$ES$12,2,FALSE()),0),"") | DZ22: =IFERROR(AVERAGE(OFFSET('Data - For Rank'!$R$2,CL22,0,COUNTIF(CL$7:CL$115,CL22)))+IFERROR(VLOOKUP((COUNT(CJ$6:CJ$115)/4),$ER$8:$ES$12,2,FALSE()),0),"") | EB22: =IFERROR(AVERAGE(OFFSET('Data - For Rank'!$S$2,CQ22,0,COUNTIF(CQ$7:CQ$115,CQ22)))+IFERROR(VLOOKUP((COUNT(CO$6:CO$115)/4),$ER$8:$ES$12,2,FALSE()),0),"") | EC22: =AVERAGE(CS22,CU22,CW22,CY22,DA22,DC22,DE22,DG22,DI22,DK22,DM22,DO22,DQ22,DS22,DU22,DW22,DY22,EA22) -> 32.666667 | ED22: =AVERAGE(CT22,CV22,CX22,CZ22,DB22,DD22,DF22,DH22,DJ22,DL22,DN22,DP22,DR22,DT22,DV22,DX22,DZ22,EB22) -> 11
B23: =B21+0.026 -> 6.026 | D23: SP2 | E23: cash +/- | F23: =IF(COUNT(CT21:EB21)>10,SMALL(G21:CN21,COUNT(G21:CN21)-10),MIN(CT21:EB21)) -> 12 | I23: =IF(CS23=0,"",CS23) -> 27 | K23: =IFERROR(_xlfn.RANK.EQ(I23,I$6:I$115,0),"") -> 2 | N23: =IF(CU23=0,"",CU23) | P23: =IFERROR(_xlfn.RANK.EQ(N23,N$6:N$115,0),"") | S23: =IF(CW23=0,"",CW23) -> 21 | U23: =IFERROR(_xlfn.RANK.EQ(S23,S$6:S$115,0),"") -> 2 | X23: =IF(CY23=0,"",CY23) | Z23: =IFERROR(_xlfn.RANK.EQ(X23,X$6:X$115,0),"") | AC23: =IF(DA23=0,"",DA23) -> -20 | AE23: =IFERROR(_xlfn.RANK.EQ(AC23,AC$6:AC$115,0),"") -> 14 | AH23: =IF(DC23=0,"",DC23) | AJ23: =IFERROR(_xlfn.RANK.EQ(AH23,AH$6:AH$115,0),"") | AM23: =IF(DE23=0,"",DE23) | AO23: =IFERROR(_xlfn.RANK.EQ(AM23,AM$6:AM$115,0),"") | AR23: =IF(DG23=0,"",DG23) | AT23: =IFERROR(_xlfn.RANK.EQ(AR23,AR$6:AR$115,0),"") | AW23: =IF(DI23=0,"",DI23) | AY23: =IFERROR(_xlfn.RANK.EQ(AW23,AW$6:AW$115,0),"") | BB23: =IF(DK23=0,"",DK23) | BD23: =IFERROR(_xlfn.RANK.EQ(BB23,BB$6:BB$115,0),"") | BG23: =IF(DM23=0,"",DM23) | BI23: =IFERROR(_xlfn.RANK.EQ(BG23,BG$6:BG$115,0),"") | BL23: =IF(DO23=0,"",DO23) | BN23: =IFERROR(_xlfn.RANK.EQ(BL23,BL$6:BL$115,0),"") | BQ23: =IF(DQ23=0,"",DQ23) | BS23: =IFERROR(_xlfn.RANK.EQ(BQ23,BQ$6:BQ$115,0),"") | BV23: =IF(DS23=0,"",DS23) | BX23: =IFERROR(_xlfn.RANK.EQ(BV23,BV$6:BV$115,0),"") | CA23: =IF(DU23=0,"",DU23) | CC23: =IFERROR(_xlfn.RANK.EQ(CA23,CA$6:CA$115,0),"") | CF23: =IF(DW23=0,"",DW23) | CH23: =IFERROR(_xlfn.RANK.EQ(CF23,CF$6:CF$115,0),"") | CK23: =IF(DY23=0,"",DY23) | CM23: =IFERROR(_xlfn.RANK.EQ(CK23,CK$6:CK$115,0),"") | CP23: =IF(EA23=0,"",EA23) | CR23: =IFERROR(_xlfn.RANK.EQ(CP23,CP$6:CP$115,0),"") | CS23: 27 | CT23: =IFERROR(AVERAGE(OFFSET('Data - For Rank'!B$2,K23,0,COUNTIF(K$6:K$115,K23)))+IFERROR(VLOOKUP((COUNT($I$6:$I$115)/4),$ER$8:$ES$12,2,FALSE()),0),"") -> 17 | CV23: =IFERROR(AVERAGE(OFFSET('Data - For Rank'!$C$2,P23,0,COUNTIF(P$6:P$115,P23)))+IFERROR(VLOOKUP((COUNT(N$6:N$115)/4),$ER$8:$ES$12,2,FALSE()),0),"") | CW23: 21 | CX23: =IFERROR(AVERAGE(OFFSET('Data - For Rank'!D$2,U23,0,COUNTIF(U$6:$U130,U23)))+IFERROR(VLOOKUP((COUNT(S$6:S$115)/4),$ER$8:$ES$12,2,FALSE()),0),"") -> 15 | CZ23: =IFERROR(AVERAGE(OFFSET('Data - For Rank'!E$2,Z23,0,COUNTIF(Z$6:Z$115,Z23)))+IFERROR(VLOOKUP((COUNT(W$6:W$115)/4),$ER$8:$ES$12,2,FALSE()),0),"") | DA23: -20 | DB23: =IFERROR(AVERAGE(OFFSET('Data - For Rank'!F$2,AE23,0,COUNTIF(AE$6:AE$115,AE23)))+IFERROR(VLOOKUP((COUNT(AC$6:AC$115)/4),$ER$8:$ES$12,2,FALSE()),0),"") -> 5 | DD23: =IFERROR(AVERAGE(OFFSET('Data - For Rank'!G$2,AJ23,0,COUNTIF(AJ$6:AJ$115,AJ23)))+IFERROR(VLOOKUP((COUNT(AH$6:AH$115)/4),$ER$8:$ES$12,2,FALSE()),0),"") | DF23: =IFERROR(AVERAGE(OFFSET('Data - For Rank'!$H$2,AO23,0,COUNTIF(AO$6:AO$115,AO23)))+IFERROR(VLOOKUP((COUNT(AM$6:AM$115)/4),$ER$8:$ES$12,2,FALSE()),0),"") | DH23: =IFERROR(AVERAGE(OFFSET('Data - For Rank'!$I$2,AT23,0,COUNTIF(AT$6:AT$115,AT23)))+IFERROR(VLOOKUP((COUNT(AR$6:AR$115)/4),$ER$8:$ES$12,2,FALSE()),0),"") | DJ23: =IFERROR(AVERAGE(OFFSET('Data - For Rank'!$J$2,AY23,0,COUNTIF(AY$6:AY$115,AY23)))+IFERROR(VLOOKUP((COUNT(AW$6:AW$115)/4),$ER$8:$ES$12,2,FALSE()),0),"") | DL23: =IFERROR(AVERAGE(OFFSET('Data - For Rank'!$K$2,BD23,0,COUNTIF(BD$6:BD$115,BD23)))+IFERROR(VLOOKUP((COUNT(BB$6:BB$115)/4),$ER$8:$ES$12,2,FALSE()),0),"") | DN23: =IFERROR(AVERAGE(OFFSET('Data - For Rank'!$L$2,BI23,0,COUNTIF(BI$6:BI$115,BI23)))+IFERROR(VLOOKUP((COUNT(BG$6:BG$115)/4),$ER$8:$ES$12,2,FALSE()),0),"") | DP23: =IFERROR(AVERAGE(OFFSET('Data - For Rank'!$M$2,BN23,0,COUNTIF(BN$6:BN$115,BN23)))+IFERROR(VLOOKUP((COUNT(BL$6:BL$115)/4),$ER$8:$ES$12,2,FALSE()),0),"") | DR23: =IFERROR(AVERAGE(OFFSET('Data - For Rank'!$N$2,BS23,0,COUNTIF(BS$6:BS$115,BS23)))+IFERROR(VLOOKUP((COUNT(BQ$6:BQ$115)/4),$ER$8:$ES$12,2,FALSE()),0),"") | DT23: =IFERROR(AVERAGE(OFFSET('Data - For Rank'!$O$2,BX23,0,COUNTIF(BX$6:BX$115,BX23)))+IFERROR(VLOOKUP((COUNT(BV$6:BV$115)/4),$ER$8:$ES$12,2,FALSE()),0),"") | DV23: =IFERROR(AVERAGE(OFFSET('Data - For Rank'!$P$2,CC23,0,COUNTIF(CC$6:CC$115,CC23)))+IFERROR(VLOOKUP((COUNT(CA$6:CA$115)/4),$ER$8:$ES$12,2,FALSE()),0),"") | DX23: =IFERROR(AVERAGE(OFFSET('Data - For Rank'!$Q$2,CH23,0,COUNTIF(CH$6:CH$115,CH23)))+IFERROR(VLOOKUP((COUNT(CF$6:CF$115)/4),$ER$8:$ES$12,2,FALSE()),0),"") | DZ23: =IFERROR(AVERAGE(OFFSET('Data - For Rank'!$R$2,CM23,0,COUNTIF(CM$6:CM$115,CM23)))+IFERROR(VLOOKUP((COUNT(CK$6:CK$115)/4),$ER$8:$ES$12,2,FALSE()),0),"") | EB23: =IFERROR(AVERAGE(OFFSET('Data - For Rank'!$S$2,CR23,0,COUNTIF(CR$6:CR$115,CR23)))+IFERROR(VLOOKUP((COUNT(CP$6:CP$115)/4),$ER$8:$ES$12,2,FALSE()),0),"") | EC23: =CS23+CU23+CW23+CY23+DA23+DC23+DE23+DG23+DI23+DK23+DM23+DO23+DQ23+DS23+DU23+DW23+DY23+EA23 -> 28 | ED23: =AVERAGE(CT23,CV23,CX23,CZ23,DB23,DD23,DF23,DH23,DJ23,DL23,DN23,DP23,DR23,DT23,DV23,DX23,DZ23,EB23) -> 12.333333
B24: =_xlfn.RANK.EQ(C24,$C$6:$C$63,) -> 6 | C24: =EC24 -> 70 | D24: RA | E24: Ronnie A. | F24: =COUNT(CT24,CV24,CX24,CZ24,DB24,DD24,DF24,DH24,DJ24,DL24,DN24,DP24,DR24,DT24,DV24,DX24,DZ24,EB24) -> 3 | G24: =IF(CT24=0,"",CT24) -> 31.5 | L24: =IF(CV24=0,"",CV24) | Q24: =IF(CX24=0,"",CX24) -> 15 | V24: =IF(CZ24=0,"",CZ24) | AA24: =IF(DB24=0,"",DB24) -> 23.5 | AF24: =IF(DD24=0,"",DD24) | AK24: =IF(DF24=0,"",DF24) | AP24: =IF(DH24=0,"",DH24) | AU24: =IF(DJ24=0,"",DJ24) | AZ24: =IF(DL24=0,"",DL24) | BE24: =IF(DN24=0,"",DN24) | BJ24: =IF(DP24=0,"",DP24) | BO24: =IF(DR24=0,"",DR24) | BT24: =IF(DT24=0,"",DT24) | BY24: =IF(DV24=0,"",DV24) | CD24: =IF(DX24=0,"",DX24) | CI24: =IF(DZ24=0,"",DZ24) | CN24: =IF(EB24=0,"",EB24) | CS24: 77 | CT24: =IFERROR(CT25+CT26,"") -> 31.5 | CV24: =IFERROR(CV25+CV26,"") | CW24: 87 | CX24: =IFERROR(CX25+CX26,"") -> 15 | CZ24: =IFERROR(CZ25+CZ26,"") | DA24: 81 | DB24: =IFERROR(DB25+DB26,"") -> 23.5 | DD24: =IFERROR(DD25+DD26,"") | DF24: =IFERROR(DF25+DF26,"") | DH24: =IFERROR(DH25+DH26,"") | DJ24: =IFERROR(DJ25+DJ26,"") | DL24: =IFERROR(DL25+DL26,"") | DN24: =IFERROR(DN25+DN26,"") | DP24: =IFERROR(DP25+DP26,"") | DR24: =IFERROR(DR25+DR26,"") | DT24: =IFERROR(DT25+DT26,"") | DV24: =IFERROR(DV25+DV26,"") | DX24: =IFERROR(DX25+DX26,"") | DZ24: =IFERROR(DZ25+DZ26,"") | EB24: =IFERROR(EB25+EB26,"") | EC24: =IFERROR(LARGE($G24:$CN24,1),0)+IFERROR(LARGE($G24:$CN24,2),0)+IFERROR(LARGE($G24:$CN24,3),0)+IFERROR(LARGE($G24:$CN24,4),0)+IFERROR(LARGE($G24:$CN24,5),0)+IFERROR(LARGE($G24:$CN24,6),0)+IFERROR(LARGE($G24:$CN24,7),0)+IFERROR(LARGE($G24:$CN24,8),0)+IFERROR(LARGE($G24:$CN24,9),0)+IFERROR(LARGE($G24:$CN24,10),0) -> 70 | ED24: =AVERAGE(CT24,CV24,CX24,CZ24,DB24,DD24,DF24,DH24,DJ24,DL24,DN24,DP24,DR24,DT24,DV24,DX24,DZ24,EB24) -> 23.333333 | EM24: FERROR(AVERAGE(OFFSET('Data - For Rank'!B$2,Standings!I6,0,COUNTIF(Standings!$I$6:I$62,Standings!I6)))+IFERROR(VLOOKUP((COUNT($G$6:$G$62)/4),$EQ$8:$ER$12,2,FALSE),0),"")
B25: =B24+0.17 -> 6.17 | D25: RA1 | E25: Harvey Points | H25: =IF(CS25=0,"",CS25) -> 39 | J25: =IFERROR(RANK(H25,H$6:H$115,0),"") -> 2 | M25: =IF(CU25=0,"",CU25) | O25: =IFERROR(RANK(M25,M$6:M$115,0),"") | R25: =IF(CW25=0,"",CW25) -> 31 | T25: =IFERROR(RANK(R25,R$6:R$115,0),"") -> 7 | W25: =IF(CY25=0,"",CY25) | Y25: =IFERROR(RANK(W25,W$6:W$115,0),"") | AB25: =IF(DA25=0,"",DA25) -> 34 | AD25: =IFERROR(RANK(AB25,AB$6:AB$115,0),"") -> 2 | AG25: =IF(DC25=0,"",DC25) | AI25: =IFERROR(RANK(AG25,AG$6:AG$115,0),"") | AL25: =IF(DE25=0,"",DE25) | AN25: =IFERROR(RANK(AL25,AL$6:AL$115,0),"") | AQ25: =IF(DG25=0,"",DG25) | AS25: =IFERROR(RANK(AQ25,AQ$6:AQ$115,0),"") | AV25: =IF(DI25=0,"",DI25) | AX25: =IFERROR(RANK(AV25,AV$6:AV$115,0),"") | BA25: =IF(DK25=0,"",DK25) | BC25: =IFERROR(RANK(BA25,BA$6:BA$115,0),"") | BF25: =IF(DM25=0,"",DM25) | BH25: =IFERROR(RANK(BF25,BF$6:BF$115,0),"") | BK25: =IF(DO25=0,"",DO25) | BM25: =IFERROR(RANK(BK25,BK$6:BK$115,0),"") | BP25: =IF(DQ25=0,"",DQ25) | BR25: =IFERROR(RANK(BP25,BP$6:BP$115,0),"") | BU25: =IF(DS25=0,"",DS25) | BW25: =IFERROR(RANK(BU25,BU$6:BU$115,0),"") | BZ25: =IF(DU25=0,"",DU25) | CB25: =IFERROR(RANK(BZ25,BZ$6:BZ$115,0),"") | CE25: =IF(DW25=0,"",DW25) | CG25: =IFERROR(RANK(CE25,CE$6:CE$115,0),"") | CJ25: =IF(DY25=0,"",DY25) | CL25: =IFERROR(RANK(CJ25,CJ$6:CJ$115,0),"") | CO25: =IF(EA25=0,"",EA25) | CQ25: =IFERROR(RANK(CO25,CO$6:CO$115,0),"") | CS25: 39 | CT25: =IFERROR(AVERAGE(OFFSET('Data - For Rank'!B$2,J25,0,COUNTIF($J$7:J$115,J25)))+IFERROR(VLOOKUP((COUNT($H$6:$H$115)/4),$ER$8:$ES$12,2,FALSE()),0),"") -> 17 | CV25: =IFERROR(AVERAGE(OFFSET('Data - For Rank'!$C$2,O25,0,COUNTIF(O$7:O$115,O25)))+IFERROR(VLOOKUP((COUNT(M$6:M$115)/4),$ER$8:$ES$12,2,FALSE()),0),"") | CW25: 31 | CX25: =IFERROR(AVERAGE(OFFSET('Data - For Rank'!D$2,T25,0,COUNTIF(T$7:T$115,T25)))+IFERROR(VLOOKUP((COUNT(R$6:R$115)/4),$ER$8:$ES$12,2,FALSE()),0),"") -> 10 | CZ25: =IFERROR(AVERAGE(OFFSET('Data - For Rank'!E$2,Y25,0,COUNTIF(Y$7:Y$115,Y25)))+IFERROR(VLOOKUP((COUNT(W$6:W$115)/4),$ER$8:$ES$12,2,FALSE()),0),"") | DA25: 34 | DB25: =IFERROR(AVERAGE(OFFSET('Data - For Rank'!F$2,AD25,0,COUNTIF(AD$7:AD$115,AD25)))+IFERROR(VLOOKUP((COUNT(AB$6:AB$115)/4),$ER$8:$ES$12,2,FALSE()),0),"") -> 16.5 | DD25: =IFERROR(AVERAGE(OFFSET('Data - For Rank'!G$2,AI25,0,COUNTIF(AI$7:AI$115,AI25)))+IFERROR(VLOOKUP((COUNT(AG$6:AG$115)/4),$ER$8:$ES$12,2,FALSE()),0),"") | DF25: =IFERROR(AVERAGE(OFFSET('Data - For Rank'!$H$2,AN25,0,COUNTIF(AN$7:AN$115,AN25)))+IFERROR(VLOOKUP((COUNT(AL$6:AL$115)/4),$ER$8:$ES$12,2,FALSE()),0),"") | DH25: =IFERROR(AVERAGE(OFFSET('Data - For Rank'!$I$2,AS25,0,COUNTIF(AS$7:AS$115,AS25)))+IFERROR(VLOOKUP((COUNT(AQ$6:AQ$115)/4),$ER$8:$ES$12,2,FALSE()),0),"") | DJ25: =IFERROR(AVERAGE(OFFSET('Data - For Rank'!$J$2,AX25,0,COUNTIF(AX$7:AX$115,AX25)))+IFERROR(VLOOKUP((COUNT(AV$6:AV$115)/4),$ER$8:$ES$12,2,FALSE()),0),"") | DL25: =IFERROR(AVERAGE(OFFSET('Data - For Rank'!$K$2,BC25,0,COUNTIF(BC$7:BC$115,BC25)))+IFERROR(VLOOKUP((COUNT(BA$6:BA$115)/4),$ER$8:$ES$12,2,FALSE()),0),"") | DN25: =IFERROR(AVERAGE(OFFSET('Data - For Rank'!$L$2,BH25,0,COUNTIF(BH$7:BH$115,BH25)))+IFERROR(VLOOKUP((COUNT(BF$6:BF$115)/4),$ER$8:$ES$12,2,FALSE()),0),"") | DP25: =IFERROR(AVERAGE(OFFSET('Data - For Rank'!$M$2,BM25,0,COUNTIF(BM$7:BM$115,BM25)))+IFERROR(VLOOKUP((COUNT(BK$6:BK$115)/4),$ER$8:$ES$12,2,FALSE()),0),"") | DR25: =IFERROR(AVERAGE(OFFSET('Data - For Rank'!$N$2,BR25,0,COUNTIF(BR$7:BR$115,BR25)))+IFERROR(VLOOKUP((COUNT(BP$6:BP$115)/4),$ER$8:$ES$12,2,FALSE()),0),"") | DT25: =IFERROR(AVERAGE(OFFSET('Data - For Rank'!$O$2,BW25,0,COUNTIF(BW$7:BW$115,BW25)))+IFERROR(VLOOKUP((COUNT(BU$6:BU$115)/4),$ER$8:$ES$12,2,FALSE()),0),"") | DV25: =IFERROR(AVERAGE(OFFSET('Data - For Rank'!$P$2,CB25,0,COUNTIF(CB$7:CB$115,CB25)))+IFERROR(VLOOKUP((COUNT(BZ$6:BZ$115)/4),$ER$8:$ES$12,2,FALSE()),0),"") | DX25: =IFERROR(AVERAGE(OFFSET('Data - For Rank'!$Q$2,CG25,0,COUNTIF(CG$7:CG$115,CG25)))+IFERROR(VLOOKUP((COUNT(CE$6:CE$115)/4),$ER$8:$ES$12,2,FALSE()),0),"") | DZ25: =IFERROR(AVERAGE(OFFSET('Data - For Rank'!$R$2,CL25,0,COUNTIF(CL$7:CL$115,CL25)))+IFERROR(VLOOKUP((COUNT(CJ$6:CJ$115)/4),$ER$8:$ES$12,2,FALSE()),0),"") | EB25: =IFERROR(AVERAGE(OFFSET('Data - For Rank'!$S$2,CQ25,0,COUNTIF(CQ$7:CQ$115,CQ25)))+IFERROR(VLOOKUP((COUNT(CO$6:CO$115)/4),$ER$8:$ES$12,2,FALSE()),0),"") | EC25: =AVERAGE(CS25,CU25,CW25,CY25,DA25,DC25,DE25,DG25,DI25,DK25,DM25,DO25,DQ25,DS25,DU25,DW25,DY25,EA25) -> 34.666667 | ED25: =AVERAGE(CT25,CV25,CX25,CZ25,DB25,DD25,DF25,DH25,DJ25,DL25,DN25,DP25,DR25,DT25,DV25,DX25,DZ25,EB25) -> 14.5
B26: =B24+0.027 -> 6.027 | D26: RA2 | E26: cash +/- | F26: =IF(COUNT(CT24:EB24)>10,SMALL(G24:CN24,COUNT(G24:CN24)-10),MIN(CT24:EB24)) -> 15 | I26: =IF(CS26=0,"",CS26) -> 10 | K26: =IFERROR(_xlfn.RANK.EQ(I26,I$6:I$115,0),"") -> 4 | N26: =IF(CU26=0,"",CU26) | P26: =IFERROR(_xlfn.RANK.EQ(N26,N$6:N$115,0),"") | S26: =IF(CW26=0,"",CW26) -> -32 | U26: =IFERROR(_xlfn.RANK.EQ(S26,S$6:S$115,0),"") -> 12 | X26: =IF(CY26=0,"",CY26) | Z26: =IFERROR(_xlfn.RANK.EQ(X26,X$6:X$115,0),"") | AC26: =IF(DA26=0,"",DA26) -> -8 | AE26: =IFERROR(_xlfn.RANK.EQ(AC26,AC$6:AC$115,0),"") -> 12 | AH26: =IF(DC26=0,"",DC26) | AJ26: =IFERROR(_xlfn.RANK.EQ(AH26,AH$6:AH$115,0),"") | AM26: =IF(DE26=0,"",DE26) | AO26: =IFERROR(_xlfn.RANK.EQ(AM26,AM$6:AM$115,0),"") | AR26: =IF(DG26=0,"",DG26) | AT26: =IFERROR(_xlfn.RANK.EQ(AR26,AR$6:AR$115,0),"") | AW26: =IF(DI26=0,"",DI26) | AY26: =IFERROR(_xlfn.RANK.EQ(AW26,AW$6:AW$115,0),"") | BB26: =IF(DK26=0,"",DK26) | BD26: =IFERROR(_xlfn.RANK.EQ(BB26,BB$6:BB$115,0),"") | BG26: =IF(DM26=0,"",DM26) | BI26: =IFERROR(_xlfn.RANK.EQ(BG26,BG$6:BG$115,0),"") | BL26: =IF(DO26=0,"",DO26) | BN26: =IFERROR(_xlfn.RANK.EQ(BL26,BL$6:BL$115,0),"") | BQ26: =IF(DQ26=0,"",DQ26) | BS26: =IFERROR(_xlfn.RANK.EQ(BQ26,BQ$6:BQ$115,0),"") | BV26: =IF(DS26=0,"",DS26) | BX26: =IFERROR(_xlfn.RANK.EQ(BV26,BV$6:BV$115,0),"") | CA26: =IF(DU26=0,"",DU26) | CC26: =IFERROR(_xlfn.RANK.EQ(CA26,CA$6:CA$115,0),"") | CF26: =IF(DW26=0,"",DW26) | CH26: =IFERROR(_xlfn.RANK.EQ(CF26,CF$6:CF$115,0),"") | CK26: =IF(DY26=0,"",DY26) | CM26: =IFERROR(_xlfn.RANK.EQ(CK26,CK$6:CK$115,0),"") | CP26: =IF(EA26=0,"",EA26) | CR26: =IFERROR(_xlfn.RANK.EQ(CP26,CP$6:CP$115,0),"") | CS26: 10 | CT26: =IFERROR(AVERAGE(OFFSET('Data - For Rank'!B$2,K26,0,COUNTIF(K$6:K$115,K26)))+IFERROR(VLOOKUP((COUNT($I$6:$I$115)/4),$ER$8:$ES$12,2,FALSE()),0),"") -> 14.5 | CV26: =IFERROR(AVERAGE(OFFSET('Data - For Rank'!$C$2,P26,0,COUNTIF(P$6:P$115,P26)))+IFERROR(VLOOKUP((COUNT(N$6:N$115)/4),$ER$8:$ES$12,2,FALSE()),0),"") | CW26: -32 | CX26: =IFERROR(AVERAGE(OFFSET('Data - For Rank'!D$2,U26,0,COUNTIF(U$6:$U133,U26)))+IFERROR(VLOOKUP((COUNT(S$6:S$115)/4),$ER$8:$ES$12,2,FALSE()),0),"") -> 5 | CZ26: =IFERROR(AVERAGE(OFFSET('Data - For Rank'!E$2,Z26,0,COUNTIF(Z$6:Z$115,Z26)))+IFERROR(VLOOKUP((COUNT(W$6:W$115)/4),$ER$8:$ES$12,2,FALSE()),0),"") | DA26: -8 | DB26: =IFERROR(AVERAGE(OFFSET('Data - For Rank'!F$2,AE26,0,COUNTIF(AE$6:AE$115,AE26)))+IFERROR(VLOOKUP((COUNT(AC$6:AC$115)/4),$ER$8:$ES$12,2,FALSE()),0),"") -> 7 | DD26: =IFERROR(AVERAGE(OFFSET('Data - For Rank'!G$2,AJ26,0,COUNTIF(AJ$6:AJ$115,AJ26)))+IFERROR(VLOOKUP((COUNT(AH$6:AH$115)/4),$ER$8:$ES$12,2,FALSE()),0),"") | DF26: =IFERROR(AVERAGE(OFFSET('Data - For Rank'!$H$2,AO26,0,COUNTIF(AO$6:AO$115,AO26)))+IFERROR(VLOOKUP((COUNT(AM$6:AM$115)/4),$ER$8:$ES$12,2,FALSE()),0),"") | DH26: =IFERROR(AVERAGE(OFFSET('Data - For Rank'!$I$2,AT26,0,COUNTIF(AT$6:AT$115,AT26)))+IFERROR(VLOOKUP((COUNT(AR$6:AR$115)/4),$ER$8:$ES$12,2,FALSE()),0),"") | DJ26: =IFERROR(AVERAGE(OFFSET('Data - For Rank'!$J$2,AY26,0,COUNTIF(AY$6:AY$115,AY26)))+IFERROR(VLOOKUP((COUNT(AW$6:AW$115)/4),$ER$8:$ES$12,2,FALSE()),0),"") | DL26: =IFERROR(AVERAGE(OFFSET('Data - For Rank'!$K$2,BD26,0,COUNTIF(BD$6:BD$115,BD26)))+IFERROR(VLOOKUP((COUNT(BB$6:BB$115)/4),$ER$8:$ES$12,2,FALSE()),0),"") | DN26: =IFERROR(AVERAGE(OFFSET('Data - For Rank'!$L$2,BI26,0,COUNTIF(BI$6:BI$115,BI26)))+IFERROR(VLOOKUP((COUNT(BG$6:BG$115)/4),$ER$8:$ES$12,2,FALSE()),0),"") | DP26: =IFERROR(AVERAGE(OFFSET('Data - For Rank'!$M$2,BN26,0,COUNTIF(BN$6:BN$115,BN26)))+IFERROR(VLOOKUP((COUNT(BL$6:BL$115)/4),$ER$8:$ES$12,2,FALSE()),0),"") | DR26: =IFERROR(AVERAGE(OFFSET('Data - For Rank'!$N$2,BS26,0,COUNTIF(BS$6:BS$115,BS26)))+IFERROR(VLOOKUP((COUNT(BQ$6:BQ$115)/4),$ER$8:$ES$12,2,FALSE()),0),"") | DT26: =IFERROR(AVERAGE(OFFSET('Data - For Rank'!$O$2,BX26,0,COUNTIF(BX$6:BX$115,BX26)))+IFERROR(VLOOKUP((COUNT(BV$6:BV$115)/4),$ER$8:$ES$12,2,FALSE()),0),"") | DV26: =IFERROR(AVERAGE(OFFSET('Data - For Rank'!$P$2,CC26,0,COUNTIF(CC$6:CC$115,CC26)))+IFERROR(VLOOKUP((COUNT(CA$6:CA$115)/4),$ER$8:$ES$12,2,FALSE()),0),"") | DX26: =IFERROR(AVERAGE(OFFSET('Data - For Rank'!$Q$2,CH26,0,COUNTIF(CH$6:CH$115,CH26)))+IFERROR(VLOOKUP((COUNT(CF$6:CF$115)/4),$ER$8:$ES$12,2,FALSE()),0),"") | DZ26: =IFERROR(AVERAGE(OFFSET('Data - For Rank'!$R$2,CM26,0,COUNTIF(CM$6:CM$115,CM26)))+IFERROR(VLOOKUP((COUNT(CK$6:CK$115)/4),$ER$8:$ES$12,2,FALSE()),0),"") | EB26: =IFERROR(AVERAGE(OFFSET('Data - For Rank'!$S$2,CR26,0,COUNTIF(CR$6:CR$115,CR26)))+IFERROR(VLOOKUP((COUNT(CP$6:CP$115)/4),$ER$8:$ES$12,2,FALSE()),0),"") | EC26: =CS26+CU26+CW26+CY26+DA26+DC26+DE26+DG26+DI26+DK26+DM26+DO26+DQ26+DS26+DU26+DW26+DY26+EA26 -> -30 | ED26: =AVERAGE(CT26,CV26,CX26,CZ26,DB26,DD26,DF26,DH26,DJ26,DL26,DN26,DP26,DR26,DT26,DV26,DX26,DZ26,EB26) -> 8.8333333
B27: =_xlfn.RANK.EQ(C27,$C$6:$C$63,) -> 8 | C27: =EC27 -> 65.5 | D27: JB | E27: Jeff Biederman | F27: =COUNT(CT27,CV27,CX27,CZ27,DB27,DD27,DF27,DH27,DJ27,DL27,DN27,DP27,DR27,DT27,DV27,DX27,DZ27,EB27) -> 3 | G27: =IF(CT27=0,"",CT27) -> 23 | L27: =IF(CV27=0,"",CV27) | Q27: =IF(CX27=0,"",CX27) | V27: =IF(CZ27=0,"",CZ27) -> 19.5 | AA27: =IF(DB27=0,"",DB27) -> 23 | AF27: =IF(DD27=0,"",DD27) | AK27: =IF(DF27=0,"",DF27) | AP27: =IF(DH27=0,"",DH27) | AU27: =IF(DJ27=0,"",DJ27) | AZ27: =IF(DL27=0,"",DL27) | BE27: =IF(DN27=0,"",DN27) | BJ27: =IF(DP27=0,"",DP27) | BO27: =IF(DR27=0,"",DR27) | BT27: =IF(DT27=0,"",DT27) | BY27: =IF(DV27=0,"",DV27) | CD27: =IF(DX27=0,"",DX27) | CI27: =IF(DZ27=0,"",DZ27) | CN27: =IF(EB27=0,"",EB27) | CS27: 90 | CT27: =IFERROR(CT28+CT29,"") -> 23 | CV27: =IFERROR(CV28+CV29,"") | CX27: =IFERROR(CX28+CX29,"") | CY27: 91 | CZ27: =IFERROR(CZ28+CZ29,"") -> 19.5 | DA27: 94 | DB27: =IFERROR(DB28+DB29,"") -> 23 | DD27: =IFERROR(DD28+DD29,"") | DF27: =IFERROR(DF28+DF29,"") | DH27: =IFERROR(DH28+DH29,"") | DJ27: =IFERROR(DJ28+DJ29,"") | DL27: =IFERROR(DL28+DL29,"") | DN27: =IFERROR(DN28+DN29,"") | DP27: =IFERROR(DP28+DP29,"") | DR27: =IFERROR(DR28+DR29,"") | DT27: =IFERROR(DT28+DT29,"") | DV27: =IFERROR(DV28+DV29,"") | DX27: =IFERROR(DX28+DX29,"") | DZ27: =IFERROR(DZ28+DZ29,"") | EB27: =IFERROR(EB28+EB29,"") | EC27: =IFERROR(LARGE($G27:$CN27,1),0)+IFERROR(LARGE($G27:$CN27,2),0)+IFERROR(LARGE($G27:$CN27,3),0)+IFERROR(LARGE($G27:$CN27,4),0)+IFERROR(LARGE($G27:$CN27,5),0)+IFERROR(LARGE($G27:$CN27,6),0)+IFERROR(LARGE($G27:$CN27,7),0)+IFERROR(LARGE($G27:$CN27,8),0)+IFERROR(LARGE($G27:$CN27,9),0)+IFERROR(LARGE($G27:$CN27,10),0) -> 65.5 | ED27: =AVERAGE(CT27,CV27,CX27,CZ27,DB27,DD27,DF27,DH27,DJ27,DL27,DN27,DP27,DR27,DT27,DV27,DX27,DZ27,EB27) -> 21.833333
B28: =B27+0.18 -> 8.18 | D28: JB1 | E28: Harvey Points | H28: =IF(CS28=0,"",CS28) -> 31 | J28: =IFERROR(RANK(H28,H$6:H$115,0),"") -> 8 | M28: =IF(CU28=0,"",CU28) | O28: =IFERROR(RANK(M28,M$6:M$115,0),"") | R28: =IF(CW28=0,"",CW28) | T28: =IFERROR(RANK(R28,R$6:R$115,0),"") | W28: =IF(CY28=0,"",CY28) -> 28 | Y28: =IFERROR(RANK(W28,W$6:W$115,0),"") -> 6 | AB28: =IF(DA28=0,"",DA28) -> 31 | AD28: =IFERROR(RANK(AB28,AB$6:AB$115,0),"") -> 7 | AG28: =IF(DC28=0,"",DC28) | AI28: =IFERROR(RANK(AG28,AG$6:AG$115,0),"") | AL28: =IF(DE28=0,"",DE28) | AN28: =IFERROR(RANK(AL28,AL$6:AL$115,0),"") | AQ28: =IF(DG28=0,"",DG28) | AS28: =IFERROR(RANK(AQ28,AQ$6:AQ$115,0),"") | AV28: =IF(DI28=0,"",DI28) | AX28: =IFERROR(RANK(AV28,AV$6:AV$115,0),"") | BA28: =IF(DK28=0,"",DK28) | BC28: =IFERROR(RANK(BA28,BA$6:BA$115,0),"") | BF28: =IF(DM28=0,"",DM28) | BH28: =IFERROR(RANK(BF28,BF$6:BF$115,0),"") | BK28: =IF(DO28=0,"",DO28) | BM28: =IFERROR(RANK(BK28,BK$6:BK$115,0),"") | BP28: =IF(DQ28=0,"",DQ28) | BR28: =IFERROR(RANK(BP28,BP$6:BP$115,0),"") | BU28: =IF(DS28=0,"",DS28) | BW28: =IFERROR(RANK(BU28,BU$6:BU$115,0),"") | BZ28: =IF(DU28=0,"",DU28) | CB28: =IFERROR(RANK(BZ28,BZ$6:BZ$115,0),"") | CE28: =IF(DW28=0,"",DW28) | CG28: =IFERROR(RANK(CE28,CE$6:CE$115,0),"") | CJ28: =IF(DY28=0,"",DY28) | CL28: =IFERROR(RANK(CJ28,CJ$6:CJ$115,0),"") | CO28: =IF(EA28=0,"",EA28) | CQ28: =IFERROR(RANK(CO28,CO$6:CO$115,0),"") | CS28: 31 | CT28: =IFERROR(AVERAGE(OFFSET('Data - For Rank'!B$2,J28,0,COUNTIF($J$7:J$115,J28)))+IFERROR(VLOOKUP((COUNT($H$6:$H$115)/4),$ER$8:$ES$12,2,FALSE()),0),"") -> 10 | CV28: =IFERROR(AVERAGE(OFFSET('Data - For Rank'!$C$2,O28,0,COUNTIF(O$7:O$115,O28)))+IFERROR(VLOOKUP((COUNT(M$6:M$115)/4),$ER$8:$ES$12,2,FALSE()),0),"") | CX28: =IFERROR(AVERAGE(OFFSET('Data - For Rank'!D$2,T28,0,COUNTIF(T$7:T$115,T28)))+IFERROR(VLOOKUP((COUNT(R$6:R$115)/4),$ER$8:$ES$12,2,FALSE()),0),"") | CY28: 28 | CZ28: =IFERROR(AVERAGE(OFFSET('Data - For Rank'!E$2,Y28,0,COUNTIF(Y$7:Y$115,Y28)))+IFERROR(VLOOKUP((COUNT(W$6:W$115)/4),$ER$8:$ES$12,2,FALSE()),0),"") -> 8.5 | DA28: 31 | DB28: =IFERROR(AVERAGE(OFFSET('Data - For Rank'!F$2,AD28,0,COUNTIF(AD$7:AD$115,AD28)))+IFERROR(VLOOKUP((COUNT(AB$6:AB$115)/4),$ER$8:$ES$12,2,FALSE()),0),"") -> 11 | DD28: =IFERROR(AVERAGE(OFFSET('Data - For Rank'!G$2,AI28,0,COUNTIF(AI$7:AI$115,AI28)))+IFERROR(VLOOKUP((COUNT(AG$6:AG$115)/4),$ER$8:$ES$12,2,FALSE()),0),"") | DF28: =IFERROR(AVERAGE(OFFSET('Data - For Rank'!$H$2,AN28,0,COUNTIF(AN$7:AN$115,AN28)))+IFERROR(VLOOKUP((COUNT(AL$6:AL$115)/4),$ER$8:$ES$12,2,FALSE()),0),"") | DH28: =IFERROR(AVERAGE(OFFSET('Data - For Rank'!$I$2,AS28,0,COUNTIF(AS$7:AS$115,AS28)))+IFERROR(VLOOKUP((COUNT(AQ$6:AQ$115)/4),$ER$8:$ES$12,2,FALSE()),0),"") | DJ28: =IFERROR(AVERAGE(OFFSET('Data - For Rank'!$J$2,AX28,0,COUNTIF(AX$7:AX$115,AX28)))+IFERROR(VLOOKUP((COUNT(AV$6:AV$115)/4),$ER$8:$ES$12,2,FALSE()),0),"") | DL28: =IFERROR(AVERAGE(OFFSET('Data - For Rank'!$K$2,BC28,0,COUNTIF(BC$7:BC$115,BC28)))+IFERROR(VLOOKUP((COUNT(BA$6:BA$115)/4),$ER$8:$ES$12,2,FALSE()),0),"") | DN28: =IFERROR(AVERAGE(OFFSET('Data - For Rank'!$L$2,BH28,0,COUNTIF(BH$7:BH$115,BH28)))+IFERROR(VLOOKUP((COUNT(BF$6:BF$115)/4),$ER$8:$ES$12,2,FALSE()),0),"") | DP28: =IFERROR(AVERAGE(OFFSET('Data - For Rank'!$M$2,BM28,0,COUNTIF(BM$7:BM$115,BM28)))+IFERROR(VLOOKUP((COUNT(BK$6:BK$115)/4),$ER$8:$ES$12,2,FALSE()),0),"") | DR28: =IFERROR(AVERAGE(OFFSET('Data - For Rank'!$N$2,BR28,0,COUNTIF(BR$7:BR$115,BR28)))+IFERROR(VLOOKUP((COUNT(BP$6:BP$115)/4),$ER$8:$ES$12,2,FALSE()),0),"") | DT28: =IFERROR(AVERAGE(OFFSET('Data - For Rank'!$O$2,BW28,0,COUNTIF(BW$7:BW$115,BW28)))+IFERROR(VLOOKUP((COUNT(BU$6:BU$115)/4),$ER$8:$ES$12,2,FALSE()),0),"") | DV28: =IFERROR(AVERAGE(OFFSET('Data - For Rank'!$P$2,CB28,0,COUNTIF(CB$7:CB$115,CB28)))+IFERROR(VLOOKUP((COUNT(BZ$6:BZ$115)/4),$ER$8:$ES$12,2,FALSE()),0),"") | DX28: =IFERROR(AVERAGE(OFFSET('Data - For Rank'!$Q$2,CG28,0,COUNTIF(CG$7:CG$115,CG28)))+IFERROR(VLOOKUP((COUNT(CE$6:CE$115)/4),$ER$8:$ES$12,2,FALSE()),0),"") | DZ28: =IFERROR(AVERAGE(OFFSET('Data - For Rank'!$R$2,CL28,0,COUNTIF(CL$7:CL$115,CL28)))+IFERROR(VLOOKUP((COUNT(CJ$6:CJ$115)/4),$ER$8:$ES$12,2,FALSE()),0),"") | EB28: =IFERROR(AVERAGE(OFFSET('Data - For Rank'!$S$2,CQ28,0,COUNTIF(CQ$7:CQ$115,CQ28)))+IFERROR(VLOOKUP((COUNT(CO$6:CO$115)/4),$ER$8:$ES$12,2,FALSE()),0),"") | EC28: =AVERAGE(CS28,CU28,CW28,CY28,DA28,DC28,DE28,DG28,DI28,DK28,DM28,DO28,DQ28,DS28,DU28,DW28,DY28,EA28) -> 30 | ED28: =AVERAGE(CT28,CV28,CX28,CZ28,DB28,DD28,DF28,DH28,DJ28,DL28,DN28,DP28,DR28,DT28,DV28,DX28,DZ28,EB28) -> 9.8333333
B29: =B27+0.028 -> 8.028 | D29: JB2 | E29: cash +/- | F29: =IF(COUNT(CT27:EB27)>10,SMALL(G27:CN27,COUNT(G27:CN27)-10),MIN(CT27:EB27)) -> 19.5 | I29: =IF(CS29=0,"",CS29) -> 6 | K29: =IFERROR(_xlfn.RANK.EQ(I29,I$6:I$115,0),"") -> 6 | N29: =IF(CU29=0,"",CU29) | P29: =IFERROR(_xlfn.RANK.EQ(N29,N$6:N$115,0),"") | S29: =IF(CW29=0,"",CW29) | U29: =IFERROR(_xlfn.RANK.EQ(S29,S$6:S$115,0),"") | X29: =IF(CY29=0,"",CY29) -> -11 | Z29: =IFERROR(_xlfn.RANK.EQ(X29,X$6:X$115,0),"") -> 4 | AC29: =IF(DA29=0,"",DA29) -> 8 | AE29: =IFERROR(_xlfn.RANK.EQ(AC29,AC$6:AC$115,0),"") -> 6 | AH29: =IF(DC29=0,"",DC29) | AJ29: =IFERROR(_xlfn.RANK.EQ(AH29,AH$6:AH$115,0),"") | AM29: =IF(DE29=0,"",DE29) | AO29: =IFERROR(_xlfn.RANK.EQ(AM29,AM$6:AM$115,0),"") | AR29: =IF(DG29=0,"",DG29) | AT29: =IFERROR(_xlfn.RANK.EQ(AR29,AR$6:AR$115,0),"") | AW29: =IF(DI29=0,"",DI29) | AY29: =IFERROR(_xlfn.RANK.EQ(AW29,AW$6:AW$115,0),"") | BB29: =IF(DK29=0,"",DK29) | BD29: =IFERROR(_xlfn.RANK.EQ(BB29,BB$6:BB$115,0),"") | BG29: =IF(DM29=0,"",DM29) | BI29: =IFERROR(_xlfn.RANK.EQ(BG29,BG$6:BG$115,0),"") | BL29: =IF(DO29=0,"",DO29) | BN29: =IFERROR(_xlfn.RANK.EQ(BL29,BL$6:BL$115,0),"") | BQ29: =IF(DQ29=0,"",DQ29) | BS29: =IFERROR(_xlfn.RANK.EQ(BQ29,BQ$6:BQ$115,0),"") | BV29: =IF(DS29=0,"",DS29) | BX29: =IFERROR(_xlfn.RANK.EQ(BV29,BV$6:BV$115,0),"") | CA29: =IF(DU29=0,"",DU29) | CC29: =IFERROR(_xlfn.RANK.EQ(CA29,CA$6:CA$115,0),"") | CF29: =IF(DW29=0,"",DW29) | CH29: =IFERROR(_xlfn.RANK.EQ(CF29,CF$6:CF$115,0),"") | CK29: =IF(DY29=0,"",DY29) | CM29: =IFERROR(_xlfn.RANK.EQ(CK29,CK$6:CK$115,0),"") | CP29: =IF(EA29=0,"",EA29) | CR29: =IFERROR(_xlfn.RANK.EQ(CP29,CP$6:CP$115,0),"") | CS29: 6 | CT29: =IFERROR(AVERAGE(OFFSET('Data - For Rank'!B$2,K29,0,COUNTIF(K$6:K$115,K29)))+IFERROR(VLOOKUP((COUNT($I$6:$I$115)/4),$ER$8:$ES$12,2,FALSE()),0),"") -> 13 | CV29: =IFERROR(AVERAGE(OFFSET('Data - For Rank'!$C$2,P29,0,COUNTIF(P$6:P$115,P29)))+IFERROR(VLOOKUP((COUNT(N$6:N$115)/4),$ER$8:$ES$12,2,FALSE()),0),"") | CX29: =IFERROR(AVERAGE(OFFSET('Data - For Rank'!D$2,U29,0,COUNTIF(U$6:$U136,U29)))+IFERROR(VLOOKUP((COUNT(S$6:S$115)/4),$ER$8:$ES$12,2,FALSE()),0),"") | CY29: -11 | CZ29: =IFERROR(AVERAGE(OFFSET('Data - For Rank'!E$2,Z29,0,COUNTIF(Z$6:Z$115,Z29)))+IFERROR(VLOOKUP((COUNT(W$6:W$115)/4),$ER$8:$ES$12,2,FALSE()),0),"") -> 11 | DA29: 8 | DB29: =IFERROR(AVERAGE(OFFSET('Data - For Rank'!F$2,AE29,0,COUNTIF(AE$6:AE$115,AE29)))+IFERROR(VLOOKUP((COUNT(AC$6:AC$115)/4),$ER$8:$ES$12,2,FALSE()),0),"") -> 12 | DD29: =IFERROR(AVERAGE(OFFSET('Data - For Rank'!G$2,AJ29,0,COUNTIF(AJ$6:AJ$115,AJ29)))+IFERROR(VLOOKUP((COUNT(AH$6:AH$115)/4),$ER$8:$ES$12,2,FALSE()),0),"") | DF29: =IFERROR(AVERAGE(OFFSET('Data - For Rank'!$H$2,AO29,0,COUNTIF(AO$6:AO$115,AO29)))+IFERROR(VLOOKUP((COUNT(AM$6:AM$115)/4),$ER$8:$ES$12,2,FALSE()),0),"") | DH29: =IFERROR(AVERAGE(OFFSET('Data - For Rank'!$I$2,AT29,0,COUNTIF(AT$6:AT$115,AT29)))+IFERROR(VLOOKUP((COUNT(AR$6:AR$115)/4),$ER$8:$ES$12,2,FALSE()),0),"") | DJ29: =IFERROR(AVERAGE(OFFSET('Data - For Rank'!$J$2,AY29,0,COUNTIF(AY$6:AY$115,AY29)))+IFERROR(VLOOKUP((COUNT(AW$6:AW$115)/4),$ER$8:$ES$12,2,FALSE()),0),"") | DL29: =IFERROR(AVERAGE(OFFSET('Data - For Rank'!$K$2,BD29,0,COUNTIF(BD$6:BD$115,BD29)))+IFERROR(VLOOKUP((COUNT(BB$6:BB$115)/4),$ER$8:$ES$12,2,FALSE()),0),"") | DN29: =IFERROR(AVERAGE(OFFSET('Data - For Rank'!$L$2,BI29,0,COUNTIF(BI$6:BI$115,BI29)))+IFERROR(VLOOKUP((COUNT(BG$6:BG$115)/4),$ER$8:$ES$12,2,FALSE()),0),"") | DP29: =IFERROR(AVERAGE(OFFSET('Data - For Rank'!$M$2,BN29,0,COUNTIF(BN$6:BN$115,BN29)))+IFERROR(VLOOKUP((COUNT(BL$6:BL$115)/4),$ER$8:$ES$12,2,FALSE()),0),"") | DR29: =IFERROR(AVERAGE(OFFSET('Data - For Rank'!$N$2,BS29,0,COUNTIF(BS$6:BS$115,BS29)))+IFERROR(VLOOKUP((COUNT(BQ$6:BQ$115)/4),$ER$8:$ES$12,2,FALSE()),0),"") | DT29: =IFERROR(AVERAGE(OFFSET('Data - For Rank'!$O$2,BX29,0,COUNTIF(BX$6:BX$115,BX29)))+IFERROR(VLOOKUP((COUNT(BV$6:BV$115)/4),$ER$8:$ES$12,2,FALSE()),0),"") | DV29: =IFERROR(AVERAGE(OFFSET('Data - For Rank'!$P$2,CC29,0,COUNTIF(CC$6:CC$115,CC29)))+IFERROR(VLOOKUP((COUNT(CA$6:CA$115)/4),$ER$8:$ES$12,2,FALSE()),0),"") | DX29: =IFERROR(AVERAGE(OFFSET('Data - For Rank'!$Q$2,CH29,0,COUNTIF(CH$6:CH$115,CH29)))+IFERROR(VLOOKUP((COUNT(CF$6:CF$115)/4),$ER$8:$ES$12,2,FALSE()),0),"") | DZ29: =IFERROR(AVERAGE(OFFSET('Data - For Rank'!$R$2,CM29,0,COUNTIF(CM$6:CM$115,CM29)))+IFERROR(VLOOKUP((COUNT(CK$6:CK$115)/4),$ER$8:$ES$12,2,FALSE()),0),"") | EB29: =IFERROR(AVERAGE(OFFSET('Data - For Rank'!$S$2,CR29,0,COUNTIF(CR$6:CR$115,CR29)))+IFERROR(VLOOKUP((COUNT(CP$6:CP$115)/4),$ER$8:$ES$12,2,FALSE()),0),"") | EC29: =CS29+CU29+CW29+CY29+DA29+DC29+DE29+DG29+DI29+DK29+DM29+DO29+DQ29+DS29+DU29+DW29+DY29+EA29 -> 3 | ED29: =AVERAGE(CT29,CV29,CX29,CZ29,DB29,DD29,DF29,DH29,DJ29,DL29,DN29,DP29,DR29,DT29,DV29,DX29,DZ29,EB29) -> 12
B30: =_xlfn.RANK.EQ(C30,$C$6:$C$63,) -> 9 | C30: =EC30 -> 60.5 | D30: CM | E30: Chris McNeely | F30: =COUNT(CT30,CV30,CX30,CZ30,DB30,DD30,DF30,DH30,DJ30,DL30,DN30,DP30,DR30,DT30,DV30,DX30,DZ30,EB30) -> 3 | G30: =IF(CT30=0,"",CT30) -> 24.5 | L30: =IF(CV30=0,"",CV30) | Q30: =IF(CX30=0,"",CX30) -> 27 | V30: =IF(CZ30=0,"",CZ30) | AA30: =IF(DB30=0,"",DB30) -> 9 | AF30: =IF(DD30=0,"",DD30) | AK30: =IF(DF30=0,"",DF30) | AP30: =IF(DH30=0,"",DH30) | AU30: =IF(DJ30=0,"",DJ30) | AZ30: =IF(DL30=0,"",DL30) | BE30: =IF(DN30=0,"",DN30) | BJ30: =IF(DP30=0,"",DP30) | BO30: =IF(DR30=0,"",DR30) | BT30: =IF(DT30=0,"",DT30) | BY30: =IF(DV30=0,"",DV30) | CD30: =IF(DX30=0,"",DX30) | CI30: =IF(DZ30=0,"",DZ30) | CN30: =IF(EB30=0,"",EB30) | CS30: 96 | CT30: =IFERROR(CT31+CT32,"") -> 24.5 | CV30: =IFERROR(CV31+CV32,"") | CW30: 95 | CX30: =IFERROR(CX31+CX32,"") -> 27 | CZ30: =IFERROR(CZ31+CZ32,"") | DA30: 102 | DB30: =IFERROR(DB31+DB32,"") -> 9 | DD30: =IFERROR(DD31+DD32,"") | DF30: =IFERROR(DF31+DF32,"") | DH30: =IFERROR(DH31+DH32,"") | DJ30: =IFERROR(DJ31+DJ32,"") | DL30: =IFERROR(DL31+DL32,"") | DN30: =IFERROR(DN31+DN32,"") | DP30: =IFERROR(DP31+DP32,"") | DR30: =IFERROR(DR31+DR32,"") | DT30: =IFERROR(DT31+DT32,"") | DV30: =IFERROR(DV31+DV32,"") | DX30: =IFERROR(DX31+DX32,"") | DZ30: =IFERROR(DZ31+DZ32,"") | EB30: =IFERROR(EB31+EB32,"") | EC30: =IFERROR(LARGE($G30:$CN30,1),0)+IFERROR(LARGE($G30:$CN30,2),0)+IFERROR(LARGE($G30:$CN30,3),0)+IFERROR(LARGE($G30:$CN30,4),0)+IFERROR(LARGE($G30:$CN30,5),0)+IFERROR(LARGE($G30:$CN30,6),0)+IFERROR(LARGE($G30:$CN30,7),0)+IFERROR(LARGE($G30:$CN30,8),0)+IFERROR(LARGE($G30:$CN30,9),0)+IFERROR(LARGE($G30:$CN30,10),0) -> 60.5 | ED30: =AVERAGE(CT30,CV30,CX30,CZ30,DB30,DD30,DF30,DH30,DJ30,DL30,DN30,DP30,DR30,DT30,DV30,DX30,DZ30,EB30) -> 20.166667
B31: =B30+0.19 -> 9.19 | D31: CM1 | E31: Harvey Points | H31: =IF(CS31=0,"",CS31) -> 31 | J31: =IFERROR(RANK(H31,H$6:H$115,0),"") -> 8 | M31: =IF(CU31=0,"",CU31) | O31: =IFERROR(RANK(M31,M$6:M$115,0),"") | R31: =IF(CW31=0,"",CW31) -> 35 | T31: =IFERROR(RANK(R31,R$6:R$115,0),"") -> 4 | W31: =IF(CY31=0,"",CY31) | Y31: =IFERROR(RANK(W31,W$6:W$115,0),"") | AB31: =IF(DA31=0,"",DA31) -> 23 | AD31: =IFERROR(RANK(AB31,AB$6:AB$115,0),"") -> 13 | AG31: =IF(DC31=0,"",DC31) | AI31: =IFERROR(RANK(AG31,AG$6:AG$115,0),"") | AL31: =IF(DE31=0,"",DE31) | AN31: =IFERROR(RANK(AL31,AL$6:AL$115,0),"") | AQ31: =IF(DG31=0,"",DG31) | AS31: =IFERROR(RANK(AQ31,AQ$6:AQ$115,0),"") | AV31: =IF(DI31=0,"",DI31) | AX31: =IFERROR(RANK(AV31,AV$6:AV$115,0),"") | BA31: =IF(DK31=0,"",DK31) | BC31: =IFERROR(RANK(BA31,BA$6:BA$115,0),"") | BF31: =IF(DM31=0,"",DM31) | BH31: =IFERROR(RANK(BF31,BF$6:BF$115,0),"") | BK31: =IF(DO31=0,"",DO31) | BM31: =IFERROR(RANK(BK31,BK$6:BK$115,0),"") | BP31: =IF(DQ31=0,"",DQ31) | BR31: =IFERROR(RANK(BP31,BP$6:BP$115,0),"") | BU31: =IF(DS31=0,"",DS31) | BW31: =IFERROR(RANK(BU31,BU$6:BU$115,0),"") | BZ31: =IF(DU31=0,"",DU31) | CB31: =IFERROR(RANK(BZ31,BZ$6:BZ$115,0),"") | CE31: =IF(DW31=0,"",DW31) | CG31: =IFERROR(RANK(CE31,CE$6:CE$115,0),"") | CJ31: =IF(DY31=0,"",DY31) | CL31: =IFERROR(RANK(CJ31,CJ$6:CJ$115,0),"") | CO31: =IF(EA31=0,"",EA31) | CQ31: =IFERROR(RANK(CO31,CO$6:CO$115,0),"") | CS31: 31 | CT31: =IFERROR(AVERAGE(OFFSET('Data - For Rank'!B$2,J31,0,COUNTIF($J$7:J$115,J31)))+IFERROR(VLOOKUP((COUNT($H$6:$H$115)/4),$ER$8:$ES$12,2,FALSE()),0),"") -> 10 | CV31: =IFERROR(AVERAGE(OFFSET('Data - For Rank'!$C$2,O31,0,COUNTIF(O$7:O$115,O31)))+IFERROR(VLOOKUP((COUNT(M$6:M$115)/4),$ER$8:$ES$12,2,FALSE()),0),"") | CW31: 35 | CX31: =IFERROR(AVERAGE(OFFSET('Data - For Rank'!D$2,T31,0,COUNTIF(T$7:T$115,T31)))+IFERROR(VLOOKUP((COUNT(R$6:R$115)/4),$ER$8:$ES$12,2,FALSE()),0),"") -> 13 | CZ31: =IFERROR(AVERAGE(OFFSET('Data - For Rank'!E$2,Y31,0,COUNTIF(Y$7:Y$115,Y31)))+IFERROR(VLOOKUP((COUNT(W$6:W$115)/4),$ER$8:$ES$12,2,FALSE()),0),"") | DA31: 23 | DB31: =IFERROR(AVERAGE(OFFSET('Data - For Rank'!F$2,AD31,0,COUNTIF(AD$7:AD$115,AD31)))+IFERROR(VLOOKUP((COUNT(AB$6:AB$115)/4),$ER$8:$ES$12,2,FALSE()),0),"") -> 6 | DD31: =IFERROR(AVERAGE(OFFSET('Data - For Rank'!G$2,AI31,0,COUNTIF(AI$7:AI$115,AI31)))+IFERROR(VLOOKUP((COUNT(AG$6:AG$115)/4),$ER$8:$ES$12,2,FALSE()),0),"") | DF31: =IFERROR(AVERAGE(OFFSET('Data - For Rank'!$H$2,AN31,0,COUNTIF(AN$7:AN$115,AN31)))+IFERROR(VLOOKUP((COUNT(AL$6:AL$115)/4),$ER$8:$ES$12,2,FALSE()),0),"") | DH31: =IFERROR(AVERAGE(OFFSET('Data - For Rank'!$I$2,AS31,0,COUNTIF(AS$7:AS$115,AS31)))+IFERROR(VLOOKUP((COUNT(AQ$6:AQ$115)/4),$ER$8:$ES$12,2,FALSE()),0),"") | DJ31: =IFERROR(AVERAGE(OFFSET('Data - For Rank'!$J$2,AX31,0,COUNTIF(AX$7:AX$115,AX31)))+IFERROR(VLOOKUP((COUNT(AV$6:AV$115)/4),$ER$8:$ES$12,2,FALSE()),0),"") | DL31: =IFERROR(AVERAGE(OFFSET('Data - For Rank'!$K$2,BC31,0,COUNTIF(BC$7:BC$115,BC31)))+IFERROR(VLOOKUP((COUNT(BA$6:BA$115)/4),$ER$8:$ES$12,2,FALSE()),0),"") | DN31: =IFERROR(AVERAGE(OFFSET('Data - For Rank'!$L$2,BH31,0,COUNTIF(BH$7:BH$115,BH31)))+IFERROR(VLOOKUP((COUNT(BF$6:BF$115)/4),$ER$8:$ES$12,2,FALSE()),0),"") | DP31: =IFERROR(AVERAGE(OFFSET('Data - For Rank'!$M$2,BM31,0,COUNTIF(BM$7:BM$115,BM31)))+IFERROR(VLOOKUP((COUNT(BK$6:BK$115)/4),$ER$8:$ES$12,2,FALSE()),0),"") | DR31: =IFERROR(AVERAGE(OFFSET('Data - For Rank'!$N$2,BR31,0,COUNTIF(BR$7:BR$115,BR31)))+IFERROR(VLOOKUP((COUNT(BP$6:BP$115)/4),$ER$8:$ES$12,2,FALSE()),0),"") | DT31: =IFERROR(AVERAGE(OFFSET('Data - For Rank'!$O$2,BW31,0,COUNTIF(BW$7:BW$115,BW31)))+IFERROR(VLOOKUP((COUNT(BU$6:BU$115)/4),$ER$8:$ES$12,2,FALSE()),0),"") | DV31: =IFERROR(AVERAGE(OFFSET('Data - For Rank'!$P$2,CB31,0,COUNTIF(CB$7:CB$115,CB31)))+IFERROR(VLOOKUP((COUNT(BZ$6:BZ$115)/4),$ER$8:$ES$12,2,FALSE()),0),"") | DX31: =IFERROR(AVERAGE(OFFSET('Data - For Rank'!$Q$2,CG31,0,COUNTIF(CG$7:CG$115,CG31)))+IFERROR(VLOOKUP((COUNT(CE$6:CE$115)/4),$ER$8:$ES$12,2,FALSE()),0),"") | DZ31: =IFERROR(AVERAGE(OFFSET('Data - For Rank'!$R$2,CL31,0,COUNTIF(CL$7:CL$115,CL31)))+IFERROR(VLOOKUP((COUNT(CJ$6:CJ$115)/4),$ER$8:$ES$12,2,FALSE()),0),"") | EB31: =IFERROR(AVERAGE(OFFSET('Data - For Rank'!$S$2,CQ31,0,COUNTIF(CQ$7:CQ$115,CQ31)))+IFERROR(VLOOKUP((COUNT(CO$6:CO$115)/4),$ER$8:$ES$12,2,FALSE()),0),"") | EC31: =AVERAGE(CS31,CU31,CW31,CY31,DA31,DC31,DE31,DG31,DI31,DK31,DM31,DO31,DQ31,DS31,DU31,DW31,DY31,EA31) -> 29.666667 | ED31: =AVERAGE(CT31,CV31,CX31,CZ31,DB31,DD31,DF31,DH31,DJ31,DL31,DN31,DP31,DR31,DT31,DV31,DX31,DZ31,EB31) -> 9.6666667
B32: =B30+0.029 -> 9.029 | D32: CM2 | E32: cash +/- | F32: =IF(COUNT(CT30:EB30)>10,SMALL(G30:CN30,COUNT(G30:CN30)-10),MIN(CT30:EB30)) -> 9 | I32: =IF(CS32=0,"",CS32) -> 10 | K32: =IFERROR(_xlfn.RANK.EQ(I32,I$6:I$115,0),"") -> 4 | N32: =IF(CU32=0,"",CU32) | P32: =IFERROR(_xlfn.RANK.EQ(N32,N$6:N$115,0),"") | S32: =IF(CW32=0,"",CW32) -> 17 | U32: =IFERROR(_xlfn.RANK.EQ(S32,S$6:S$115,0),"") -> 3 | X32: =IF(CY32=0,"",CY32) | Z32: =IFERROR(_xlfn.RANK.EQ(X32,X$6:X$115,0),"") | AC32: =IF(DA32=0,"",DA32) -> -74 | AE32: =IFERROR(_xlfn.RANK.EQ(AC32,AC$6:AC$115,0),"") -> 16 | AH32: =IF(DC32=0,"",DC32) | AJ32: =IFERROR(_xlfn.RANK.EQ(AH32,AH$6:AH$115,0),"") | AM32: =IF(DE32=0,"",DE32) | AO32: =IFERROR(_xlfn.RANK.EQ(AM32,AM$6:AM$115,0),"") | AR32: =IF(DG32=0,"",DG32) | AT32: =IFERROR(_xlfn.RANK.EQ(AR32,AR$6:AR$115,0),"") | AW32: =IF(DI32=0,"",DI32) | AY32: =IFERROR(_xlfn.RANK.EQ(AW32,AW$6:AW$115,0),"") | BB32: =IF(DK32=0,"",DK32) | BD32: =IFERROR(_xlfn.RANK.EQ(BB32,BB$6:BB$115,0),"") | BG32: =IF(DM32=0,"",DM32) | BI32: =IFERROR(_xlfn.RANK.EQ(BG32,BG$6:BG$115,0),"") | BL32: =IF(DO32=0,"",DO32) | BN32: =IFERROR(_xlfn.RANK.EQ(BL32,BL$6:BL$115,0),"") | BQ32: =IF(DQ32=0,"",DQ32) | BS32: =IFERROR(_xlfn.RANK.EQ(BQ32,BQ$6:BQ$115,0),"") | BV32: =IF(DS32=0,"",DS32) | BX32: =IFERROR(_xlfn.RANK.EQ(BV32,BV$6:BV$115,0),"") | CA32: =IF(DU32=0,"",DU32) | CC32: =IFERROR(_xlfn.RANK.EQ(CA32,CA$6:CA$115,0),"") | CF32: =IF(DW32=0,"",DW32) | CH32: =IFERROR(_xlfn.RANK.EQ(CF32,CF$6:CF$115,0),"") | CK32: =IF(DY32=0,"",DY32) | CM32: =IFERROR(_xlfn.RANK.EQ(CK32,CK$6:CK$115,0),"") | CP32: =IF(EA32=0,"",EA32) | CR32: =IFERROR(_xlfn.RANK.EQ(CP32,CP$6:CP$115,0),"") | CS32: 10 | CT32: =IFERROR(AVERAGE(OFFSET('Data - For Rank'!B$2,K32,0,COUNTIF(K$6:K$115,K32)))+IFERROR(VLOOKUP((COUNT($I$6:$I$115)/4),$ER$8:$ES$12,2,FALSE()),0),"") -> 14.5 | CV32: =IFERROR(AVERAGE(OFFSET('Data - For Rank'!$C$2,P32,0,COUNTIF(P$6:P$115,P32)))+IFERROR(VLOOKUP((COUNT(N$6:N$115)/4),$ER$8:$ES$12,2,FALSE()),0),"") | CW32: 17 | CX32: =IFERROR(AVERAGE(OFFSET('Data - For Rank'!D$2,U32,0,COUNTIF(U$6:$U139,U32)))+IFERROR(VLOOKUP((COUNT(S$6:S$115)/4),$ER$8:$ES$12,2,FALSE()),0),"") -> 14 | CZ32: =IFERROR(AVERAGE(OFFSET('Data - For Rank'!E$2,Z32,0,COUNTIF(Z$6:Z$115,Z32)))+IFERROR(VLOOKUP((COUNT(W$6:W$115)/4),$ER$8:$ES$12,2,FALSE()),0),"") | DA32: -74 | DB32: =IFERROR(AVERAGE(OFFSET('Data - For Rank'!F$2,AE32,0,COUNTIF(AE$6:AE$115,AE32)))+IFERROR(VLOOKUP((COUNT(AC$6:AC$115)/4),$ER$8:$ES$12,2,FALSE()),0),"") -> 3 | DD32: =IFERROR(AVERAGE(OFFSET('Data - For Rank'!G$2,AJ32,0,COUNTIF(AJ$6:AJ$115,AJ32)))+IFERROR(VLOOKUP((COUNT(AH$6:AH$115)/4),$ER$8:$ES$12,2,FALSE()),0),"") | DF32: =IFERROR(AVERAGE(OFFSET('Data - For Rank'!$H$2,AO32,0,COUNTIF(AO$6:AO$115,AO32)))+IFERROR(VLOOKUP((COUNT(AM$6:AM$115)/4),$ER$8:$ES$12,2,FALSE()),0),"") | DH32: =IFERROR(AVERAGE(OFFSET('Data - For Rank'!$I$2,AT32,0,COUNTIF(AT$6:AT$115,AT32)))+IFERROR(VLOOKUP((COUNT(AR$6:AR$115)/4),$ER$8:$ES$12,2,FALSE()),0),"") | DJ32: =IFERROR(AVERAGE(OFFSET('Data - For Rank'!$J$2,AY32,0,COUNTIF(AY$6:AY$115,AY32)))+IFERROR(VLOOKUP((COUNT(AW$6:AW$115)/4),$ER$8:$ES$12,2,FALSE()),0),"") | DL32: =IFERROR(AVERAGE(OFFSET('Data - For Rank'!$K$2,BD32,0,COUNTIF(BD$6:BD$115,BD32)))+IFERROR(VLOOKUP((COUNT(BB$6:BB$115)/4),$ER$8:$ES$12,2,FALSE()),0),"") | DN32: =IFERROR(AVERAGE(OFFSET('Data - For Rank'!$L$2,BI32,0,COUNTIF(BI$6:BI$115,BI32)))+IFERROR(VLOOKUP((COUNT(BG$6:BG$115)/4),$ER$8:$ES$12,2,FALSE()),0),"") | DP32: =IFERROR(AVERAGE(OFFSET('Data - For Rank'!$M$2,BN32,0,COUNTIF(BN$6:BN$115,BN32)))+IFERROR(VLOOKUP((COUNT(BL$6:BL$115)/4),$ER$8:$ES$12,2,FALSE()),0),"") | DR32: =IFERROR(AVERAGE(OFFSET('Data - For Rank'!$N$2,BS32,0,COUNTIF(BS$6:BS$115,BS32)))+IFERROR(VLOOKUP((COUNT(BQ$6:BQ$115)/4),$ER$8:$ES$12,2,FALSE()),0),"") | DT32: =IFERROR(AVERAGE(OFFSET('Data - For Rank'!$O$2,BX32,0,COUNTIF(BX$6:BX$115,BX32)))+IFERROR(VLOOKUP((COUNT(BV$6:BV$115)/4),$ER$8:$ES$12,2,FALSE()),0),"") | DV32: =IFERROR(AVERAGE(OFFSET('Data - For Rank'!$P$2,CC32,0,COUNTIF(CC$6:CC$115,CC32)))+IFERROR(VLOOKUP((COUNT(CA$6:CA$115)/4),$ER$8:$ES$12,2,FALSE()),0),"") | DX32: =IFERROR(AVERAGE(OFFSET('Data - For Rank'!$Q$2,CH32,0,COUNTIF(CH$6:CH$115,CH32)))+IFERROR(VLOOKUP((COUNT(CF$6:CF$115)/4),$ER$8:$ES$12,2,FALSE()),0),"") | DZ32: =IFERROR(AVERAGE(OFFSET('Data - For Rank'!$R$2,CM32,0,COUNTIF(CM$6:CM$115,CM32)))+IFERROR(VLOOKUP((COUNT(CK$6:CK$115)/4),$ER$8:$ES$12,2,FALSE()),0),"") | EB32: =IFERROR(AVERAGE(OFFSET('Data - For Rank'!$S$2,CR32,0,COUNTIF(CR$6:CR$115,CR32)))+IFERROR(VLOOKUP((COUNT(CP$6:CP$115)/4),$ER$8:$ES$12,2,FALSE()),0),"") | EC32: =CS32+CU32+CW32+CY32+DA32+DC32+DE32+DG32+DI32+DK32+DM32+DO32+DQ32+DS32+DU32+DW32+DY32+EA32 -> -47 | ED32: =AVERAGE(CT32,CV32,CX32,CZ32,DB32,DD32,DF32,DH32,DJ32,DL32,DN32,DP32,DR32,DT32,DV32,DX32,DZ32,EB32) -> 10.5
B33: =_xlfn.RANK.EQ(C33,$C$6:$C$63,) -> 10 | C33: =EC33 -> 56 | D33: NC | E33: Nathan Copley | F33: =COUNT(CT33,CV33,CX33,CZ33,DB33,DD33,DF33,DH33,DJ33,DL33,DN33,DP33,DR33,DT33,DV33,DX33,DZ33,EB33) -> 2 | G33: =IF(CT33=0,"",CT33) -> 22 | L33: =IF(CV33=0,"",CV33) | Q33: =IF(CX33=0,"",CX33) | V33: =IF(CZ33=0,"",CZ33) | AA33: =IF(DB33=0,"",DB33) -> 34 | AF33: =IF(DD33=0,"",DD33) | AK33: =IF(DF33=0,"",DF33) | AP33: =IF(DH33=0,"",DH33) | AU33: =IF(DJ33=0,"",DJ33) | AZ33: =IF(DL33=0,"",DL33) | BE33: =IF(DN33=0,"",DN33) | BJ33: =IF(DP33=0,"",DP33) | BO33: =IF(DR33=0,"",DR33) | BT33: =IF(DT33=0,"",DT33) | BY33: =IF(DV33=0,"",DV33) | CD33: =IF(DX33=0,"",DX33) | CI33: =IF(DZ33=0,"",DZ33) | CN33: =IF(EB33=0,"",EB33) | CS33: 85 | CT33: =IFERROR(CT34+CT35,"") -> 22 | CV33: =IFERROR(CV34+CV35,"") | CX33: =IFERROR(CX34+CX35,"") | CZ33: =IFERROR(CZ34+CZ35,"") | DA33: 80 | DB33: =IFERROR(DB34+DB35,"") -> 34 | DD33: =IFERROR(DD34+DD35,"") | DF33: =IFERROR(DF34+DF35,"") | DH33: =IFERROR(DH34+DH35,"") | DJ33: =IFERROR(DJ34+DJ35,"") | DL33: =IFERROR(DL34+DL35,"") | DN33: =IFERROR(DN34+DN35,"") | DP33: =IFERROR(DP34+DP35,"") | DR33: =IFERROR(DR34+DR35,"") | DT33: =IFERROR(DT34+DT35,"") | DV33: =IFERROR(DV34+DV35,"") | DX33: =IFERROR(DX34+DX35,"") | DZ33: =IFERROR(DZ34+DZ35,"") | EB33: =IFERROR(EB34+EB35,"") | EC33: =IFERROR(LARGE($G33:$CN33,1),0)+IFERROR(LARGE($G33:$CN33,2),0)+IFERROR(LARGE($G33:$CN33,3),0)+IFERROR(LARGE($G33:$CN33,4),0)+IFERROR(LARGE($G33:$CN33,5),0)+IFERROR(LARGE($G33:$CN33,6),0)+IFERROR(LARGE($G33:$CN33,7),0)+IFERROR(LARGE($G33:$CN33,8),0)+IFERROR(LARGE($G33:$CN33,9),0)+IFERROR(LARGE($G33:$CN33,10),0) -> 56 | ED33: =AVERAGE(CT33,CV33,CX33,CZ33,DB33,DD33,DF33,DH33,DJ33,DL33,DN33,DP33,DR33,DT33,DV33,DX33,DZ33,EB33) -> 28
B34: =B33+0.111 -> 10.111 | D34: NC1 | E34: Harvey Points | H34: =IF(CS34=0,"",CS34) -> 32 | J34: =IFERROR(RANK(H34,H$6:H$115,0),"") -> 6 | M34: =IF(CU34=0,"",CU34) | O34: =IFERROR(RANK(M34,M$6:M$115,0),"") | R34: =IF(CW34=0,"",CW34) | T34: =IFERROR(RANK(R34,R$6:R$115,0),"") | W34: =IF(CY34=0,"",CY34) | Y34: =IFERROR(RANK(W34,W$6:W$115,0),"") | AB34: =IF(DA34=0,"",DA34) -> 37 | AD34: =IFERROR(RANK(AB34,AB$6:AB$115,0),"") -> 1 | AG34: =IF(DC34=0,"",DC34) | AI34: =IFERROR(RANK(AG34,AG$6:AG$115,0),"") | AL34: =IF(DE34=0,"",DE34) | AN34: =IFERROR(RANK(AL34,AL$6:AL$115,0),"") | AQ34: =IF(DG34=0,"",DG34) | AS34: =IFERROR(RANK(AQ34,AQ$6:AQ$115,0),"") | AV34: =IF(DI34=0,"",DI34) | AX34: =IFERROR(RANK(AV34,AV$6:AV$115,0),"") | BA34: =IF(DK34=0,"",DK34) | BC34: =IFERROR(RANK(BA34,BA$6:BA$115,0),"") | BF34: =IF(DM34=0,"",DM34) | BH34: =IFERROR(RANK(BF34,BF$6:BF$115,0),"") | BK34: =IF(DO34=0,"",DO34) | BM34: =IFERROR(RANK(BK34,BK$6:BK$115,0),"") | BP34: =IF(DQ34=0,"",DQ34) | BR34: =IFERROR(RANK(BP34,BP$6:BP$115,0),"") | BU34: =IF(DS34=0,"",DS34) | BW34: =IFERROR(RANK(BU34,BU$6:BU$115,0),"") | BZ34: =IF(DU34=0,"",DU34) | CB34: =IFERROR(RANK(BZ34,BZ$6:BZ$115,0),"") | CE34: =IF(DW34=0,"",DW34) | CG34: =IFERROR(RANK(CE34,CE$6:CE$115,0),"") | CJ34: =IF(DY34=0,"",DY34) | CL34: =IFERROR(RANK(CJ34,CJ$6:CJ$115,0),"") | CO34: =IF(EA34=0,"",EA34) | CQ34: =IFERROR(RANK(CO34,CO$6:CO$115,0),"") | CS34: 32 | CT34: =IFERROR(AVERAGE(OFFSET('Data - For Rank'!B$2,J34,0,COUNTIF($J$7:J$115,J34)))+IFERROR(VLOOKUP((COUNT($H$6:$H$115)/4),$ER$8:$ES$12,2,FALSE()),0),"") -> 12.5 | CV34: =IFERROR(AVERAGE(OFFSET('Data - For Rank'!$C$2,O34,0,COUNTIF(O$7:O$115,O34)))+IFERROR(VLOOKUP((COUNT(M$6:M$115)/4),$ER$8:$ES$12,2,FALSE()),0),"") | CX34: =IFERROR(AVERAGE(OFFSET('Data - For Rank'!D$2,T34,0,COUNTIF(T$7:T$115,T34)))+IFERROR(VLOOKUP((COUNT(R$6:R$115)/4),$ER$8:$ES$12,2,FALSE()),0),"") | CZ34: =IFERROR(AVERAGE(OFFSET('Data - For Rank'!E$2,Y34,0,COUNTIF(Y$7:Y$115,Y34)))+IFERROR(VLOOKUP((COUNT(W$6:W$115)/4),$ER$8:$ES$12,2,FALSE()),0),"") | DA34: 37 | DB34: =IFERROR(AVERAGE(OFFSET('Data - For Rank'!F$2,AD34,0,COUNTIF(AD$7:AD$115,AD34)))+IFERROR(VLOOKUP((COUNT(AB$6:AB$115)/4),$ER$8:$ES$12,2,FALSE()),0),"") -> 18 | DD34: =IFERROR(AVERAGE(OFFSET('Data - For Rank'!G$2,AI34,0,COUNTIF(AI$7:AI$115,AI34)))+IFERROR(VLOOKUP((COUNT(AG$6:AG$115)/4),$ER$8:$ES$12,2,FALSE()),0),"") | DF34: =IFERROR(AVERAGE(OFFSET('Data - For Rank'!$H$2,AN34,0,COUNTIF(AN$7:AN$115,AN34)))+IFERROR(VLOOKUP((COUNT(AL$6:AL$115)/4),$ER$8:$ES$12,2,FALSE()),0),"") | DH34: =IFERROR(AVERAGE(OFFSET('Data - For Rank'!$I$2,AS34,0,COUNTIF(AS$7:AS$115,AS34)))+IFERROR(VLOOKUP((COUNT(AQ$6:AQ$115)/4),$ER$8:$ES$12,2,FALSE()),0),"") | DJ34: =IFERROR(AVERAGE(OFFSET('Data - For Rank'!$J$2,AX34,0,COUNTIF(AX$7:AX$115,AX34)))+IFERROR(VLOOKUP((COUNT(AV$6:AV$115)/4),$ER$8:$ES$12,2,FALSE()),0),"") | DL34: =IFERROR(AVERAGE(OFFSET('Data - For Rank'!$K$2,BC34,0,COUNTIF(BC$7:BC$115,BC34)))+IFERROR(VLOOKUP((COUNT(BA$6:BA$115)/4),$ER$8:$ES$12,2,FALSE()),0),"") | DN34: =IFERROR(AVERAGE(OFFSET('Data - For Rank'!$L$2,BH34,0,COUNTIF(BH$7:BH$115,BH34)))+IFERROR(VLOOKUP((COUNT(BF$6:BF$115)/4),$ER$8:$ES$12,2,FALSE()),0),"") | DP34: =IFERROR(AVERAGE(OFFSET('Data - For Rank'!$M$2,BM34,0,COUNTIF(BM$7:BM$115,BM34)))+IFERROR(VLOOKUP((COUNT(BK$6:BK$115)/4),$ER$8:$ES$12,2,FALSE()),0),"") | DR34: =IFERROR(AVERAGE(OFFSET('Data - For Rank'!$N$2,BR34,0,COUNTIF(BR$7:BR$115,BR34)))+IFERROR(VLOOKUP((COUNT(BP$6:BP$115)/4),$ER$8:$ES$12,2,FALSE()),0),"") | DT34: =IFERROR(AVERAGE(OFFSET('Data - For Rank'!$O$2,BW34,0,COUNTIF(BW$7:BW$115,BW34)))+IFERROR(VLOOKUP((COUNT(BU$6:BU$115)/4),$ER$8:$ES$12,2,FALSE()),0),"") | DV34: =IFERROR(AVERAGE(OFFSET('Data - For Rank'!$P$2,CB34,0,COUNTIF(CB$7:CB$115,CB34)))+IFERROR(VLOOKUP((COUNT(BZ$6:BZ$115)/4),$ER$8:$ES$12,2,FALSE()),0),"") | DX34: =IFERROR(AVERAGE(OFFSET('Data - For Rank'!$Q$2,CG34,0,COUNTIF(CG$7:CG$115,CG34)))+IFERROR(VLOOKUP((COUNT(CE$6:CE$115)/4),$ER$8:$ES$12,2,FALSE()),0),"") | DZ34: =IFERROR(AVERAGE(OFFSET('Data - For Rank'!$R$2,CL34,0,COUNTIF(CL$7:CL$115,CL34)))+IFERROR(VLOOKUP((COUNT(CJ$6:CJ$115)/4),$ER$8:$ES$12,2,FALSE()),0),"") | EB34: =IFERROR(AVERAGE(OFFSET('Data - For Rank'!$S$2,CQ34,0,COUNTIF(CQ$7:CQ$115,CQ34)))+IFERROR(VLOOKUP((COUNT(CO$6:CO$115)/4),$ER$8:$ES$12,2,FALSE()),0),"") | EC34: =AVERAGE(CS34,CU34,CW34,CY34,DA34,DC34,DE34,DG34,DI34,DK34,DM34,DO34,DQ34,DS34,DU34,DW34,DY34,EA34) -> 34.5 | ED34: =AVERAGE(CT34,CV34,CX34,CZ34,DB34,DD34,DF34,DH34,DJ34,DL34,DN34,DP34,DR34,DT34,DV34,DX34,DZ34,EB34) -> 15.25
B35: =B33+0.0211 -> 10.0211 | D35: NC2 | E35: cash +/- | F35: =IF(COUNT(CT33:EB33)>10,SMALL(G33:CN33,COUNT(G33:CN33)-10),MIN(CT33:EB33)) -> 22 | I35: =IF(CS35=0,"",CS35) -> -8 | K35: =IFERROR(_xlfn.RANK.EQ(I35,I$6:I$115,0),"") -> 9 | N35: =IF(CU35=0,"",CU35) | P35: =IFERROR(_xlfn.RANK.EQ(N35,N$6:N$115,0),"") | S35: =IF(CW35=0,"",CW35) | U35: =IFERROR(_xlfn.RANK.EQ(S35,S$6:S$115,0),"") | X35: =IF(CY35=0,"",CY35) | Z35: =IFERROR(_xlfn.RANK.EQ(X35,X$6:X$115,0),"") | AC35: =IF(DA35=0,"",DA35) -> 28 | AE35: =IFERROR(_xlfn.RANK.EQ(AC35,AC$6:AC$115,0),"") -> 3 | AH35: =IF(DC35=0,"",DC35) | AJ35: =IFERROR(_xlfn.RANK.EQ(AH35,AH$6:AH$115,0),"") | AM35: =IF(DE35=0,"",DE35) | AO35: =IFERROR(_xlfn.RANK.EQ(AM35,AM$6:AM$115,0),"") | AR35: =IF(DG35=0,"",DG35) | AT35: =IFERROR(_xlfn.RANK.EQ(AR35,AR$6:AR$115,0),"") | AW35: =IF(DI35=0,"",DI35) | AY35: =IFERROR(_xlfn.RANK.EQ(AW35,AW$6:AW$115,0),"") | BB35: =IF(DK35=0,"",DK35) | BD35: =IFERROR(_xlfn.RANK.EQ(BB35,BB$6:BB$115,0),"") | BG35: =IF(DM35=0,"",DM35) | BI35: =IFERROR(_xlfn.RANK.EQ(BG35,BG$6:BG$115,0),"") | BL35: =IF(DO35=0,"",DO35) | BN35: =IFERROR(_xlfn.RANK.EQ(BL35,BL$6:BL$115,0),"") | BQ35: =IF(DQ35=0,"",DQ35) | BS35: =IFERROR(_xlfn.RANK.EQ(BQ35,BQ$6:BQ$115,0),"") | BV35: =IF(DS35=0,"",DS35) | BX35: =IFERROR(_xlfn.RANK.EQ(BV35,BV$6:BV$115,0),"") | CA35: =IF(DU35=0,"",DU35) | CC35: =IFERROR(_xlfn.RANK.EQ(CA35,CA$6:CA$115,0),"") | CF35: =IF(DW35=0,"",DW35) | CH35: =IFERROR(_xlfn.RANK.EQ(CF35,CF$6:CF$115,0),"") | CK35: =IF(DY35=0,"",DY35) | CM35: =IFERROR(_xlfn.RANK.EQ(CK35,CK$6:CK$115,0),"") | CP35: =IF(EA35=0,"",EA35) | CR35: =IFERROR(_xlfn.RANK.EQ(CP35,CP$6:CP$115,0),"") | CS35: -8 | CT35: =IFERROR(AVERAGE(OFFSET('Data - For Rank'!B$2,K35,0,COUNTIF(K$6:K$115,K35)))+IFERROR(VLOOKUP((COUNT($I$6:$I$115)/4),$ER$8:$ES$12,2,FALSE()),0),"") -> 9.5 | CV35: =IFERROR(AVERAGE(OFFSET('Data - For Rank'!$C$2,P35,0,COUNTIF(P$6:P$115,P35)))+IFERROR(VLOOKUP((COUNT(N$6:N$115)/4),$ER$8:$ES$12,2,FALSE()),0),"") | CX35: =IFERROR(AVERAGE(OFFSET('Data - For Rank'!D$2,U35,0,COUNTIF(U$6:$U142,U35)))+IFERROR(VLOOKUP((COUNT(S$6:S$115)/4),$ER$8:$ES$12,2,FALSE()),0),"") | CZ35: =IFERROR(AVERAGE(OFFSET('Data - For Rank'!E$2,Z35,0,COUNTIF(Z$6:Z$115,Z35)))+IFERROR(VLOOKUP((COUNT(W$6:W$115)/4),$ER$8:$ES$12,2,FALSE()),0),"") | DA35: 28 | DB35: =IFERROR(AVERAGE(OFFSET('Data - For Rank'!F$2,AE35,0,COUNTIF(AE$6:AE$115,AE35)))+IFERROR(VLOOKUP((COUNT(AC$6:AC$115)/4),$ER$8:$ES$12,2,FALSE()),0),"") -> 16 | DD35: =IFERROR(AVERAGE(OFFSET('Data - For Rank'!G$2,AJ35,0,COUNTIF(AJ$6:AJ$115,AJ35)))+IFERROR(VLOOKUP((COUNT(AH$6:AH$115)/4),$ER$8:$ES$12,2,FALSE()),0),"") | DF35: =IFERROR(AVERAGE(OFFSET('Data - For Rank'!$H$2,AO35,0,COUNTIF(AO$6:AO$115,AO35)))+IFERROR(VLOOKUP((COUNT(AM$6:AM$115)/4),$ER$8:$ES$12,2,FALSE()),0),"") | DH35: =IFERROR(AVERAGE(OFFSET('Data - For Rank'!$I$2,AT35,0,COUNTIF(AT$6:AT$115,AT35)))+IFERROR(VLOOKUP((COUNT(AR$6:AR$115)/4),$ER$8:$ES$12,2,FALSE()),0),"") | DJ35: =IFERROR(AVERAGE(OFFSET('Data - For Rank'!$J$2,AY35,0,COUNTIF(AY$6:AY$115,AY35)))+IFERROR(VLOOKUP((COUNT(AW$6:AW$115)/4),$ER$8:$ES$12,2,FALSE()),0),"") | DL35: =IFERROR(AVERAGE(OFFSET('Data - For Rank'!$K$2,BD35,0,COUNTIF(BD$6:BD$115,BD35)))+IFERROR(VLOOKUP((COUNT(BB$6:BB$115)/4),$ER$8:$ES$12,2,FALSE()),0),"") | DN35: =IFERROR(AVERAGE(OFFSET('Data - For Rank'!$L$2,BI35,0,COUNTIF(BI$6:BI$115,BI35)))+IFERROR(VLOOKUP((COUNT(BG$6:BG$115)/4),$ER$8:$ES$12,2,FALSE()),0),"") | DP35: =IFERROR(AVERAGE(OFFSET('Data - For Rank'!$M$2,BN35,0,COUNTIF(BN$6:BN$115,BN35)))+IFERROR(VLOOKUP((COUNT(BL$6:BL$115)/4),$ER$8:$ES$12,2,FALSE()),0),"") | DR35: =IFERROR(AVERAGE(OFFSET('Data - For Rank'!$N$2,BS35,0,COUNTIF(BS$6:BS$115,BS35)))+IFERROR(VLOOKUP((COUNT(BQ$6:BQ$115)/4),$ER$8:$ES$12,2,FALSE()),0),"") | DT35: =IFERROR(AVERAGE(OFFSET('Data - For Rank'!$O$2,BX35,0,COUNTIF(BX$6:BX$115,BX35)))+IFERROR(VLOOKUP((COUNT(BV$6:BV$115)/4),$ER$8:$ES$12,2,FALSE()),0),"") | DV35: =IFERROR(AVERAGE(OFFSET('Data - For Rank'!$P$2,CC35,0,COUNTIF(CC$6:CC$115,CC35)))+IFERROR(VLOOKUP((COUNT(CA$6:CA$115)/4),$ER$8:$ES$12,2,FALSE()),0),"") | DX35: =IFERROR(AVERAGE(OFFSET('Data - For Rank'!$Q$2,CH35,0,COUNTIF(CH$6:CH$115,CH35)))+IFERROR(VLOOKUP((COUNT(CF$6:CF$115)/4),$ER$8:$ES$12,2,FALSE()),0),"") | DZ35: =IFERROR(AVERAGE(OFFSET('Data - For Rank'!$R$2,CM35,0,COUNTIF(CM$6:CM$115,CM35)))+IFERROR(VLOOKUP((COUNT(CK$6:CK$115)/4),$ER$8:$ES$12,2,FALSE()),0),"") | EB35: =IFERROR(AVERAGE(OFFSET('Data - For Rank'!$S$2,CR35,0,COUNTIF(CR$6:CR$115,CR35)))+IFERROR(VLOOKUP((COUNT(CP$6:CP$115)/4),$ER$8:$ES$12,2,FALSE()),0),"") | EC35: =CS35+CU35+CW35+CY35+DA35+DC35+DE35+DG35+DI35+DK35+DM35+DO35+DQ35+DS35+DU35+DW35+DY35+EA35 -> 20 | ED35: =AVERAGE(CT35,CV35,CX35,CZ35,DB35,DD35,DF35,DH35,DJ35,DL35,DN35,DP35,DR35,DT35,DV35,DX35,DZ35,EB35) -> 12.75
B36: =_xlfn.RANK.EQ(C36,$C$6:$C$63,) -> 11 | C36: =EC36 -> 54.5 | D36: MB | E36: Mike Bonner | F36: =COUNT(CT36,CV36,CX36,CZ36,DB36,DD36,DF36,DH36,DJ36,DL36,DN36,DP36,DR36,DT36,DV36,DX36,DZ36,EB36) -> 3 | G36: =IF(CT36=0,"",CT36) -> 18.5 | L36: =IF(CV36=0,"",CV36) | Q36: =IF(CX36=0,"",CX36) -> 19 | V36: =IF(CZ36=0,"",CZ36) -> 17 | AA36: =IF(DB36=0,"",DB36) | AF36: =IF(DD36=0,"",DD36) | AK36: =IF(DF36=0,"",DF36) | AP36: =IF(DH36=0,"",DH36) | AU36: =IF(DJ36=0,"",DJ36) | AZ36: =IF(DL36=0,"",DL36) | BE36: =IF(DN36=0,"",DN36) | BJ36: =IF(DP36=0,"",DP36) | BO36: =IF(DR36=0,"",DR36) | BT36: =IF(DT36=0,"",DT36) | BY36: =IF(DV36=0,"",DV36) | CD36: =IF(DX36=0,"",DX36) | CI36: =IF(DZ36=0,"",DZ36) | CN36: =IF(EB36=0,"",EB36) | CS36: 89 | CT36: =IFERROR(CT37+CT38,"") -> 18.5 | CV36: =IFERROR(CV37+CV38,"") | CW36: 91 | CX36: =IFERROR(CX37+CX38,"") -> 19 | CY36: 93 | CZ36: =IFERROR(CZ37+CZ38,"") -> 17 | DB36: =IFERROR(DB37+DB38,"") | DD36: =IFERROR(DD37+DD38,"") | DF36: =IFERROR(DF37+DF38,"") | DH36: =IFERROR(DH37+DH38,"") | DJ36: =IFERROR(DJ37+DJ38,"") | DL36: =IFERROR(DL37+DL38,"") | DN36: =IFERROR(DN37+DN38,"") | DP36: =IFERROR(DP37+DP38,"") | DR36: =IFERROR(DR37+DR38,"") | DT36: =IFERROR(DT37+DT38,"") | DV36: =IFERROR(DV37+DV38,"") | DX36: =IFERROR(DX37+DX38,"") | DZ36: =IFERROR(DZ37+DZ38,"") | EB36: =IFERROR(EB37+EB38,"") | EC36: =IFERROR(LARGE($G36:$CN36,1),0)+IFERROR(LARGE($G36:$CN36,2),0)+IFERROR(LARGE($G36:$CN36,3),0)+IFERROR(LARGE($G36:$CN36,4),0)+IFERROR(LARGE($G36:$CN36,5),0)+IFERROR(LARGE($G36:$CN36,6),0)+IFERROR(LARGE($G36:$CN36,7),0)+IFERROR(LARGE($G36:$CN36,8),0)+IFERROR(LARGE($G36:$CN36,9),0)+IFERROR(LARGE($G36:$CN36,10),0) -> 54.5 | ED36: =AVERAGE(CT36,CV36,CX36,CZ36,DB36,DD36,DF36,DH36,DJ36,DL36,DN36,DP36,DR36,DT36,DV36,DX36,DZ36,EB36) -> 18.166667
B37: =B36+0.112 -> 11.112 | D37: MB1 | E37: Harvey Points | H37: =IF(CS37=0,"",CS37) -> 33 | J37: =IFERROR(RANK(H37,H$6:H$115,0),"") -> 4 | M37: =IF(CU37=0,"",CU37) | O37: =IFERROR(RANK(M37,M$6:M$115,0),"") | R37: =IF(CW37=0,"",CW37) -> 33 | T37: =IFERROR(RANK(R37,R$6:R$115,0),"") -> 5 | W37: =IF(CY37=0,"",CY37) -> 26 | Y37: =IFERROR(RANK(W37,W$6:W$115,0),"") -> 8 | AB37: =IF(DA37=0,"",DA37) | AD37: =IFERROR(RANK(AB37,AB$6:AB$115,0),"") | AG37: =IF(DC37=0,"",DC37) | AI37: =IFERROR(RANK(AG37,AG$6:AG$115,0),"") | AL37: =IF(DE37=0,"",DE37) | AN37: =IFERROR(RANK(AL37,AL$6:AL$115,0),"") | AQ37: =IF(DG37=0,"",DG37) | AS37: =IFERROR(RANK(AQ37,AQ$6:AQ$115,0),"") | AV37: =IF(DI37=0,"",DI37) | AX37: =IFERROR(RANK(AV37,AV$6:AV$115,0),"") | BA37: =IF(DK37=0,"",DK37) | BC37: =IFERROR(RANK(BA37,BA$6:BA$115,0),"") | BF37: =IF(DM37=0,"",DM37) | BH37: =IFERROR(RANK(BF37,BF$6:BF$115,0),"") | BK37: =IF(DO37=0,"",DO37) | BM37: =IFERROR(RANK(BK37,BK$6:BK$115,0),"") | BP37: =IF(DQ37=0,"",DQ37) | BR37: =IFERROR(RANK(BP37,BP$6:BP$115,0),"") | BU37: =IF(DS37=0,"",DS37) | BW37: =IFERROR(RANK(BU37,BU$6:BU$115,0),"") | BZ37: =IF(DU37=0,"",DU37) | CB37: =IFERROR(RANK(BZ37,BZ$6:BZ$115,0),"") | CE37: =IF(DW37=0,"",DW37) | CG37: =IFERROR(RANK(CE37,CE$6:CE$115,0),"") | CJ37: =IF(DY37=0,"",DY37) | CL37: =IFERROR(RANK(CJ37,CJ$6:CJ$115,0),"") | CO37: =IF(EA37=0,"",EA37) | CQ37: =IFERROR(RANK(CO37,CO$6:CO$115,0),"") | CS37: 33 | CT37: =IFERROR(AVERAGE(OFFSET('Data - For Rank'!B$2,J37,0,COUNTIF($J$7:J$115,J37)))+IFERROR(VLOOKUP((COUNT($H$6:$H$115)/4),$ER$8:$ES$12,2,FALSE()),0),"") -> 14.5 | CV37: =IFERROR(AVERAGE(OFFSET('Data - For Rank'!$C$2,O37,0,COUNTIF(O$7:O$115,O37)))+IFERROR(VLOOKUP((COUNT(M$6:M$115)/4),$ER$8:$ES$12,2,FALSE()),0),"") | CW37: 33 | CX37: =IFERROR(AVERAGE(OFFSET('Data - For Rank'!D$2,T37,0,COUNTIF(T$7:T$115,T37)))+IFERROR(VLOOKUP((COUNT(R$6:R$115)/4),$ER$8:$ES$12,2,FALSE()),0),"") -> 12 | CY37: 26 | CZ37: =IFERROR(AVERAGE(OFFSET('Data - For Rank'!E$2,Y37,0,COUNTIF(Y$7:Y$115,Y37)))+IFERROR(VLOOKUP((COUNT(W$6:W$115)/4),$ER$8:$ES$12,2,FALSE()),0),"") -> 7 | DB37: =IFERROR(AVERAGE(OFFSET('Data - For Rank'!F$2,AD37,0,COUNTIF(AD$7:AD$115,AD37)))+IFERROR(VLOOKUP((COUNT(AB$6:AB$115)/4),$ER$8:$ES$12,2,FALSE()),0),"") | DD37: =IFERROR(AVERAGE(OFFSET('Data - For Rank'!G$2,AI37,0,COUNTIF(AI$7:AI$115,AI37)))+IFERROR(VLOOKUP((COUNT(AG$6:AG$115)/4),$ER$8:$ES$12,2,FALSE()),0),"") | DF37: =IFERROR(AVERAGE(OFFSET('Data - For Rank'!$H$2,AN37,0,COUNTIF(AN$7:AN$115,AN37)))+IFERROR(VLOOKUP((COUNT(AL$6:AL$115)/4),$ER$8:$ES$12,2,FALSE()),0),"") | DH37: =IFERROR(AVERAGE(OFFSET('Data - For Rank'!$I$2,AS37,0,COUNTIF(AS$7:AS$115,AS37)))+IFERROR(VLOOKUP((COUNT(AQ$6:AQ$115)/4),$ER$8:$ES$12,2,FALSE()),0),"") | DJ37: =IFERROR(AVERAGE(OFFSET('Data - For Rank'!$J$2,AX37,0,COUNTIF(AX$7:AX$115,AX37)))+IFERROR(VLOOKUP((COUNT(AV$6:AV$115)/4),$ER$8:$ES$12,2,FALSE()),0),"") | DL37: =IFERROR(AVERAGE(OFFSET('Data - For Rank'!$K$2,BC37,0,COUNTIF(BC$7:BC$115,BC37)))+IFERROR(VLOOKUP((COUNT(BA$6:BA$115)/4),$ER$8:$ES$12,2,FALSE()),0),"") | DN37: =IFERROR(AVERAGE(OFFSET('Data - For Rank'!$L$2,BH37,0,COUNTIF(BH$7:BH$115,BH37)))+IFERROR(VLOOKUP((COUNT(BF$6:BF$115)/4),$ER$8:$ES$12,2,FALSE()),0),"") | DP37: =IFERROR(AVERAGE(OFFSET('Data - For Rank'!$M$2,BM37,0,COUNTIF(BM$7:BM$115,BM37)))+IFERROR(VLOOKUP((COUNT(BK$6:BK$115)/4),$ER$8:$ES$12,2,FALSE()),0),"") | DR37: =IFERROR(AVERAGE(OFFSET('Data - For Rank'!$N$2,BR37,0,COUNTIF(BR$7:BR$115,BR37)))+IFERROR(VLOOKUP((COUNT(BP$6:BP$115)/4),$ER$8:$ES$12,2,FALSE()),0),"") | DT37: =IFERROR(AVERAGE(OFFSET('Data - For Rank'!$O$2,BW37,0,COUNTIF(BW$7:BW$115,BW37)))+IFERROR(VLOOKUP((COUNT(BU$6:BU$115)/4),$ER$8:$ES$12,2,FALSE()),0),"") | DV37: =IFERROR(AVERAGE(OFFSET('Data - For Rank'!$P$2,CB37,0,COUNTIF(CB$7:CB$115,CB37)))+IFERROR(VLOOKUP((COUNT(BZ$6:BZ$115)/4),$ER$8:$ES$12,2,FALSE()),0),"") | DX37: =IFERROR(AVERAGE(OFFSET('Data - For Rank'!$Q$2,CG37,0,COUNTIF(CG$7:CG$115,CG37)))+IFERROR(VLOOKUP((COUNT(CE$6:CE$115)/4),$ER$8:$ES$12,2,FALSE()),0),"") | DZ37: =IFERROR(AVERAGE(OFFSET('Data - For Rank'!$R$2,CL37,0,COUNTIF(CL$7:CL$115,CL37)))+IFERROR(VLOOKUP((COUNT(CJ$6:CJ$115)/4),$ER$8:$ES$12,2,FALSE()),0),"") | EB37: =IFERROR(AVERAGE(OFFSET('Data - For Rank'!$S$2,CQ37,0,COUNTIF(CQ$7:CQ$115,CQ37)))+IFERROR(VLOOKUP((COUNT(CO$6:CO$115)/4),$ER$8:$ES$12,2,FALSE()),0),"") | EC37: =AVERAGE(CS37,CU37,CW37,CY37,DA37,DC37,DE37,DG37,DI37,DK37,DM37,DO37,DQ37,DS37,DU37,DW37,DY37,EA37) -> 30.666667 | ED37: =AVERAGE(CT37,CV37,CX37,CZ37,DB37,DD37,DF37,DH37,DJ37,DL37,DN37,DP37,DR37,DT37,DV37,DX37,DZ37,EB37) -> 11.166667
B38: =B36+0.0212 -> 11.0212 | D38: MB2 | E38: cash +/- | F38: =IF(COUNT(CT36:EB36)>10,SMALL(G36:CN36,COUNT(G36:CN36)-10),MIN(CT36:EB36)) -> 17 | I38: =IF(CS38=0,"",CS38) -> -15 | K38: =IFERROR(_xlfn.RANK.EQ(I38,I$6:I$115,0),"") -> 15 | N38: =IF(CU38=0,"",CU38) | P38: =IFERROR(_xlfn.RANK.EQ(N38,N$6:N$115,0),"") | S38: =IF(CW38=0,"",CW38) -> -12 | U38: =IFERROR(_xlfn.RANK.EQ(S38,S$6:S$115,0),"") -> 10 | X38: =IF(CY38=0,"",CY38) -> -13 | Z38: =IFERROR(_xlfn.RANK.EQ(X38,X$6:X$115,0),"") -> 5 | AC38: =IF(DA38=0,"",DA38) | AE38: =IFERROR(_xlfn.RANK.EQ(AC38,AC$6:AC$115,0),"") | AH38: =IF(DC38=0,"",DC38) | AJ38: =IFERROR(_xlfn.RANK.EQ(AH38,AH$6:AH$115,0),"") | AM38: =IF(DE38=0,"",DE38) | AO38: =IFERROR(_xlfn.RANK.EQ(AM38,AM$6:AM$115,0),"") | AR38: =IF(DG38=0,"",DG38) | AT38: =IFERROR(_xlfn.RANK.EQ(AR38,AR$6:AR$115,0),"") | AW38: =IF(DI38=0,"",DI38) | AY38: =IFERROR(_xlfn.RANK.EQ(AW38,AW$6:AW$115,0),"") | BB38: =IF(DK38=0,"",DK38) | BD38: =IFERROR(_xlfn.RANK.EQ(BB38,BB$6:BB$115,0),"") | BG38: =IF(DM38=0,"",DM38) | BI38: =IFERROR(_xlfn.RANK.EQ(BG38,BG$6:BG$115,0),"") | BL38: =IF(DO38=0,"",DO38) | BN38: =IFERROR(_xlfn.RANK.EQ(BL38,BL$6:BL$115,0),"") | BQ38: =IF(DQ38=0,"",DQ38) | BS38: =IFERROR(_xlfn.RANK.EQ(BQ38,BQ$6:BQ$115,0),"") | BV38: =IF(DS38=0,"",DS38) | BX38: =IFERROR(_xlfn.RANK.EQ(BV38,BV$6:BV$115,0),"") | CA38: =IF(DU38=0,"",DU38) | CC38: =IFERROR(_xlfn.RANK.EQ(CA38,CA$6:CA$115,0),"") | CF38: =IF(DW38=0,"",DW38) | CH38: =IFERROR(_xlfn.RANK.EQ(CF38,CF$6:CF$115,0),"") | CK38: =IF(DY38=0,"",DY38) | CM38: =IFERROR(_xlfn.RANK.EQ(CK38,CK$6:CK$115,0),"") | CP38: =IF(EA38=0,"",EA38) | CR38: =IFERROR(_xlfn.RANK.EQ(CP38,CP$6:CP$115,0),"") | CS38: -15 | CT38: =IFERROR(AVERAGE(OFFSET('Data - For Rank'!B$2,K38,0,COUNTIF(K$6:K$115,K38)))+IFERROR(VLOOKUP((COUNT($I$6:$I$115)/4),$ER$8:$ES$12,2,FALSE()),0),"") -> 4 | CV38: =IFERROR(AVERAGE(OFFSET('Data - For Rank'!$C$2,P38,0,COUNTIF(P$6:P$115,P38)))+IFERROR(VLOOKUP((COUNT(N$6:N$115)/4),$ER$8:$ES$12,2,FALSE()),0),"") | CW38: -12 | CX38: =IFERROR(AVERAGE(OFFSET('Data - For Rank'!D$2,U38,0,COUNTIF(U$6:$U145,U38)))+IFERROR(VLOOKUP((COUNT(S$6:S$115)/4),$ER$8:$ES$12,2,FALSE()),0),"") -> 7 | CY38: -13 | CZ38: =IFERROR(AVERAGE(OFFSET('Data - For Rank'!E$2,Z38,0,COUNTIF(Z$6:Z$115,Z38)))+IFERROR(VLOOKUP((COUNT(W$6:W$115)/4),$ER$8:$ES$12,2,FALSE()),0),"") -> 10 | DB38: =IFERROR(AVERAGE(OFFSET('Data - For Rank'!F$2,AE38,0,COUNTIF(AE$6:AE$115,AE38)))+IFERROR(VLOOKUP((COUNT(AC$6:AC$115)/4),$ER$8:$ES$12,2,FALSE()),0),"") | DD38: =IFERROR(AVERAGE(OFFSET('Data - For Rank'!G$2,AJ38,0,COUNTIF(AJ$6:AJ$115,AJ38)))+IFERROR(VLOOKUP((COUNT(AH$6:AH$115)/4),$ER$8:$ES$12,2,FALSE()),0),"") | DF38: =IFERROR(AVERAGE(OFFSET('Data - For Rank'!$H$2,AO38,0,COUNTIF(AO$6:AO$115,AO38)))+IFERROR(VLOOKUP((COUNT(AM$6:AM$115)/4),$ER$8:$ES$12,2,FALSE()),0),"") | DH38: =IFERROR(AVERAGE(OFFSET('Data - For Rank'!$I$2,AT38,0,COUNTIF(AT$6:AT$115,AT38)))+IFERROR(VLOOKUP((COUNT(AR$6:AR$115)/4),$ER$8:$ES$12,2,FALSE()),0),"") | DJ38: =IFERROR(AVERAGE(OFFSET('Data - For Rank'!$J$2,AY38,0,COUNTIF(AY$6:AY$115,AY38)))+IFERROR(VLOOKUP((COUNT(AW$6:AW$115)/4),$ER$8:$ES$12,2,FALSE()),0),"") | DL38: =IFERROR(AVERAGE(OFFSET('Data - For Rank'!$K$2,BD38,0,COUNTIF(BD$6:BD$115,BD38)))+IFERROR(VLOOKUP((COUNT(BB$6:BB$115)/4),$ER$8:$ES$12,2,FALSE()),0),"") | DN38: =IFERROR(AVERAGE(OFFSET('Data - For Rank'!$L$2,BI38,0,COUNTIF(BI$6:BI$115,BI38)))+IFERROR(VLOOKUP((COUNT(BG$6:BG$115)/4),$ER$8:$ES$12,2,FALSE()),0),"") | DP38: =IFERROR(AVERAGE(OFFSET('Data - For Rank'!$M$2,BN38,0,COUNTIF(BN$6:BN$115,BN38)))+IFERROR(VLOOKUP((COUNT(BL$6:BL$115)/4),$ER$8:$ES$12,2,FALSE()),0),"") | DR38: =IFERROR(AVERAGE(OFFSET('Data - For Rank'!$N$2,BS38,0,COUNTIF(BS$6:BS$115,BS38)))+IFERROR(VLOOKUP((COUNT(BQ$6:BQ$115)/4),$ER$8:$ES$12,2,FALSE()),0),"") | DT38: =IFERROR(AVERAGE(OFFSET('Data - For Rank'!$O$2,BX38,0,COUNTIF(BX$6:BX$115,BX38)))+IFERROR(VLOOKUP((COUNT(BV$6:BV$115)/4),$ER$8:$ES$12,2,FALSE()),0),"") | DV38: =IFERROR(AVERAGE(OFFSET('Data - For Rank'!$P$2,CC38,0,COUNTIF(CC$6:CC$115,CC38)))+IFERROR(VLOOKUP((COUNT(CA$6:CA$115)/4),$ER$8:$ES$12,2,FALSE()),0),"") | DX38: =IFERROR(AVERAGE(OFFSET('Data - For Rank'!$Q$2,CH38,0,COUNTIF(CH$6:CH$115,CH38)))+IFERROR(VLOOKUP((COUNT(CF$6:CF$115)/4),$ER$8:$ES$12,2,FALSE()),0),"") | DZ38: =IFERROR(AVERAGE(OFFSET('Data - For Rank'!$R$2,CM38,0,COUNTIF(CM$6:CM$115,CM38)))+IFERROR(VLOOKUP((COUNT(CK$6:CK$115)/4),$ER$8:$ES$12,2,FALSE()),0),"") | EB38: =IFERROR(AVERAGE(OFFSET('Data - For Rank'!$S$2,CR38,0,COUNTIF(CR$6:CR$115,CR38)))+IFERROR(VLOOKUP((COUNT(CP$6:CP$115)/4),$ER$8:$ES$12,2,FALSE()),0),"") | EC38: =CS38+CU38+CW38+CY38+DA38+DC38+DE38+DG38+DI38+DK38+DM38+DO38+DQ38+DS38+DU38+DW38+DY38+EA38 -> -40 | ED38: =AVERAGE(CT38,CV38,CX38,CZ38,DB38,DD38,DF38,DH38,DJ38,DL38,DN38,DP38,DR38,DT38,DV38,DX38,DZ38,EB38) -> 7
B39: =_xlfn.RANK.EQ(C39,$C$6:$C$63,) -> 12 | C39: =EC39 -> 50 | D39: JS | E39: Josh Stoll | F39: =COUNT(CT39,CV39,CX39,CZ39,DB39,DD39,DF39,DH39,DJ39,DL39,DN39,DP39,DR39,DT39,DV39,DX39,DZ39,EB39) -> 3 | G39: =IF(CT39=0,"",CT39) -> 10.5 | L39: =IF(CV39=0,"",CV39) | Q39: =IF(CX39=0,"",CX39) -> 14.5 | V39: =IF(CZ39=0,"",CZ39) | AA39: =IF(DB39=0,"",DB39) -> 25 | AF39: =IF(DD39=0,"",DD39) | AK39: =IF(DF39=0,"",DF39) | AP39: =IF(DH39=0,"",DH39) | AU39: =IF(DJ39=0,"",DJ39) | AZ39: =IF(DL39=0,"",DL39) | BE39: =IF(DN39=0,"",DN39) | BJ39: =IF(DP39=0,"",DP39) | BO39: =IF(DR39=0,"",DR39) | BT39: =IF(DT39=0,"",DT39) | BY39: =IF(DV39=0,"",DV39) | CD39: =IF(DX39=0,"",DX39) | CI39: =IF(DZ39=0,"",DZ39) | CN39: =IF(EB39=0,"",EB39) | CS39: 93 | CT39: =IFERROR(CT40+CT41,"") -> 10.5 | CV39: =IFERROR(CV40+CV41,"") | CW39: 101 | CX39: =IFERROR(CX40+CX41,"") -> 14.5 | CZ39: =IFERROR(CZ40+CZ41,"") | DA39: 92 | DB39: =IFERROR(DB40+DB41,"") -> 25 | DD39: =IFERROR(DD40+DD41,"") | DF39: =IFERROR(DF40+DF41,"") | DH39: =IFERROR(DH40+DH41,"") | DJ39: =IFERROR(DJ40+DJ41,"") | DL39: =IFERROR(DL40+DL41,"") | DN39: =IFERROR(DN40+DN41,"") | DP39: =IFERROR(DP40+DP41,"") | DR39: =IFERROR(DR40+DR41,"") | DT39: =IFERROR(DT40+DT41,"") | DV39: =IFERROR(DV40+DV41,"") | DX39: =IFERROR(DX40+DX41,"") | DZ39: =IFERROR(DZ40+DZ41,"") | EB39: =IFERROR(EB40+EB41,"") | EC39: =IFERROR(LARGE($G39:$CN39,1),0)+IFERROR(LARGE($G39:$CN39,2),0)+IFERROR(LARGE($G39:$CN39,3),0)+IFERROR(LARGE($G39:$CN39,4),0)+IFERROR(LARGE($G39:$CN39,5),0)+IFERROR(LARGE($G39:$CN39,6),0)+IFERROR(LARGE($G39:$CN39,7),0)+IFERROR(LARGE($G39:$CN39,8),0)+IFERROR(LARGE($G39:$CN39,9),0)+IFERROR(LARGE($G39:$CN39,10),0) -> 50 | ED39: =AVERAGE(CT39,CV39,CX39,CZ39,DB39,DD39,DF39,DH39,DJ39,DL39,DN39,DP39,DR39,DT39,DV39,DX39,DZ39,EB39) -> 16.666667
B40: =B39+0.113 -> 12.113 | D40: JS1 | E40: Harvey Points | H40: =IF(CS40=0,"",CS40) -> 30 | J40: =IFERROR(RANK(H40,H$6:H$115,0),"") -> 11 | M40: =IF(CU40=0,"",CU40) | O40: =IFERROR(RANK(M40,M$6:M$115,0),"") | R40: =IF(CW40=0,"",CW40) -> 24 | T40: =IFERROR(RANK(R40,R$6:R$115,0),"") -> 11 | W40: =IF(CY40=0,"",CY40) | Y40: =IFERROR(RANK(W40,W$6:W$115,0),"") | AB40: =IF(DA40=0,"",DA40) -> 31 | AD40: =IFERROR(RANK(AB40,AB$6:AB$115,0),"") -> 7 | AG40: =IF(DC40=0,"",DC40) | AI40: =IFERROR(RANK(AG40,AG$6:AG$115,0),"") | AL40: =IF(DE40=0,"",DE40) | AN40: =IFERROR(RANK(AL40,AL$6:AL$115,0),"") | AQ40: =IF(DG40=0,"",DG40) | AS40: =IFERROR(RANK(AQ40,AQ$6:AQ$115,0),"") | AV40: =IF(DI40=0,"",DI40) | AX40: =IFERROR(RANK(AV40,AV$6:AV$115,0),"") | BA40: =IF(DK40=0,"",DK40) | BC40: =IFERROR(RANK(BA40,BA$6:BA$115,0),"") | BF40: =IF(DM40=0,"",DM40) | BH40: =IFERROR(RANK(BF40,BF$6:BF$115,0),"") | BK40: =IF(DO40=0,"",DO40) | BM40: =IFERROR(RANK(BK40,BK$6:BK$115,0),"") | BP40: =IF(DQ40=0,"",DQ40) | BR40: =IFERROR(RANK(BP40,BP$6:BP$115,0),"") | BU40: =IF(DS40=0,"",DS40) | BW40: =IFERROR(RANK(BU40,BU$6:BU$115,0),"") | BZ40: =IF(DU40=0,"",DU40) | CB40: =IFERROR(RANK(BZ40,BZ$6:BZ$115,0),"") | CE40: =IF(DW40=0,"",DW40) | CG40: =IFERROR(RANK(CE40,CE$6:CE$115,0),"") | CJ40: =IF(DY40=0,"",DY40) | CL40: =IFERROR(RANK(CJ40,CJ$6:CJ$115,0),"") | CO40: =IF(EA40=0,"",EA40) | CQ40: =IFERROR(RANK(CO40,CO$6:CO$115,0),"") | CS40: 30 | CT40: =IFERROR(AVERAGE(OFFSET('Data - For Rank'!B$2,J40,0,COUNTIF($J$7:J$115,J40)))+IFERROR(VLOOKUP((COUNT($H$6:$H$115)/4),$ER$8:$ES$12,2,FALSE()),0),"") -> 7.5 | CV40: =IFERROR(AVERAGE(OFFSET('Data - For Rank'!$C$2,O40,0,COUNTIF(O$7:O$115,O40)))+IFERROR(VLOOKUP((COUNT(M$6:M$115)/4),$ER$8:$ES$12,2,FALSE()),0),"") | CW40: 24 | CX40: =IFERROR(AVERAGE(OFFSET('Data - For Rank'!D$2,T40,0,COUNTIF(T$7:T$115,T40)))+IFERROR(VLOOKUP((COUNT(R$6:R$115)/4),$ER$8:$ES$12,2,FALSE()),0),"") -> 6 | CZ40: =IFERROR(AVERAGE(OFFSET('Data - For Rank'!E$2,Y40,0,COUNTIF(Y$7:Y$115,Y40)))+IFERROR(VLOOKUP((COUNT(W$6:W$115)/4),$ER$8:$ES$12,2,FALSE()),0),"") | DA40: 31 | DB40: =IFERROR(AVERAGE(OFFSET('Data - For Rank'!F$2,AD40,0,COUNTIF(AD$7:AD$115,AD40)))+IFERROR(VLOOKUP((COUNT(AB$6:AB$115)/4),$ER$8:$ES$12,2,FALSE()),0),"") -> 11 | DD40: =IFERROR(AVERAGE(OFFSET('Data - For Rank'!G$2,AI40,0,COUNTIF(AI$7:AI$115,AI40)))+IFERROR(VLOOKUP((COUNT(AG$6:AG$115)/4),$ER$8:$ES$12,2,FALSE()),0),"") | DF40: =IFERROR(AVERAGE(OFFSET('Data - For Rank'!$H$2,AN40,0,COUNTIF(AN$7:AN$115,AN40)))+IFERROR(VLOOKUP((COUNT(AL$6:AL$115)/4),$ER$8:$ES$12,2,FALSE()),0),"") | DH40: =IFERROR(AVERAGE(OFFSET('Data - For Rank'!$I$2,AS40,0,COUNTIF(AS$7:AS$115,AS40)))+IFERROR(VLOOKUP((COUNT(AQ$6:AQ$115)/4),$ER$8:$ES$12,2,FALSE()),0),"") | DJ40: =IFERROR(AVERAGE(OFFSET('Data - For Rank'!$J$2,AX40,0,COUNTIF(AX$7:AX$115,AX40)))+IFERROR(VLOOKUP((COUNT(AV$6:AV$115)/4),$ER$8:$ES$12,2,FALSE()),0),"") | DL40: =IFERROR(AVERAGE(OFFSET('Data - For Rank'!$K$2,BC40,0,COUNTIF(BC$7:BC$115,BC40)))+IFERROR(VLOOKUP((COUNT(BA$6:BA$115)/4),$ER$8:$ES$12,2,FALSE()),0),"") | DN40: =IFERROR(AVERAGE(OFFSET('Data - For Rank'!$L$2,BH40,0,COUNTIF(BH$7:BH$115,BH40)))+IFERROR(VLOOKUP((COUNT(BF$6:BF$115)/4),$ER$8:$ES$12,2,FALSE()),0),"") | DP40: =IFERROR(AVERAGE(OFFSET('Data - For Rank'!$M$2,BM40,0,COUNTIF(BM$7:BM$115,BM40)))+IFERROR(VLOOKUP((COUNT(BK$6:BK$115)/4),$ER$8:$ES$12,2,FALSE()),0),"") | DR40: =IFERROR(AVERAGE(OFFSET('Data - For Rank'!$N$2,BR40,0,COUNTIF(BR$7:BR$115,BR40)))+IFERROR(VLOOKUP((COUNT(BP$6:BP$115)/4),$ER$8:$ES$12,2,FALSE()),0),"") | DT40: =IFERROR(AVERAGE(OFFSET('Data - For Rank'!$O$2,BW40,0,COUNTIF(BW$7:BW$115,BW40)))+IFERROR(VLOOKUP((COUNT(BU$6:BU$115)/4),$ER$8:$ES$12,2,FALSE()),0),"") | DV40: =IFERROR(AVERAGE(OFFSET('Data - For Rank'!$P$2,CB40,0,COUNTIF(CB$7:CB$115,CB40)))+IFERROR(VLOOKUP((COUNT(BZ$6:BZ$115)/4),$ER$8:$ES$12,2,FALSE()),0),"") | DX40: =IFERROR(AVERAGE(OFFSET('Data - For Rank'!$Q$2,CG40,0,COUNTIF(CG$7:CG$115,CG40)))+IFERROR(VLOOKUP((COUNT(CE$6:CE$115)/4),$ER$8:$ES$12,2,FALSE()),0),"") | DZ40: =IFERROR(AVERAGE(OFFSET('Data - For Rank'!$R$2,CL40,0,COUNTIF(CL$7:CL$115,CL40)))+IFERROR(VLOOKUP((COUNT(CJ$6:CJ$115)/4),$ER$8:$ES$12,2,FALSE()),0),"") | EB40: =IFERROR(AVERAGE(OFFSET('Data - For Rank'!$S$2,CQ40,0,COUNTIF(CQ$7:CQ$115,CQ40)))+IFERROR(VLOOKUP((COUNT(CO$6:CO$115)/4),$ER$8:$ES$12,2,FALSE()),0),"") | EC40: =AVERAGE(CS40,CU40,CW40,CY40,DA40,DC40,DE40,DG40,DI40,DK40,DM40,DO40,DQ40,DS40,DU40,DW40,DY40,EA40) -> 28.333333 | ED40: =AVERAGE(CT40,CV40,CX40,CZ40,DB40,DD40,DF40,DH40,DJ40,DL40,DN40,DP40,DR40,DT40,DV40,DX40,DZ40,EB40) -> 8.1666667
B41: =B39+0.0213 -> 12.0213 | D41: JS2 | E41: cash +/- | F41: =IF(COUNT(CT39:EB39)>10,SMALL(G39:CN39,COUNT(G39:CN39)-10),MIN(CT39:EB39)) -> 10.5 | I41: =IF(CS41=0,"",CS41) -> -27 | K41: =IFERROR(_xlfn.RANK.EQ(I41,I$6:I$115,0),"") -> 16 | N41: =IF(CU41=0,"",CU41) | P41: =IFERROR(_xlfn.RANK.EQ(N41,N$6:N$115,0),"") | S41: =IF(CW41=0,"",CW41) -> -9 | U41: =IFERROR(_xlfn.RANK.EQ(S41,S$6:S$115,0),"") -> 8 | X41: =IF(CY41=0,"",CY41) | Z41: =IFERROR(_xlfn.RANK.EQ(X41,X$6:X$115,0),"") | AC41: =IF(DA41=0,"",DA41) -> 18 | AE41: =IFERROR(_xlfn.RANK.EQ(AC41,AC$6:AC$115,0),"") -> 5 | AH41: =IF(DC41=0,"",DC41) | AJ41: =IFERROR(_xlfn.RANK.EQ(AH41,AH$6:AH$115,0),"") | AM41: =IF(DE41=0,"",DE41) | AO41: =IFERROR(_xlfn.RANK.EQ(AM41,AM$6:AM$115,0),"") | AR41: =IF(DG41=0,"",DG41) | AT41: =IFERROR(_xlfn.RANK.EQ(AR41,AR$6:AR$115,0),"") | AW41: =IF(DI41=0,"",DI41) | AY41: =IFERROR(_xlfn.RANK.EQ(AW41,AW$6:AW$115,0),"") | BB41: =IF(DK41=0,"",DK41) | BD41: =IFERROR(_xlfn.RANK.EQ(BB41,BB$6:BB$115,0),"") | BG41: =IF(DM41=0,"",DM41) | BI41: =IFERROR(_xlfn.RANK.EQ(BG41,BG$6:BG$115,0),"") | BL41: =IF(DO41=0,"",DO41) | BN41: =IFERROR(_xlfn.RANK.EQ(BL41,BL$6:BL$115,0),"") | BQ41: =IF(DQ41=0,"",DQ41) | BS41: =IFERROR(_xlfn.RANK.EQ(BQ41,BQ$6:BQ$115,0),"") | BV41: =IF(DS41=0,"",DS41) | BX41: =IFERROR(_xlfn.RANK.EQ(BV41,BV$6:BV$115,0),"") | CA41: =IF(DU41=0,"",DU41) | CC41: =IFERROR(_xlfn.RANK.EQ(CA41,CA$6:CA$115,0),"") | CF41: =IF(DW41=0,"",DW41) | CH41: =IFERROR(_xlfn.RANK.EQ(CF41,CF$6:CF$115,0),"") | CK41: =IF(DY41=0,"",DY41) | CM41: =IFERROR(_xlfn.RANK.EQ(CK41,CK$6:CK$115,0),"") | CP41: =IF(EA41=0,"",EA41) | CR41: =IFERROR(_xlfn.RANK.EQ(CP41,CP$6:CP$115,0),"") | CS41: -27 | CT41: =IFERROR(AVERAGE(OFFSET('Data - For Rank'!B$2,K41,0,COUNTIF(K$6:K$115,K41)))+IFERROR(VLOOKUP((COUNT($I$6:$I$115)/4),$ER$8:$ES$12,2,FALSE()),0),"") -> 3 | CV41: =IFERROR(AVERAGE(OFFSET('Data - For Rank'!$C$2,P41,0,COUNTIF(P$6:P$115,P41)))+IFERROR(VLOOKUP((COUNT(N$6:N$115)/4),$ER$8:$ES$12,2,FALSE()),0),"") | CW41: -9 | CX41: =IFERROR(AVERAGE(OFFSET('Data - For Rank'!D$2,U41,0,COUNTIF(U$6:$U148,U41)))+IFERROR(VLOOKUP((COUNT(S$6:S$115)/4),$ER$8:$ES$12,2,FALSE()),0),"") -> 8.5 | CZ41: =IFERROR(AVERAGE(OFFSET('Data - For Rank'!E$2,Z41,0,COUNTIF(Z$6:Z$115,Z41)))+IFERROR(VLOOKUP((COUNT(W$6:W$115)/4),$ER$8:$ES$12,2,FALSE()),0),"") | DA41: 18 | DB41: =IFERROR(AVERAGE(OFFSET('Data - For Rank'!F$2,AE41,0,COUNTIF(AE$6:AE$115,AE41)))+IFERROR(VLOOKUP((COUNT(AC$6:AC$115)/4),$ER$8:$ES$12,2,FALSE()),0),"") -> 14 | DD41: =IFERROR(AVERAGE(OFFSET('Data - For Rank'!G$2,AJ41,0,COUNTIF(AJ$6:AJ$115,AJ41)))+IFERROR(VLOOKUP((COUNT(AH$6:AH$115)/4),$ER$8:$ES$12,2,FALSE()),0),"") | DF41: =IFERROR(AVERAGE(OFFSET('Data - For Rank'!$H$2,AO41,0,COUNTIF(AO$6:AO$115,AO41)))+IFERROR(VLOOKUP((COUNT(AM$6:AM$115)/4),$ER$8:$ES$12,2,FALSE()),0),"") | DH41: =IFERROR(AVERAGE(OFFSET('Data - For Rank'!$I$2,AT41,0,COUNTIF(AT$6:AT$115,AT41)))+IFERROR(VLOOKUP((COUNT(AR$6:AR$115)/4),$ER$8:$ES$12,2,FALSE()),0),"") | DJ41: =IFERROR(AVERAGE(OFFSET('Data - For Rank'!$J$2,AY41,0,COUNTIF(AY$6:AY$115,AY41)))+IFERROR(VLOOKUP((COUNT(AW$6:AW$115)/4),$ER$8:$ES$12,2,FALSE()),0),"") | DL41: =IFERROR(AVERAGE(OFFSET('Data - For Rank'!$K$2,BD41,0,COUNTIF(BD$6:BD$115,BD41)))+IFERROR(VLOOKUP((COUNT(BB$6:BB$115)/4),$ER$8:$ES$12,2,FALSE()),0),"") | DN41: =IFERROR(AVERAGE(OFFSET('Data - For Rank'!$L$2,BI41,0,COUNTIF(BI$6:BI$115,BI41)))+IFERROR(VLOOKUP((COUNT(BG$6:BG$115)/4),$ER$8:$ES$12,2,FALSE()),0),"") | DP41: =IFERROR(AVERAGE(OFFSET('Data - For Rank'!$M$2,BN41,0,COUNTIF(BN$6:BN$115,BN41)))+IFERROR(VLOOKUP((COUNT(BL$6:BL$115)/4),$ER$8:$ES$12,2,FALSE()),0),"") | DR41: =IFERROR(AVERAGE(OFFSET('Data - For Rank'!$N$2,BS41,0,COUNTIF(BS$6:BS$115,BS41)))+IFERROR(VLOOKUP((COUNT(BQ$6:BQ$115)/4),$ER$8:$ES$12,2,FALSE()),0),"") | DT41: =IFERROR(AVERAGE(OFFSET('Data - For Rank'!$O$2,BX41,0,COUNTIF(BX$6:BX$115,BX41)))+IFERROR(VLOOKUP((COUNT(BV$6:BV$115)/4),$ER$8:$ES$12,2,FALSE()),0),"") | DV41: =IFERROR(AVERAGE(OFFSET('Data - For Rank'!$P$2,CC41,0,COUNTIF(CC$6:CC$115,CC41)))+IFERROR(VLOOKUP((COUNT(CA$6:CA$115)/4),$ER$8:$ES$12,2,FALSE()),0),"") | DX41: =IFERROR(AVERAGE(OFFSET('Data - For Rank'!$Q$2,CH41,0,COUNTIF(CH$6:CH$115,CH41)))+IFERROR(VLOOKUP((COUNT(CF$6:CF$115)/4),$ER$8:$ES$12,2,FALSE()),0),"") | DZ41: =IFERROR(AVERAGE(OFFSET('Data - For Rank'!$R$2,CM41,0,COUNTIF(CM$6:CM$115,CM41)))+IFERROR(VLOOKUP((COUNT(CK$6:CK$115)/4),$ER$8:$ES$12,2,FALSE()),0),"") | EB41: =IFERROR(AVERAGE(OFFSET('Data - For Rank'!$S$2,CR41,0,COUNTIF(CR$6:CR$115,CR41)))+IFERROR(VLOOKUP((COUNT(CP$6:CP$115)/4),$ER$8:$ES$12,2,FALSE()),0),"") | EC41: =CS41+CU41+CW41+CY41+DA41+DC41+DE41+DG41+DI41+DK41+DM41+DO41+DQ41+DS41+DU41+DW41+DY41+EA41 -> -18 | ED41: =AVERAGE(CT41,CV41,CX41,CZ41,DB41,DD41,DF41,DH41,DJ41,DL41,DN41,DP41,DR41,DT41,DV41,DX41,DZ41,EB41) -> 8.5
B42: =_xlfn.RANK.EQ(C42,$C$6:$C$63,) -> 13 | C42: =EC42 -> 43.5 | D42: CK | E42: Chris Keaton | F42: =COUNT(CT42,CV42,CX42,CZ42,DB42,DD42,DF42,DH42,DJ42,DL42,DN42,DP42,DR42,DT42,DV42,DX42,DZ42,EB42) -> 3 | G42: =IF(CT42=0,"",CT42) -> 17 | L42: =IF(CV42=0,"",CV42) | Q42: =IF(CX42=0,"",CX42) -> 17.5 | V42: =IF(CZ42=0,"",CZ42) | AA42: =IF(DB42=0,"",DB42) -> 9 | AF42: =IF(DD42=0,"",DD42) | AK42: =IF(DF42=0,"",DF42) | AP42: =IF(DH42=0,"",DH42) | AU42: =IF(DJ42=0,"",DJ42) | AZ42: =IF(DL42=0,"",DL42) | BE42: =IF(DN42=0,"",DN42) | BJ42: =IF(DP42=0,"",DP42) | BO42: =IF(DR42=0,"",DR42) | BT42: =IF(DT42=0,"",DT42) | BY42: =IF(DV42=0,"",DV42) | CD42: =IF(DX42=0,"",DX42) | CI42: =IF(DZ42=0,"",DZ42) | CN42: =IF(EB42=0,"",EB42) | CS42: 99 | CT42: =IFERROR(CT43+CT44,"") -> 17 | CV42: =IFERROR(CV43+CV44,"") | CW42: 103 | CX42: =IFERROR(CX43+CX44,"") -> 17.5 | CZ42: =IFERROR(CZ43+CZ44,"") | DA42: 107 | DB42: =IFERROR(DB43+DB44,"") -> 9 | DD42: =IFERROR(DD43+DD44,"") | DF42: =IFERROR(DF43+DF44,"") | DH42: =IFERROR(DH43+DH44,"") | DJ42: =IFERROR(DJ43+DJ44,"") | DL42: =IFERROR(DL43+DL44,"") | DN42: =IFERROR(DN43+DN44,"") | DP42: =IFERROR(DP43+DP44,"") | DR42: =IFERROR(DR43+DR44,"") | DT42: =IFERROR(DT43+DT44,"") | DV42: =IFERROR(DV43+DV44,"") | DX42: =IFERROR(DX43+DX44,"") | DZ42: =IFERROR(DZ43+DZ44,"") | EB42: =IFERROR(EB43+EB44,"") | EC42: =IFERROR(LARGE($G42:$CN42,1),0)+IFERROR(LARGE($G42:$CN42,2),0)+IFERROR(LARGE($G42:$CN42,3),0)+IFERROR(LARGE($G42:$CN42,4),0)+IFERROR(LARGE($G42:$CN42,5),0)+IFERROR(LARGE($G42:$CN42,6),0)+IFERROR(LARGE($G42:$CN42,7),0)+IFERROR(LARGE($G42:$CN42,8),0)+IFERROR(LARGE($G42:$CN42,9),0)+IFERROR(LARGE($G42:$CN42,10),0) -> 43.5 | ED42: =AVERAGE(CT42,CV42,CX42,CZ42,DB42,DD42,DF42,DH42,DJ42,DL42,DN42,DP42,DR42,DT42,DV42,DX42,DZ42,EB42) -> 14.5
B43: =B42+0.114 -> 13.114 | D43: CK1 | E43: Harvey Points | H43: =IF(CS43=0,"",CS43) -> 30 | J43: =IFERROR(RANK(H43,H$6:H$115,0),"") -> 11 | M43: =IF(CU43=0,"",CU43) | O43: =IFERROR(RANK(M43,M$6:M$115,0),"") | R43: =IF(CW43=0,"",CW43) -> 27 | T43: =IFERROR(RANK(R43,R$6:R$115,0),"") -> 8 | W43: =IF(CY43=0,"",CY43) | Y43: =IFERROR(RANK(W43,W$6:W$115,0),"") | AB43: =IF(DA43=0,"",DA43) -> 21 | AD43: =IFERROR(RANK(AB43,AB$6:AB$115,0),"") -> 14 | AG43: =IF(DC43=0,"",DC43) | AI43: =IFERROR(RANK(AG43,AG$6:AG$115,0),"") | AL43: =IF(DE43=0,"",DE43) | AN43: =IFERROR(RANK(AL43,AL$6:AL$115,0),"") | AQ43: =IF(DG43=0,"",DG43) | AS43: =IFERROR(RANK(AQ43,AQ$6:AQ$115,0),"") | AV43: =IF(DI43=0,"",DI43) | AX43: =IFERROR(RANK(AV43,AV$6:AV$115,0),"") | BA43: =IF(DK43=0,"",DK43) | BC43: =IFERROR(RANK(BA43,BA$6:BA$115,0),"") | BF43: =IF(DM43=0,"",DM43) | BH43: =IFERROR(RANK(BF43,BF$6:BF$115,0),"") | BK43: =IF(DO43=0,"",DO43) | BM43: =IFERROR(RANK(BK43,BK$6:BK$115,0),"") | BP43: =IF(DQ43=0,"",DQ43) | BR43: =IFERROR(RANK(BP43,BP$6:BP$115,0),"") | BU43: =IF(DS43=0,"",DS43) | BW43: =IFERROR(RANK(BU43,BU$6:BU$115,0),"") | BZ43: =IF(DU43=0,"",DU43) | CB43: =IFERROR(RANK(BZ43,BZ$6:BZ$115,0),"") | CE43: =IF(DW43=0,"",DW43) | CG43: =IFERROR(RANK(CE43,CE$6:CE$115,0),"") | CJ43: =IF(DY43=0,"",DY43) | CL43: =IFERROR(RANK(CJ43,CJ$6:CJ$115,0),"") | CO43: =IF(EA43=0,"",EA43) | CQ43: =IFERROR(RANK(CO43,CO$6:CO$115,0),"") | CS43: 30 | CT43: =IFERROR(AVERAGE(OFFSET('Data - For Rank'!B$2,J43,0,COUNTIF($J$7:J$115,J43)))+IFERROR(VLOOKUP((COUNT($H$6:$H$115)/4),$ER$8:$ES$12,2,FALSE()),0),"") -> 7.5 | CV43: =IFERROR(AVERAGE(OFFSET('Data - For Rank'!$C$2,O43,0,COUNTIF(O$7:O$115,O43)))+IFERROR(VLOOKUP((COUNT(M$6:M$115)/4),$ER$8:$ES$12,2,FALSE()),0),"") | CW43: 27 | CX43: =IFERROR(AVERAGE(OFFSET('Data - For Rank'!D$2,T43,0,COUNTIF(T$7:T$115,T43)))+IFERROR(VLOOKUP((COUNT(R$6:R$115)/4),$ER$8:$ES$12,2,FALSE()),0),"") -> 9 | CZ43: =IFERROR(AVERAGE(OFFSET('Data - For Rank'!E$2,Y43,0,COUNTIF(Y$7:Y$115,Y43)))+IFERROR(VLOOKUP((COUNT(W$6:W$115)/4),$ER$8:$ES$12,2,FALSE()),0),"") | DA43: 21 | DB43: =IFERROR(AVERAGE(OFFSET('Data - For Rank'!F$2,AD43,0,COUNTIF(AD$7:AD$115,AD43)))+IFERROR(VLOOKUP((COUNT(AB$6:AB$115)/4),$ER$8:$ES$12,2,FALSE()),0),"") -> 5 | DD43: =IFERROR(AVERAGE(OFFSET('Data - For Rank'!G$2,AI43,0,COUNTIF(AI$7:AI$115,AI43)))+IFERROR(VLOOKUP((COUNT(AG$6:AG$115)/4),$ER$8:$ES$12,2,FALSE()),0),"") | DF43: =IFERROR(AVERAGE(OFFSET('Data - For Rank'!$H$2,AN43,0,COUNTIF(AN$7:AN$115,AN43)))+IFERROR(VLOOKUP((COUNT(AL$6:AL$115)/4),$ER$8:$ES$12,2,FALSE()),0),"") | DH43: =IFERROR(AVERAGE(OFFSET('Data - For Rank'!$I$2,AS43,0,COUNTIF(AS$7:AS$115,AS43)))+IFERROR(VLOOKUP((COUNT(AQ$6:AQ$115)/4),$ER$8:$ES$12,2,FALSE()),0),"") | DJ43: =IFERROR(AVERAGE(OFFSET('Data - For Rank'!$J$2,AX43,0,COUNTIF(AX$7:AX$115,AX43)))+IFERROR(VLOOKUP((COUNT(AV$6:AV$115)/4),$ER$8:$ES$12,2,FALSE()),0),"") | DL43: =IFERROR(AVERAGE(OFFSET('Data - For Rank'!$K$2,BC43,0,COUNTIF(BC$7:BC$115,BC43)))+IFERROR(VLOOKUP((COUNT(BA$6:BA$115)/4),$ER$8:$ES$12,2,FALSE()),0),"") | DN43: =IFERROR(AVERAGE(OFFSET('Data - For Rank'!$L$2,BH43,0,COUNTIF(BH$7:BH$115,BH43)))+IFERROR(VLOOKUP((COUNT(BF$6:BF$115)/4),$ER$8:$ES$12,2,FALSE()),0),"") | DP43: =IFERROR(AVERAGE(OFFSET('Data - For Rank'!$M$2,BM43,0,COUNTIF(BM$7:BM$115,BM43)))+IFERROR(VLOOKUP((COUNT(BK$6:BK$115)/4),$ER$8:$ES$12,2,FALSE()),0),"") | DR43: =IFERROR(AVERAGE(OFFSET('Data - For Rank'!$N$2,BR43,0,COUNTIF(BR$7:BR$115,BR43)))+IFERROR(VLOOKUP((COUNT(BP$6:BP$115)/4),$ER$8:$ES$12,2,FALSE()),0),"") | DT43: =IFERROR(AVERAGE(OFFSET('Data - For Rank'!$O$2,BW43,0,COUNTIF(BW$7:BW$115,BW43)))+IFERROR(VLOOKUP((COUNT(BU$6:BU$115)/4),$ER$8:$ES$12,2,FALSE()),0),"") | DV43: =IFERROR(AVERAGE(OFFSET('Data - For Rank'!$P$2,CB43,0,COUNTIF(CB$7:CB$115,CB43)))+IFERROR(VLOOKUP((COUNT(BZ$6:BZ$115)/4),$ER$8:$ES$12,2,FALSE()),0),"") | DX43: =IFERROR(AVERAGE(OFFSET('Data - For Rank'!$Q$2,CG43,0,COUNTIF(CG$7:CG$115,CG43)))+IFERROR(VLOOKUP((COUNT(CE$6:CE$115)/4),$ER$8:$ES$12,2,FALSE()),0),"") | DZ43: =IFERROR(AVERAGE(OFFSET('Data - For Rank'!$R$2,CL43,0,COUNTIF(CL$7:CL$115,CL43)))+IFERROR(VLOOKUP((COUNT(CJ$6:CJ$115)/4),$ER$8:$ES$12,2,FALSE()),0),"") | EB43: =IFERROR(AVERAGE(OFFSET('Data - For Rank'!$S$2,CQ43,0,COUNTIF(CQ$7:CQ$115,CQ43)))+IFERROR(VLOOKUP((COUNT(CO$6:CO$115)/4),$ER$8:$ES$12,2,FALSE()),0),"") | EC43: =AVERAGE(CS43,CU43,CW43,CY43,DA43,DC43,DE43,DG43,DI43,DK43,DM43,DO43,DQ43,DS43,DU43,DW43,DY43,EA43) -> 26 | ED43: =AVERAGE(CT43,CV43,CX43,CZ43,DB43,DD43,DF43,DH43,DJ43,DL43,DN43,DP43,DR43,DT43,DV43,DX43,DZ43,EB43) -> 7.1666667
B44: =B42+0.0214 -> 13.0214 | D44: CK2 | E44: cash +/- | F44: =IF(COUNT(CT42:EB42)>10,SMALL(G42:CN42,COUNT(G42:CN42)-10),MIN(CT42:EB42)) -> 9 | I44: =IF(CS44=0,"",CS44) -> -8 | K44: =IFERROR(_xlfn.RANK.EQ(I44,I$6:I$115,0),"") -> 9 | N44: =IF(CU44=0,"",CU44) | P44: =IFERROR(_xlfn.RANK.EQ(N44,N$6:N$115,0),"") | S44: =IF(CW44=0,"",CW44) -> -9 | U44: =IFERROR(_xlfn.RANK.EQ(S44,S$6:S$115,0),"") -> 8 | X44: =IF(CY44=0,"",CY44) | Z44: =IFERROR(_xlfn.RANK.EQ(X44,X$6:X$115,0),"") | AC44: =IF(DA44=0,"",DA44) -> -54 | AE44: =IFERROR(_xlfn.RANK.EQ(AC44,AC$6:AC$115,0),"") -> 15 | AH44: =IF(DC44=0,"",DC44) | AJ44: =IFERROR(_xlfn.RANK.EQ(AH44,AH$6:AH$115,0),"") | AM44: =IF(DE44=0,"",DE44) | AO44: =IFERROR(_xlfn.RANK.EQ(AM44,AM$6:AM$115,0),"") | AR44: =IF(DG44=0,"",DG44) | AT44: =IFERROR(_xlfn.RANK.EQ(AR44,AR$6:AR$115,0),"") | AW44: =IF(DI44=0,"",DI44) | AY44: =IFERROR(_xlfn.RANK.EQ(AW44,AW$6:AW$115,0),"") | BB44: =IF(DK44=0,"",DK44) | BD44: =IFERROR(_xlfn.RANK.EQ(BB44,BB$6:BB$115,0),"") | BG44: =IF(DM44=0,"",DM44) | BI44: =IFERROR(_xlfn.RANK.EQ(BG44,BG$6:BG$115,0),"") | BL44: =IF(DO44=0,"",DO44) | BN44: =IFERROR(_xlfn.RANK.EQ(BL44,BL$6:BL$115,0),"") | BQ44: =IF(DQ44=0,"",DQ44) | BS44: =IFERROR(_xlfn.RANK.EQ(BQ44,BQ$6:BQ$115,0),"") | BV44: =IF(DS44=0,"",DS44) | BX44: =IFERROR(_xlfn.RANK.EQ(BV44,BV$6:BV$115,0),"") | CA44: =IF(DU44=0,"",DU44) | CC44: =IFERROR(_xlfn.RANK.EQ(CA44,CA$6:CA$115,0),"") | CF44: =IF(DW44=0,"",DW44) | CH44: =IFERROR(_xlfn.RANK.EQ(CF44,CF$6:CF$115,0),"") | CK44: =IF(DY44=0,"",DY44) | CM44: =IFERROR(_xlfn.RANK.EQ(CK44,CK$6:CK$115,0),"") | CP44: =IF(EA44=0,"",EA44) | CR44: =IFERROR(_xlfn.RANK.EQ(CP44,CP$6:CP$115,0),"") | CS44: -8 | CT44: =IFERROR(AVERAGE(OFFSET('Data - For Rank'!B$2,K44,0,COUNTIF(K$6:K$115,K44)))+IFERROR(VLOOKUP((COUNT($I$6:$I$115)/4),$ER$8:$ES$12,2,FALSE()),0),"") -> 9.5 | CV44: =IFERROR(AVERAGE(OFFSET('Data - For Rank'!$C$2,P44,0,COUNTIF(P$6:P$115,P44)))+IFERROR(VLOOKUP((COUNT(N$6:N$115)/4),$ER$8:$ES$12,2,FALSE()),0),"") | CW44: -9 | CX44: =IFERROR(AVERAGE(OFFSET('Data - For Rank'!D$2,U44,0,COUNTIF(U$6:$U151,U44)))+IFERROR(VLOOKUP((COUNT(S$6:S$115)/4),$ER$8:$ES$12,2,FALSE()),0),"") -> 8.5 | CZ44: =IFERROR(AVERAGE(OFFSET('Data - For Rank'!E$2,Z44,0,COUNTIF(Z$6:Z$115,Z44)))+IFERROR(VLOOKUP((COUNT(W$6:W$115)/4),$ER$8:$ES$12,2,FALSE()),0),"") | DA44: -54 | DB44: =IFERROR(AVERAGE(OFFSET('Data - For Rank'!F$2,AE44,0,COUNTIF(AE$6:AE$115,AE44)))+IFERROR(VLOOKUP((COUNT(AC$6:AC$115)/4),$ER$8:$ES$12,2,FALSE()),0),"") -> 4 | DD44: =IFERROR(AVERAGE(OFFSET('Data - For Rank'!G$2,AJ44,0,COUNTIF(AJ$6:AJ$115,AJ44)))+IFERROR(VLOOKUP((COUNT(AH$6:AH$115)/4),$ER$8:$ES$12,2,FALSE()),0),"") | DF44: =IFERROR(AVERAGE(OFFSET('Data - For Rank'!$H$2,AO44,0,COUNTIF(AO$6:AO$115,AO44)))+IFERROR(VLOOKUP((COUNT(AM$6:AM$115)/4),$ER$8:$ES$12,2,FALSE()),0),"") | DH44: =IFERROR(AVERAGE(OFFSET('Data - For Rank'!$I$2,AT44,0,COUNTIF(AT$6:AT$115,AT44)))+IFERROR(VLOOKUP((COUNT(AR$6:AR$115)/4),$ER$8:$ES$12,2,FALSE()),0),"") | DJ44: =IFERROR(AVERAGE(OFFSET('Data - For Rank'!$J$2,AY44,0,COUNTIF(AY$6:AY$115,AY44)))+IFERROR(VLOOKUP((COUNT(AW$6:AW$115)/4),$ER$8:$ES$12,2,FALSE()),0),"") | DL44: =IFERROR(AVERAGE(OFFSET('Data - For Rank'!$K$2,BD44,0,COUNTIF(BD$6:BD$115,BD44)))+IFERROR(VLOOKUP((COUNT(BB$6:BB$115)/4),$ER$8:$ES$12,2,FALSE()),0),"") | DN44: =IFERROR(AVERAGE(OFFSET('Data - For Rank'!$L$2,BI44,0,COUNTIF(BI$6:BI$115,BI44)))+IFERROR(VLOOKUP((COUNT(BG$6:BG$115)/4),$ER$8:$ES$12,2,FALSE()),0),"") | DP44: =IFERROR(AVERAGE(OFFSET('Data - For Rank'!$M$2,BN44,0,COUNTIF(BN$6:BN$115,BN44)))+IFERROR(VLOOKUP((COUNT(BL$6:BL$115)/4),$ER$8:$ES$12,2,FALSE()),0),"") | DR44: =IFERROR(AVERAGE(OFFSET('Data - For Rank'!$N$2,BS44,0,COUNTIF(BS$6:BS$115,BS44)))+IFERROR(VLOOKUP((COUNT(BQ$6:BQ$115)/4),$ER$8:$ES$12,2,FALSE()),0),"") | DT44: =IFERROR(AVERAGE(OFFSET('Data - For Rank'!$O$2,BX44,0,COUNTIF(BX$6:BX$115,BX44)))+IFERROR(VLOOKUP((COUNT(BV$6:BV$115)/4),$ER$8:$ES$12,2,FALSE()),0),"") | DV44: =IFERROR(AVERAGE(OFFSET('Data - For Rank'!$P$2,CC44,0,COUNTIF(CC$6:CC$115,CC44)))+IFERROR(VLOOKUP((COUNT(CA$6:CA$115)/4),$ER$8:$ES$12,2,FALSE()),0),"") | DX44: =IFERROR(AVERAGE(OFFSET('Data - For Rank'!$Q$2,CH44,0,COUNTIF(CH$6:CH$115,CH44)))+IFERROR(VLOOKUP((COUNT(CF$6:CF$115)/4),$ER$8:$ES$12,2,FALSE()),0),"") | DZ44: =IFERROR(AVERAGE(OFFSET('Data - For Rank'!$R$2,CM44,0,COUNTIF(CM$6:CM$115,CM44)))+IFERROR(VLOOKUP((COUNT(CK$6:CK$115)/4),$ER$8:$ES$12,2,FALSE()),0),"") | EB44: =IFERROR(AVERAGE(OFFSET('Data - For Rank'!$S$2,CR44,0,COUNTIF(CR$6:CR$115,CR44)))+IFERROR(VLOOKUP((COUNT(CP$6:CP$115)/4),$ER$8:$ES$12,2,FALSE()),0),"") | EC44: =CS44+CU44+CW44+CY44+DA44+DC44+DE44+DG44+DI44+DK44+DM44+DO44+DQ44+DS44+DU44+DW44+DY44+EA44 -> -71 | ED44: =AVERAGE(CT44,CV44,CX44,CZ44,DB44,DD44,DF44,DH44,DJ44,DL44,DN44,DP44,DR44,DT44,DV44,DX44,DZ44,EB44) -> 7.3333333
B45: =_xlfn.RANK.EQ(C45,$C$6:$C$63,) -> 13 | C45: =EC45 -> 43.5 | D45: JP | E45: Jay Patterson | F45: =COUNT(CT45,CV45,CX45,CZ45,DB45,DD45,DF45,DH45,DJ45,DL45,DN45,DP45,DR45,DT45,DV45,DX45,DZ45,EB45) -> 3 | G45: =IF(CT45=0,"",CT45) -> 9.5 | L45: =IF(CV45=0,"",CV45) | Q45: =IF(CX45=0,"",CX45) | V45: =IF(CZ45=0,"",CZ45) -> 16.5 | AA45: =IF(DB45=0,"",DB45) -> 17.5 | AF45: =IF(DD45=0,"",DD45) | AK45: =IF(DF45=0,"",DF45) | AP45: =IF(DH45=0,"",DH45) | AU45: =IF(DJ45=0,"",DJ45) | AZ45: =IF(DL45=0,"",DL45) | BE45: =IF(DN45=0,"",DN45) | BJ45: =IF(DP45=0,"",DP45) | BO45: =IF(DR45=0,"",DR45) | BT45: =IF(DT45=0,"",DT45) | BY45: =IF(DV45=0,"",DV45) | CD45: =IF(DX45=0,"",DX45) | CI45: =IF(DZ45=0,"",DZ45) | CN45: =IF(EB45=0,"",EB45) | CS45: 87 | CT45: =IFERROR(CT46+CT47,"") -> 9.5 | CV45: =IFERROR(CV46+CV47,"") | CX45: =IFERROR(CX46+CX47,"") | CY45: 84 | CZ45: =IFERROR(CZ46+CZ47,"") -> 16.5 | DA45: 85 | DB45: =IFERROR(DB46+DB47,"") -> 17.5 | DD45: =IFERROR(DD46+DD47,"") | DF45: =IFERROR(DF46+DF47,"") | DH45: =IFERROR(DH46+DH47,"") | DJ45: =IFERROR(DJ46+DJ47,"") | DL45: =IFERROR(DL46+DL47,"") | DN45: =IFERROR(DN46+DN47,"") | DP45: =IFERROR(DP46+DP47,"") | DR45: =IFERROR(DR46+DR47,"") | DT45: =IFERROR(DT46+DT47,"") | DV45: =IFERROR(DV46+DV47,"") | DX45: =IFERROR(DX46+DX47,"") | DZ45: =IFERROR(DZ46+DZ47,"") | EB45: =IFERROR(EB46+EB47,"") | EC45: =IFERROR(LARGE($G45:$CN45,1),0)+IFERROR(LARGE($G45:$CN45,2),0)+IFERROR(LARGE($G45:$CN45,3),0)+IFERROR(LARGE($G45:$CN45,4),0)+IFERROR(LARGE($G45:$CN45,5),0)+IFERROR(LARGE($G45:$CN45,6),0)+IFERROR(LARGE($G45:$CN45,7),0)+IFERROR(LARGE($G45:$CN45,8),0)+IFERROR(LARGE($G45:$CN45,9),0)+IFERROR(LARGE($G45:$CN45,10),0) -> 43.5 | ED45: =AVERAGE(CT45,CV45,CX45,CZ45,DB45,DD45,DF45,DH45,DJ45,DL45,DN45,DP45,DR45,DT45,DV45,DX45,DZ45,EB45) -> 14.5
B46: =B45+0.115 -> 13.115 | D46: JP1 | E46: Harvey Points | H46: =IF(CS46=0,"",CS46) -> 28 | J46: =IFERROR(RANK(H46,H$6:H$115,0),"") -> 14 | M46: =IF(CU46=0,"",CU46) | O46: =IFERROR(RANK(M46,M$6:M$115,0),"") | R46: =IF(CW46=0,"",CW46) | T46: =IFERROR(RANK(R46,R$6:R$115,0),"") | W46: =IF(CY46=0,"",CY46) -> 28 | Y46: =IFERROR(RANK(W46,W$6:W$115,0),"") -> 6 | AB46: =IF(DA46=0,"",DA46) -> 30 | AD46: =IFERROR(RANK(AB46,AB$6:AB$115,0),"") -> 10 | AG46: =IF(DC46=0,"",DC46) | AI46: =IFERROR(RANK(AG46,AG$6:AG$115,0),"") | AL46: =IF(DE46=0,"",DE46) | AN46: =IFERROR(RANK(AL46,AL$6:AL$115,0),"") | AQ46: =IF(DG46=0,"",DG46) | AS46: =IFERROR(RANK(AQ46,AQ$6:AQ$115,0),"") | AV46: =IF(DI46=0,"",DI46) | AX46: =IFERROR(RANK(AV46,AV$6:AV$115,0),"") | BA46: =IF(DK46=0,"",DK46) | BC46: =IFERROR(RANK(BA46,BA$6:BA$115,0),"") | BF46: =IF(DM46=0,"",DM46) | BH46: =IFERROR(RANK(BF46,BF$6:BF$115,0),"") | BK46: =IF(DO46=0,"",DO46) | BM46: =IFERROR(RANK(BK46,BK$6:BK$115,0),"") | BP46: =IF(DQ46=0,"",DQ46) | BR46: =IFERROR(RANK(BP46,BP$6:BP$115,0),"") | BU46: =IF(DS46=0,"",DS46) | BW46: =IFERROR(RANK(BU46,BU$6:BU$115,0),"") | BZ46: =IF(DU46=0,"",DU46) | CB46: =IFERROR(RANK(BZ46,BZ$6:BZ$115,0),"") | CE46: =IF(DW46=0,"",DW46) | CG46: =IFERROR(RANK(CE46,CE$6:CE$115,0),"") | CJ46: =IF(DY46=0,"",DY46) | CL46: =IFERROR(RANK(CJ46,CJ$6:CJ$115,0),"") | CO46: =IF(EA46=0,"",EA46) | CQ46: =IFERROR(RANK(CO46,CO$6:CO$115,0),"") | CS46: 28 | CT46: =IFERROR(AVERAGE(OFFSET('Data - For Rank'!B$2,J46,0,COUNTIF($J$7:J$115,J46)))+IFERROR(VLOOKUP((COUNT($H$6:$H$115)/4),$ER$8:$ES$12,2,FALSE()),0),"") -> 4.5 | CV46: =IFERROR(AVERAGE(OFFSET('Data - For Rank'!$C$2,O46,0,COUNTIF(O$7:O$115,O46)))+IFERROR(VLOOKUP((COUNT(M$6:M$115)/4),$ER$8:$ES$12,2,FALSE()),0),"") | CX46: =IFERROR(AVERAGE(OFFSET('Data - For Rank'!D$2,T46,0,COUNTIF(T$7:T$115,T46)))+IFERROR(VLOOKUP((COUNT(R$6:R$115)/4),$ER$8:$ES$12,2,FALSE()),0),"") | CY46: 28 | CZ46: =IFERROR(AVERAGE(OFFSET('Data - For Rank'!E$2,Y46,0,COUNTIF(Y$7:Y$115,Y46)))+IFERROR(VLOOKUP((COUNT(W$6:W$115)/4),$ER$8:$ES$12,2,FALSE()),0),"") -> 8.5 | DA46: 30 | DB46: =IFERROR(AVERAGE(OFFSET('Data - For Rank'!F$2,AD46,0,COUNTIF(AD$7:AD$115,AD46)))+IFERROR(VLOOKUP((COUNT(AB$6:AB$115)/4),$ER$8:$ES$12,2,FALSE()),0),"") -> 8.5 | DD46: =IFERROR(AVERAGE(OFFSET('Data - For Rank'!G$2,AI46,0,COUNTIF(AI$7:AI$115,AI46)))+IFERROR(VLOOKUP((COUNT(AG$6:AG$115)/4),$ER$8:$ES$12,2,FALSE()),0),"") | DF46: =IFERROR(AVERAGE(OFFSET('Data - For Rank'!$H$2,AN46,0,COUNTIF(AN$7:AN$115,AN46)))+IFERROR(VLOOKUP((COUNT(AL$6:AL$115)/4),$ER$8:$ES$12,2,FALSE()),0),"") | DH46: =IFERROR(AVERAGE(OFFSET('Data - For Rank'!$I$2,AS46,0,COUNTIF(AS$7:AS$115,AS46)))+IFERROR(VLOOKUP((COUNT(AQ$6:AQ$115)/4),$ER$8:$ES$12,2,FALSE()),0),"") | DJ46: =IFERROR(AVERAGE(OFFSET('Data - For Rank'!$J$2,AX46,0,COUNTIF(AX$7:AX$115,AX46)))+IFERROR(VLOOKUP((COUNT(AV$6:AV$115)/4),$ER$8:$ES$12,2,FALSE()),0),"") | DL46: =IFERROR(AVERAGE(OFFSET('Data - For Rank'!$K$2,BC46,0,COUNTIF(BC$7:BC$115,BC46)))+IFERROR(VLOOKUP((COUNT(BA$6:BA$115)/4),$ER$8:$ES$12,2,FALSE()),0),"") | DN46: =IFERROR(AVERAGE(OFFSET('Data - For Rank'!$L$2,BH46,0,COUNTIF(BH$7:BH$115,BH46)))+IFERROR(VLOOKUP((COUNT(BF$6:BF$115)/4),$ER$8:$ES$12,2,FALSE()),0),"") | DP46: =IFERROR(AVERAGE(OFFSET('Data - For Rank'!$M$2,BM46,0,COUNTIF(BM$7:BM$115,BM46)))+IFERROR(VLOOKUP((COUNT(BK$6:BK$115)/4),$ER$8:$ES$12,2,FALSE()),0),"") | DR46: =IFERROR(AVERAGE(OFFSET('Data - For Rank'!$N$2,BR46,0,COUNTIF(BR$7:BR$115,BR46)))+IFERROR(VLOOKUP((COUNT(BP$6:BP$115)/4),$ER$8:$ES$12,2,FALSE()),0),"") | DT46: =IFERROR(AVERAGE(OFFSET('Data - For Rank'!$O$2,BW46,0,COUNTIF(BW$7:BW$115,BW46)))+IFERROR(VLOOKUP((COUNT(BU$6:BU$115)/4),$ER$8:$ES$12,2,FALSE()),0),"") | DV46: =IFERROR(AVERAGE(OFFSET('Data - For Rank'!$P$2,CB46,0,COUNTIF(CB$7:CB$115,CB46)))+IFERROR(VLOOKUP((COUNT(BZ$6:BZ$115)/4),$ER$8:$ES$12,2,FALSE()),0),"") | DX46: =IFERROR(AVERAGE(OFFSET('Data - For Rank'!$Q$2,CG46,0,COUNTIF(CG$7:CG$115,CG46)))+IFERROR(VLOOKUP((COUNT(CE$6:CE$115)/4),$ER$8:$ES$12,2,FALSE()),0),"") | DZ46: =IFERROR(AVERAGE(OFFSET('Data - For Rank'!$R$2,CL46,0,COUNTIF(CL$7:CL$115,CL46)))+IFERROR(VLOOKUP((COUNT(CJ$6:CJ$115)/4),$ER$8:$ES$12,2,FALSE()),0),"") | EB46: =IFERROR(AVERAGE(OFFSET('Data - For Rank'!$S$2,CQ46,0,COUNTIF(CQ$7:CQ$115,CQ46)))+IFERROR(VLOOKUP((COUNT(CO$6:CO$115)/4),$ER$8:$ES$12,2,FALSE()),0),"") | EC46: =AVERAGE(CS46,CU46,CW46,CY46,DA46,DC46,DE46,DG46,DI46,DK46,DM46,DO46,DQ46,DS46,DU46,DW46,DY46,EA46) -> 28.666667 | ED46: =AVERAGE(CT46,CV46,CX46,CZ46,DB46,DD46,DF46,DH46,DJ46,DL46,DN46,DP46,DR46,DT46,DV46,DX46,DZ46,EB46) -> 7.1666667
B47: =B45+0.0215 -> 13.0215 | D47: JP2 | E47: cash +/- | F47: =IF(COUNT(CT45:EB45)>10,SMALL(G45:CN45,COUNT(G45:CN45)-10),MIN(CT45:EB45)) -> 9.5 | I47: =IF(CS47=0,"",CS47) -> -12 | K47: =IFERROR(_xlfn.RANK.EQ(I47,I$6:I$115,0),"") -> 14 | N47: =IF(CU47=0,"",CU47) | P47: =IFERROR(_xlfn.RANK.EQ(N47,N$6:N$115,0),"") | S47: =IF(CW47=0,"",CW47) | U47: =IFERROR(_xlfn.RANK.EQ(S47,S$6:S$115,0),"") | X47: =IF(CY47=0,"",CY47) -> -17 | Z47: =IFERROR(_xlfn.RANK.EQ(X47,X$6:X$115,0),"") -> 7 | AC47: =IF(DA47=0,"",DA47) -> 4 | AE47: =IFERROR(_xlfn.RANK.EQ(AC47,AC$6:AC$115,0),"") -> 10 | AH47: =IF(DC47=0,"",DC47) | AJ47: =IFERROR(_xlfn.RANK.EQ(AH47,AH$6:AH$115,0),"") | AM47: =IF(DE47=0,"",DE47) | AO47: =IFERROR(_xlfn.RANK.EQ(AM47,AM$6:AM$115,0),"") | AR47: =IF(DG47=0,"",DG47) | AT47: =IFERROR(_xlfn.RANK.EQ(AR47,AR$6:AR$115,0),"") | AW47: =IF(DI47=0,"",DI47) | AY47: =IFERROR(_xlfn.RANK.EQ(AW47,AW$6:AW$115,0),"") | BB47: =IF(DK47=0,"",DK47) | BD47: =IFERROR(_xlfn.RANK.EQ(BB47,BB$6:BB$115,0),"") | BG47: =IF(DM47=0,"",DM47) | BI47: =IFERROR(_xlfn.RANK.EQ(BG47,BG$6:BG$115,0),"") | BL47: =IF(DO47=0,"",DO47) | BN47: =IFERROR(_xlfn.RANK.EQ(BL47,BL$6:BL$115,0),"") | BQ47: =IF(DQ47=0,"",DQ47) | BS47: =IFERROR(_xlfn.RANK.EQ(BQ47,BQ$6:BQ$115,0),"") | BV47: =IF(DS47=0,"",DS47) | BX47: =IFERROR(_xlfn.RANK.EQ(BV47,BV$6:BV$115,0),"") | CA47: =IF(DU47=0,"",DU47) | CC47: =IFERROR(_xlfn.RANK.EQ(CA47,CA$6:CA$115,0),"") | CF47: =IF(DW47=0,"",DW47) | CH47: =IFERROR(_xlfn.RANK.EQ(CF47,CF$6:CF$115,0),"") | CK47: =IF(DY47=0,"",DY47) | CM47: =IFERROR(_xlfn.RANK.EQ(CK47,CK$6:CK$115,0),"") | CP47: =IF(EA47=0,"",EA47) | CR47: =IFERROR(_xlfn.RANK.EQ(CP47,CP$6:CP$115,0),"") | CS47: -12 | CT47: =IFERROR(AVERAGE(OFFSET('Data - For Rank'!B$2,K47,0,COUNTIF(K$6:K$115,K47)))+IFERROR(VLOOKUP((COUNT($I$6:$I$115)/4),$ER$8:$ES$12,2,FALSE()),0),"") -> 5 | CV47: =IFERROR(AVERAGE(OFFSET('Data - For Rank'!$C$2,P47,0,COUNTIF(P$6:P$115,P47)))+IFERROR(VLOOKUP((COUNT(N$6:N$115)/4),$ER$8:$ES$12,2,FALSE()),0),"") | CX47: =IFERROR(AVERAGE(OFFSET('Data - For Rank'!D$2,U47,0,COUNTIF(U$6:$U154,U47)))+IFERROR(VLOOKUP((COUNT(S$6:S$115)/4),$ER$8:$ES$12,2,FALSE()),0),"") | CY47: -17 | CZ47: =IFERROR(AVERAGE(OFFSET('Data - For Rank'!E$2,Z47,0,COUNTIF(Z$6:Z$115,Z47)))+IFERROR(VLOOKUP((COUNT(W$6:W$115)/4),$ER$8:$ES$12,2,FALSE()),0),"") -> 8 | DA47: 4 | DB47: =IFERROR(AVERAGE(OFFSET('Data - For Rank'!F$2,AE47,0,COUNTIF(AE$6:AE$115,AE47)))+IFERROR(VLOOKUP((COUNT(AC$6:AC$115)/4),$ER$8:$ES$12,2,FALSE()),0),"") -> 9 | DD47: =IFERROR(AVERAGE(OFFSET('Data - For Rank'!G$2,AJ47,0,COUNTIF(AJ$6:AJ$115,AJ47)))+IFERROR(VLOOKUP((COUNT(AH$6:AH$115)/4),$ER$8:$ES$12,2,FALSE()),0),"") | DF47: =IFERROR(AVERAGE(OFFSET('Data - For Rank'!$H$2,AO47,0,COUNTIF(AO$6:AO$115,AO47)))+IFERROR(VLOOKUP((COUNT(AM$6:AM$115)/4),$ER$8:$ES$12,2,FALSE()),0),"") | DH47: =IFERROR(AVERAGE(OFFSET('Data - For Rank'!$I$2,AT47,0,COUNTIF(AT$6:AT$115,AT47)))+IFERROR(VLOOKUP((COUNT(AR$6:AR$115)/4),$ER$8:$ES$12,2,FALSE()),0),"") | DJ47: =IFERROR(AVERAGE(OFFSET('Data - For Rank'!$J$2,AY47,0,COUNTIF(AY$6:AY$115,AY47)))+IFERROR(VLOOKUP((COUNT(AW$6:AW$115)/4),$ER$8:$ES$12,2,FALSE()),0),"") | DL47: =IFERROR(AVERAGE(OFFSET('Data - For Rank'!$K$2,BD47,0,COUNTIF(BD$6:BD$115,BD47)))+IFERROR(VLOOKUP((COUNT(BB$6:BB$115)/4),$ER$8:$ES$12,2,FALSE()),0),"") | DN47: =IFERROR(AVERAGE(OFFSET('Data - For Rank'!$L$2,BI47,0,COUNTIF(BI$6:BI$115,BI47)))+IFERROR(VLOOKUP((COUNT(BG$6:BG$115)/4),$ER$8:$ES$12,2,FALSE()),0),"") | DP47: =IFERROR(AVERAGE(OFFSET('Data - For Rank'!$M$2,BN47,0,COUNTIF(BN$6:BN$115,BN47)))+IFERROR(VLOOKUP((COUNT(BL$6:BL$115)/4),$ER$8:$ES$12,2,FALSE()),0),"") | DR47: =IFERROR(AVERAGE(OFFSET('Data - For Rank'!$N$2,BS47,0,COUNTIF(BS$6:BS$115,BS47)))+IFERROR(VLOOKUP((COUNT(BQ$6:BQ$115)/4),$ER$8:$ES$12,2,FALSE()),0),"") | DT47: =IFERROR(AVERAGE(OFFSET('Data - For Rank'!$O$2,BX47,0,COUNTIF(BX$6:BX$115,BX47)))+IFERROR(VLOOKUP((COUNT(BV$6:BV$115)/4),$ER$8:$ES$12,2,FALSE()),0),"") | DV47: =IFERROR(AVERAGE(OFFSET('Data - For Rank'!$P$2,CC47,0,COUNTIF(CC$6:CC$115,CC47)))+IFERROR(VLOOKUP((COUNT(CA$6:CA$115)/4),$ER$8:$ES$12,2,FALSE()),0),"") | DX47: =IFERROR(AVERAGE(OFFSET('Data - For Rank'!$Q$2,CH47,0,COUNTIF(CH$6:CH$115,CH47)))+IFERROR(VLOOKUP((COUNT(CF$6:CF$115)/4),$ER$8:$ES$12,2,FALSE()),0),"") | DZ47: =IFERROR(AVERAGE(OFFSET('Data - For Rank'!$R$2,CM47,0,COUNTIF(CM$6:CM$115,CM47)))+IFERROR(VLOOKUP((COUNT(CK$6:CK$115)/4),$ER$8:$ES$12,2,FALSE()),0),"") | EB47: =IFERROR(AVERAGE(OFFSET('Data - For Rank'!$S$2,CR47,0,COUNTIF(CR$6:CR$115,CR47)))+IFERROR(VLOOKUP((COUNT(CP$6:CP$115)/4),$ER$8:$ES$12,2,FALSE()),0),"") | EC47: =CS47+CU47+CW47+CY47+DA47+DC47+DE47+DG47+DI47+DK47+DM47+DO47+DQ47+DS47+DU47+DW47+DY47+EA47 -> -25 | ED47: =AVERAGE(CT47,CV47,CX47,CZ47,DB47,DD47,DF47,DH47,DJ47,DL47,DN47,DP47,DR47,DT47,DV47,DX47,DZ47,EB47) -> 7.3333333
B48: =_xlfn.RANK.EQ(C48,$C$6:$C$63,) -> 15 | C48: =EC48 -> 34 | D48: AB | E48: Alan Beasley | F48: =COUNT(CT48,CV48,CX48,CZ48,DB48,DD48,DF48,DH48,DJ48,DL48,DN48,DP48,DR48,DT48,DV48,DX48,DZ48,EB48) -> 3 | G48: =IF(CT48=0,"",CT48) -> 9 | L48: =IF(CV48=0,"",CV48) | Q48: =IF(CX48=0,"",CX48) -> 11 | V48: =IF(CZ48=0,"",CZ48) | AA48: =IF(DB48=0,"",DB48) -> 14 | AF48: =IF(DD48=0,"",DD48) | AK48: =IF(DF48=0,"",DF48) | AP48: =IF(DH48=0,"",DH48) | AU48: =IF(DJ48=0,"",DJ48) | AZ48: =IF(DL48=0,"",DL48) | BE48: =IF(DN48=0,"",DN48) | BJ48: =IF(DP48=0,"",DP48) | BO48: =IF(DR48=0,"",DR48) | BT48: =IF(DT48=0,"",DT48) | BY48: =IF(DV48=0,"",DV48) | CD48: =IF(DX48=0,"",DX48) | CI48: =IF(DZ48=0,"",DZ48) | CN48: =IF(EB48=0,"",EB48) | CS48: 97 | CT48: =IFERROR(CT49+CT50,"") -> 9 | CV48: =IFERROR(CV49+CV50,"") | CW48: 125 | CX48: =IFERROR(CX49+CX50,"") -> 11 | CZ48: =IFERROR(CZ49+CZ50,"") | DA48: 107 | DB48: =IFERROR(DB49+DB50,"") -> 14 | DD48: =IFERROR(DD49+DD50,"") | DF48: =IFERROR(DF49+DF50,"") | DH48: =IFERROR(DH49+DH50,"") | DJ48: =IFERROR(DJ49+DJ50,"") | DL48: =IFERROR(DL49+DL50,"") | DN48: =IFERROR(DN49+DN50,"") | DP48: =IFERROR(DP49+DP50,"") | DR48: =IFERROR(DR49+DR50,"") | DT48: =IFERROR(DT49+DT50,"") | DV48: =IFERROR(DV49+DV50,"") | DX48: =IFERROR(DX49+DX50,"") | DZ48: =IFERROR(DZ49+DZ50,"") | EB48: =IFERROR(EB49+EB50,"") | EC48: =IFERROR(LARGE($G48:$CN48,1),0)+IFERROR(LARGE($G48:$CN48,2),0)+IFERROR(LARGE($G48:$CN48,3),0)+IFERROR(LARGE($G48:$CN48,4),0)+IFERROR(LARGE($G48:$CN48,5),0)+IFERROR(LARGE($G48:$CN48,6),0)+IFERROR(LARGE($G48:$CN48,7),0)+IFERROR(LARGE($G48:$CN48,8),0)+IFERROR(LARGE($G48:$CN48,9),0)+IFERROR(LARGE($G48:$CN48,10),0) -> 34 | ED48: =AVERAGE(CT48,CV48,CX48,CZ48,DB48,DD48,DF48,DH48,DJ48,DL48,DN48,DP48,DR48,DT48,DV48,DX48,DZ48,EB48) -> 11.333333
B49: =B48+0.116 -> 15.116 | D49: AB1 | E49: Harvey Points | H49: =IF(CS49=0,"",CS49) -> 26 | J49: =IFERROR(RANK(H49,H$6:H$115,0),"") -> 16 | M49: =IF(CU49=0,"",CU49) | O49: =IFERROR(RANK(M49,M$6:M$115,0),"") | R49: =IF(CW49=0,"",CW49) -> 8 | T49: =IFERROR(RANK(R49,R$6:R$115,0),"") -> 12 | W49: =IF(CY49=0,"",CY49) | Y49: =IFERROR(RANK(W49,W$6:W$115,0),"") | AB49: =IF(DA49=0,"",DA49) -> 19 | AD49: =IFERROR(RANK(AB49,AB$6:AB$115,0),"") -> 15 | AG49: =IF(DC49=0,"",DC49) | AI49: =IFERROR(RANK(AG49,AG$6:AG$115,0),"") | AL49: =IF(DE49=0,"",DE49) | AN49: =IFERROR(RANK(AL49,AL$6:AL$115,0),"") | AQ49: =IF(DG49=0,"",DG49) | AS49: =IFERROR(RANK(AQ49,AQ$6:AQ$115,0),"") | AV49: =IF(DI49=0,"",DI49) | AX49: =IFERROR(RANK(AV49,AV$6:AV$115,0),"") | BA49: =IF(DK49=0,"",DK49) | BC49: =IFERROR(RANK(BA49,BA$6:BA$115,0),"") | BF49: =IF(DM49=0,"",DM49) | BH49: =IFERROR(RANK(BF49,BF$6:BF$115,0),"") | BK49: =IF(DO49=0,"",DO49) | BM49: =IFERROR(RANK(BK49,BK$6:BK$115,0),"") | BP49: =IF(DQ49=0,"",DQ49) | BR49: =IFERROR(RANK(BP49,BP$6:BP$115,0),"") | BU49: =IF(DS49=0,"",DS49) | BW49: =IFERROR(RANK(BU49,BU$6:BU$115,0),"") | BZ49: =IF(DU49=0,"",DU49) | CB49: =IFERROR(RANK(BZ49,BZ$6:BZ$115,0),"") | CE49: =IF(DW49=0,"",DW49) | CG49: =IFERROR(RANK(CE49,CE$6:CE$115,0),"") | CJ49: =IF(DY49=0,"",DY49) | CL49: =IFERROR(RANK(CJ49,CJ$6:CJ$115,0),"") | CO49: =IF(EA49=0,"",EA49) | CQ49: =IFERROR(RANK(CO49,CO$6:CO$115,0),"") | CS49: 26 | CT49: =IFERROR(AVERAGE(OFFSET('Data - For Rank'!B$2,J49,0,COUNTIF($J$7:J$115,J49)))+IFERROR(VLOOKUP((COUNT($H$6:$H$115)/4),$ER$8:$ES$12,2,FALSE()),0),"") -> 3 | CV49: =IFERROR(AVERAGE(OFFSET('Data - For Rank'!$C$2,O49,0,COUNTIF(O$7:O$115,O49)))+IFERROR(VLOOKUP((COUNT(M$6:M$115)/4),$ER$8:$ES$12,2,FALSE()),0),"") | CW49: 8 | CX49: =IFERROR(AVERAGE(OFFSET('Data - For Rank'!D$2,T49,0,COUNTIF(T$7:T$115,T49)))+IFERROR(VLOOKUP((COUNT(R$6:R$115)/4),$ER$8:$ES$12,2,FALSE()),0),"") -> 5 | CZ49: =IFERROR(AVERAGE(OFFSET('Data - For Rank'!E$2,Y49,0,COUNTIF(Y$7:Y$115,Y49)))+IFERROR(VLOOKUP((COUNT(W$6:W$115)/4),$ER$8:$ES$12,2,FALSE()),0),"") | DA49: 19 | DB49: =IFERROR(AVERAGE(OFFSET('Data - For Rank'!F$2,AD49,0,COUNTIF(AD$7:AD$115,AD49)))+IFERROR(VLOOKUP((COUNT(AB$6:AB$115)/4),$ER$8:$ES$12,2,FALSE()),0),"") -> 4 | DD49: =IFERROR(AVERAGE(OFFSET('Data - For Rank'!G$2,AI49,0,COUNTIF(AI$7:AI$115,AI49)))+IFERROR(VLOOKUP((COUNT(AG$6:AG$115)/4),$ER$8:$ES$12,2,FALSE()),0),"") | DF49: =IFERROR(AVERAGE(OFFSET('Data - For Rank'!$H$2,AN49,0,COUNTIF(AN$7:AN$115,AN49)))+IFERROR(VLOOKUP((COUNT(AL$6:AL$115)/4),$ER$8:$ES$12,2,FALSE()),0),"") | DH49: =IFERROR(AVERAGE(OFFSET('Data - For Rank'!$I$2,AS49,0,COUNTIF(AS$7:AS$115,AS49)))+IFERROR(VLOOKUP((COUNT(AQ$6:AQ$115)/4),$ER$8:$ES$12,2,FALSE()),0),"") | DJ49: =IFERROR(AVERAGE(OFFSET('Data - For Rank'!$J$2,AX49,0,COUNTIF(AX$7:AX$115,AX49)))+IFERROR(VLOOKUP((COUNT(AV$6:AV$115)/4),$ER$8:$ES$12,2,FALSE()),0),"") | DL49: =IFERROR(AVERAGE(OFFSET('Data - For Rank'!$K$2,BC49,0,COUNTIF(BC$7:BC$115,BC49)))+IFERROR(VLOOKUP((COUNT(BA$6:BA$115)/4),$ER$8:$ES$12,2,FALSE()),0),"") | DN49: =IFERROR(AVERAGE(OFFSET('Data - For Rank'!$L$2,BH49,0,COUNTIF(BH$7:BH$115,BH49)))+IFERROR(VLOOKUP((COUNT(BF$6:BF$115)/4),$ER$8:$ES$12,2,FALSE()),0),"") | DP49: =IFERROR(AVERAGE(OFFSET('Data - For Rank'!$M$2,BM49,0,COUNTIF(BM$7:BM$115,BM49)))+IFERROR(VLOOKUP((COUNT(BK$6:BK$115)/4),$ER$8:$ES$12,2,FALSE()),0),"") | DR49: =IFERROR(AVERAGE(OFFSET('Data - For Rank'!$N$2,BR49,0,COUNTIF(BR$7:BR$115,BR49)))+IFERROR(VLOOKUP((COUNT(BP$6:BP$115)/4),$ER$8:$ES$12,2,FALSE()),0),"") | DT49: =IFERROR(AVERAGE(OFFSET('Data - For Rank'!$O$2,BW49,0,COUNTIF(BW$7:BW$115,BW49)))+IFERROR(VLOOKUP((COUNT(BU$6:BU$115)/4),$ER$8:$ES$12,2,FALSE()),0),"") | DV49: =IFERROR(AVERAGE(OFFSET('Data - For Rank'!$P$2,CB49,0,COUNTIF(CB$7:CB$115,CB49)))+IFERROR(VLOOKUP((COUNT(BZ$6:BZ$115)/4),$ER$8:$ES$12,2,FALSE()),0),"") | DX49: =IFERROR(AVERAGE(OFFSET('Data - For Rank'!$Q$2,CG49,0,COUNTIF(CG$7:CG$115,CG49)))+IFERROR(VLOOKUP((COUNT(CE$6:CE$115)/4),$ER$8:$ES$12,2,FALSE()),0),"") | DZ49: =IFERROR(AVERAGE(OFFSET('Data - For Rank'!$R$2,CL49,0,COUNTIF(CL$7:CL$115,CL49)))+IFERROR(VLOOKUP((COUNT(CJ$6:CJ$115)/4),$ER$8:$ES$12,2,FALSE()),0),"") | EB49: =IFERROR(AVERAGE(OFFSET('Data - For Rank'!$S$2,CQ49,0,COUNTIF(CQ$7:CQ$115,CQ49)))+IFERROR(VLOOKUP((COUNT(CO$6:CO$115)/4),$ER$8:$ES$12,2,FALSE()),0),"") | EC49: =AVERAGE(CS49,CU49,CW49,CY49,DA49,DC49,DE49,DG49,DI49,DK49,DM49,DO49,DQ49,DS49,DU49,DW49,DY49,EA49) -> 17.666667 | ED49: =AVERAGE(CT49,CV49,CX49,CZ49,DB49,DD49,DF49,DH49,EF46,DL49,DN49,DP49,DR49,DT49,DV49,DX49,DZ49,EB49) -> 4
B50: =B48+0.0216 -> 15.0216 | D50: AB2 | E50: cash +/- | F50: =IF(COUNT(CT48:EB48)>10,SMALL(G48:CN48,COUNT(G48:CN48)-10),MIN(CT48:EB48)) -> 9 | I50: =IF(CS50=0,"",CS50) -> -11 | K50: =IFERROR(_xlfn.RANK.EQ(I50,I$6:I$115,0),"") -> 13 | N50: =IF(CU50=0,"",CU50) | P50: =IFERROR(_xlfn.RANK.EQ(N50,N$6:N$115,0),"") | S50: =IF(CW50=0,"",CW50) -> -15 | U50: =IFERROR(_xlfn.RANK.EQ(S50,S$6:S$115,0),"") -> 11 | X50: =IF(CY50=0,"",CY50) | Z50: =IFERROR(_xlfn.RANK.EQ(X50,X$6:X$115,0),"") | AC50: =IF(DA50=0,"",DA50) -> 6 | AE50: =IFERROR(_xlfn.RANK.EQ(AC50,AC$6:AC$115,0),"") -> 9 | AH50: =IF(DC50=0,"",DC50) | AJ50: =IFERROR(_xlfn.RANK.EQ(AH50,AH$6:AH$115,0),"") | AM50: =IF(DE50=0,"",DE50) | AO50: =IFERROR(_xlfn.RANK.EQ(AM50,AM$6:AM$115,0),"") | AR50: =IF(DG50=0,"",DG50) | AT50: =IFERROR(_xlfn.RANK.EQ(AR50,AR$6:AR$115,0),"") | AW50: =IF(DI50=0,"",DI50) | AY50: =IFERROR(_xlfn.RANK.EQ(AW50,AW$6:AW$115,0),"") | BB50: =IF(DK50=0,"",DK50) | BD50: =IFERROR(_xlfn.RANK.EQ(BB50,BB$6:BB$115,0),"") | BG50: =IF(DM50=0,"",DM50) | BI50: =IFERROR(_xlfn.RANK.EQ(BG50,BG$6:BG$115,0),"") | BL50: =IF(DO50=0,"",DO50) | BN50: =IFERROR(_xlfn.RANK.EQ(BL50,BL$6:BL$115,0),"") | BQ50: =IF(DQ50=0,"",DQ50) | BS50: =IFERROR(_xlfn.RANK.EQ(BQ50,BQ$6:BQ$115,0),"") | BV50: =IF(DS50=0,"",DS50) | BX50: =IFERROR(_xlfn.RANK.EQ(BV50,BV$6:BV$115,0),"") | CA50: =IF(DU50=0,"",DU50) | CC50: =IFERROR(_xlfn.RANK.EQ(CA50,CA$6:CA$115,0),"") | CF50: =IF(DW50=0,"",DW50) | CH50: =IFERROR(_xlfn.RANK.EQ(CF50,CF$6:CF$115,0),"") | CK50: =IF(DY50=0,"",DY50) | CM50: =IFERROR(_xlfn.RANK.EQ(CK50,CK$6:CK$115,0),"") | CP50: =IF(EA50=0,"",EA50) | CR50: =IFERROR(_xlfn.RANK.EQ(CP50,CP$6:CP$115,0),"") | CS50: -11 | CT50: =IFERROR(AVERAGE(OFFSET('Data - For Rank'!B$2,K50,0,COUNTIF(K$6:K$115,K50)))+IFERROR(VLOOKUP((COUNT($I$6:$I$115)/4),$ER$8:$ES$12,2,FALSE()),0),"") -> 6 | CV50: =IFERROR(AVERAGE(OFFSET('Data - For Rank'!$C$2,P50,0,COUNTIF(P$6:P$115,P50)))+IFERROR(VLOOKUP((COUNT(N$6:N$115)/4),$ER$8:$ES$12,2,FALSE()),0),"") | CW50: -15 | CX50: =IFERROR(AVERAGE(OFFSET('Data - For Rank'!D$2,U50,0,COUNTIF(U$6:$U157,U50)))+IFERROR(VLOOKUP((COUNT(S$6:S$115)/4),$ER$8:$ES$12,2,FALSE()),0),"") -> 6 | CZ50: =IFERROR(AVERAGE(OFFSET('Data - For Rank'!E$2,Z50,0,COUNTIF(Z$6:Z$115,Z50)))+IFERROR(VLOOKUP((COUNT(W$6:W$115)/4),$ER$8:$ES$12,2,FALSE()),0),"") | DA50: 6 | DB50: =IFERROR(AVERAGE(OFFSET('Data - For Rank'!F$2,AE50,0,COUNTIF(AE$6:AE$115,AE50)))+IFERROR(VLOOKUP((COUNT(AC$6:AC$115)/4),$ER$8:$ES$12,2,FALSE()),0),"") -> 10 | DD50: =IFERROR(AVERAGE(OFFSET('Data - For Rank'!G$2,AJ50,0,COUNTIF(AJ$6:AJ$115,AJ50)))+IFERROR(VLOOKUP((COUNT(AH$6:AH$115)/4),$ER$8:$ES$12,2,FALSE()),0),"") | DF50: =IFERROR(AVERAGE(OFFSET('Data - For Rank'!$H$2,AO50,0,COUNTIF(AO$6:AO$115,AO50)))+IFERROR(VLOOKUP((COUNT(AM$6:AM$115)/4),$ER$8:$ES$12,2,FALSE()),0),"") | DH50: =IFERROR(AVERAGE(OFFSET('Data - For Rank'!$I$2,AT50,0,COUNTIF(AT$6:AT$115,AT50)))+IFERROR(VLOOKUP((COUNT(AR$6:AR$115)/4),$ER$8:$ES$12,2,FALSE()),0),"") | DJ50: =IFERROR(AVERAGE(OFFSET('Data - For Rank'!$J$2,AY50,0,COUNTIF(AY$6:AY$115,AY50)))+IFERROR(VLOOKUP((COUNT(AW$6:AW$115)/4),$ER$8:$ES$12,2,FALSE()),0),"") | DL50: =IFERROR(AVERAGE(OFFSET('Data - For Rank'!$K$2,BD50,0,COUNTIF(BD$6:BD$115,BD50)))+IFERROR(VLOOKUP((COUNT(BB$6:BB$115)/4),$ER$8:$ES$12,2,FALSE()),0),"") | DN50: =IFERROR(AVERAGE(OFFSET('Data - For Rank'!$L$2,BI50,0,COUNTIF(BI$6:BI$115,BI50)))+IFERROR(VLOOKUP((COUNT(BG$6:BG$115)/4),$ER$8:$ES$12,2,FALSE()),0),"") | DP50: =IFERROR(AVERAGE(OFFSET('Data - For Rank'!$M$2,BN50,0,COUNTIF(BN$6:BN$115,BN50)))+IFERROR(VLOOKUP((COUNT(BL$6:BL$115)/4),$ER$8:$ES$12,2,FALSE()),0),"") | DR50: =IFERROR(AVERAGE(OFFSET('Data - For Rank'!$N$2,BS50,0,COUNTIF(BS$6:BS$115,BS50)))+IFERROR(VLOOKUP((COUNT(BQ$6:BQ$115)/4),$ER$8:$ES$12,2,FALSE()),0),"") | DT50: =IFERROR(AVERAGE(OFFSET('Data - For Rank'!$O$2,BX50,0,COUNTIF(BX$6:BX$115,BX50)))+IFERROR(VLOOKUP((COUNT(BV$6:BV$115)/4),$ER$8:$ES$12,2,FALSE()),0),"") | DV50: =IFERROR(AVERAGE(OFFSET('Data - For Rank'!$P$2,CC50,0,COUNTIF(CC$6:CC$115,CC50)))+IFERROR(VLOOKUP((COUNT(CA$6:CA$115)/4),$ER$8:$ES$12,2,FALSE()),0),"") | DX50: =IFERROR(AVERAGE(OFFSET('Data - For Rank'!$Q$2,CH50,0,COUNTIF(CH$6:CH$115,CH50)))+IFERROR(VLOOKUP((COUNT(CF$6:CF$115)/4),$ER$8:$ES$12,2,FALSE()),0),"") | DZ50: =IFERROR(AVERAGE(OFFSET('Data - For Rank'!$R$2,CM50,0,COUNTIF(CM$6:CM$115,CM50)))+IFERROR(VLOOKUP((COUNT(CK$6:CK$115)/4),$ER$8:$ES$12,2,FALSE()),0),"") | EB50: =IFERROR(AVERAGE(OFFSET('Data - For Rank'!$S$2,CR50,0,COUNTIF(CR$6:CR$115,CR50)))+IFERROR(VLOOKUP((COUNT(CP$6:CP$115)/4),$ER$8:$ES$12,2,FALSE()),0),"") | EC50: =CS50+CU50+CW50+CY50+DA50+DC50+DE50+DG50+DI50+DK50+DM50+DO50+DQ50+DS50+DU50+DW50+DY50+EA50 -> -20 | ED50: =AVERAGE(CT50,CV50,CX50,CZ50,DB50,DD50,DF50,DH50,DJ50,DL50,DN50,DP50,DR50,DT50,DV50,DX50,DZ50,EB50) -> 7.3333333
B51: =_xlfn.RANK.EQ(C51,$C$6:$C$63,) -> 16 | C51: =EC51 -> 33.5 | D51: AD | E51: A. Dawson | F51: =COUNT(CT51,CV51,CX51,CZ51,DB51,DD51,DF51,DH51,DJ51,DL51,DN51,DP51,DR51,DT51,DV51,DX51,DZ51,EB51) -> 2 | G51: =IF(CT51=0,"",CT51) -> 15.5 | L51: =IF(CV51=0,"",CV51) | Q51: =IF(CX51=0,"",CX51) -> 18 | V51: =IF(CZ51=0,"",CZ51) | AA51: =IF(DB51=0,"",DB51) | AF51: =IF(DD51=0,"",DD51) | AK51: =IF(DF51=0,"",DF51) | AP51: =IF(DH51=0,"",DH51) | AU51: =IF(DJ51=0,"",DJ51) | AZ51: =IF(DL51=0,"",DL51) | BE51: =IF(DN51=0,"",DN51) | BJ51: =IF(DP51=0,"",DP51) | BO51: =IF(DR51=0,"",DR51) | BT51: =IF(DT51=0,"",DT51) | BY51: =IF(DV51=0,"",DV51) | CD51: =IF(DX51=0,"",DX51) | CI51: =IF(DZ51=0,"",DZ51) | CN51: =IF(EB51=0,"",EB51) | CS51: 99 | CT51: =IFERROR(CT52+CT53,"") -> 15.5 | CV51: =IFERROR(CV52+CV53,"") | CW51: 103 | CX51: =IFERROR(CX52+CX53,"") -> 18 | CZ51: =IFERROR(CZ52+CZ53,"") | DB51: =IFERROR(DB52+DB53,"") | DD51: =IFERROR(DD52+DD53,"") | DF51: =IFERROR(DF52+DF53,"") | DH51: =IFERROR(DH52+DH53,"") | DJ51: =IFERROR(DJ52+DJ53,"") | DL51: =IFERROR(DL52+DL53,"") | DN51: =IFERROR(DN52+DN53,"") | DP51: =IFERROR(DP52+DP53,"") | DR51: =IFERROR(DR52+DR53,"") | DT51: =IFERROR(DT52+DT53,"") | DV51: =IFERROR(DV52+DV53,"") | DX51: =IFERROR(DX52+DX53,"") | DZ51: =IFERROR(DZ52+DZ53,"") | EB51: =IFERROR(EB52+EB53,"") | EC51: =IFERROR(LARGE($G51:$CN51,1),0)+IFERROR(LARGE($G51:$CN51,2),0)+IFERROR(LARGE($G51:$CN51,3),0)+IFERROR(LARGE($G51:$CN51,4),0)+IFERROR(LARGE($G51:$CN51,5),0)+IFERROR(LARGE($G51:$CN51,6),0)+IFERROR(LARGE($G51:$CN51,7),0)+IFERROR(LARGE($G51:$CN51,8),0)+IFERROR(LARGE($G51:$CN51,9),0)+IFERROR(LARGE($G51:$CN51,10),0) -> 33.5 | ED51: =AVERAGE(CT51,CV51,CX51,CZ51,DB51,DD51,DF51,DH51,DJ51,DL51,DN51,DP51,DR51,DT51,DV51,DX51,DZ51,EB51) -> 16.75
